data_index,用户名,评论日期,电脑配置,评论内容,有用数,重复购买情况,评分,内存,硬盘,屏幕大小
1,j***x,2025-11-19,16英寸酷睿版 标压酷睿2代Ultra 5|32G 1T,京东下单，第二天就送到了，拆开包装完好无损，全新原封，非常好。速度很快！手感和做工非常好，全金属机身，质感高级，各处的接缝、边角处理都很精细，比想象中的还要扎实。键盘手感也超棒，键程舒服回弹给力！妹妹喜欢。屏幕色彩鲜艳又细腻。电脑一直用联想，一直信赖联想。,31,否,5,32G,1T,16
2,h***2,2026-01-21,16英寸酷睿版 标压酷睿Ultra 5 135H |24G 1T,?这款笔记本真的超乎预期！?? 屏幕显示细腻，色彩饱满，看视频特别舒服 ??。键盘手感舒适，打字很顺手 ??。散热表现也很不错，长时间使用也没觉得烫 ??。整体体验非常流畅，值得推荐！??,2,该店铺购买≥2次,5,24G,1T,16
3,一***心,2026-01-24,16英寸酷睿版 标压酷睿Ultra 5 135H |24G 1T,运行速度：运行速度足够快，完全够用屏幕效果：清晰度非常好非常好散热性能：散热没问题，声音小外形外观：高端大气上档次轻薄程度：轻薄好用，重量轻,0,否,5,24G,1T,16
4,B***7,2026-01-24,16英寸酷睿版 标压酷睿Ultra 5 135H |24G 1T,这款笔记本电脑性能不错，运行流畅，日常办公和娱乐毫无压力。屏幕清晰，手感也很好，性价比超高，享受国补，外观大气上档次，非常满意。,1,该店铺购买≥2次,5,24G,1T,16
5,jd_6ntty41ckt5vjf,2026-01-22,16英寸酷睿版 标压酷睿Ultra 5 135H |24G 1T,自己上学时候用的就是联想小新，现在弟弟上学也是直接选择联想小新，现在的笔记本，很轻薄，看着外观高级上档次，联想售后一直都知道，没话说，非常好。,0,否,5,24G,1T,16
6,jd_黑白~银翼,2026-01-07,16英寸酷睿版 标压酷睿Ultra 5|32G 1T,联想GeekPro i7-14700F性能强劲，运行流畅，游戏办公皆宜，散热好，性价比高。处理多任务流畅，游戏体验沉浸，散热佳，价廉物美。,12,该店铺购买≥2次,5,32G,1T,16
7,司马剑龙2011,2026-01-17,16英寸锐龙版 标压锐龙7 H 255|32G 1T,收到货验后一切安好，整体简的大气，薄轻便携，马上开机按指引半小时左右激话完善，试机流畅快速，键盘音轻反应快，总体舒服，其它等多体验再评,3,否,5,32G,1T,16
8,嫡***呢,2025-12-28,14英寸酷睿版 标压酷睿2代Ultra 5|32G 1T,多任务不卡，存储空间很大，接口够用，有两个type_C的，一个HDMI接口，还有两个USB接口，总之，接口够用！色彩鲜艳，屏幕分辨率高！,3,否,5,32G,1T,14
9,Kimikoyoki,2026-01-19,16英寸锐龙版 标压锐龙7 H 255|24G 1T,使用了一段时间发感觉很好，16 寸的屏幕感觉刚刚轻巧又便于携带，而且整体外观很不错，简洁又大方，非常适合办公人士。,1,该店铺购买≥2次,5,24G,1T,16
10,jd_k77h0whzhckgv0,2026-01-23,16英寸锐龙版 标压锐龙7 H 255|32G 1T,?这款笔记本真的超乎预期！键盘手感舒适，打字很顺手??，接口丰富完全够用??，多任务运行流畅不卡顿?。存储空间也足够日常使用??，整体体验非常棒！??????服务也很贴心，包装严实，配送迅速，值得推荐！????,0,该店铺购买≥2次,5,32G,1T,16
11,风雅一真,2026-01-19,14英寸酷睿版 标压酷睿Ultra 5|32G 1T,之前的联想电脑用了很多年了，现在到了该换的时候了，还是首选了联想电脑??。选了这款14寸的小新，用了一阵，挺好用的，开机速度快，散热也不错，内存空间挺好，总体满意。,1,该店铺购买≥2次,5,32G,1T,14
12,u_668fti5aytk8,2026-01-18,14英寸锐龙版 标压锐龙7 H 255|32G 1T,对电脑很满意，完全符合对联想品牌的预期。性价比很高，显示屏效果相当出色，字体精细税利，色彩鲜艳还准准确。性能玩《无主之地3》完全没问题。,0,否,5,32G,1T,14
13,JL846,2026-01-16,14英寸锐龙版 标压锐龙7 H 255|32G 1T,此型号的笔记本电脑已经多次购买了，电脑运行速度平稳，满足办公需求，散热声音小。同时，京东快递运输速度，第二天就收到包裹了，很高效的，点个赞。,0,该店铺购买≥2次,5,32G,1T,14
14,2***o,2026-01-18,16英寸酷睿版 标压酷睿Ultra 5|32G 1T,虽然尺寸大一些，但是带着小键盘敲数字方便很多，也不经常携带，16寸的比14寸的好，银灰色商务用挺大气，速度挺快，目前还没卡顿感,0,否,5,32G,1T,16
15,丿***l,2026-01-05,14英寸酷睿版 标压酷睿2代Ultra 5|32G 1T,已经用上了，办公用挺好的。小小的，也够薄，出差带来带去方便。京东还是很方便，下单当天下午就收到了，很是速度，激活就用了。,0,该店铺购买≥10次,5,32G,1T,14
16,n***b,2026-01-09,14英寸酷睿版 标压酷睿Ultra 5|32G 1T,容易携带，不重，多任务基本不卡。键盘手感不错，一般用速度挺快。京东送货快递小哥笑容憨厚，态度非常好。电脑包装很好，一层又一层，还包了发泡塑料。,0,否,5,32G,1T,14
17,Tiramisu7211,2026-01-06,16英寸酷睿版 标压酷睿Ultra 5|32G 1T,?这款笔记本真的超乎期待！?? 屏幕显示细腻，色彩饱满，办公娱乐两不误～? 键盘手感舒适，打字流畅，续航也很给力，出门一整天完全没问题！?? 包装严实，物流迅速，配送员服务贴心，全程体验满分！?? 用起来非常顺手，强烈推荐！????,1,该店铺购买≥2次,5,32G,1T,16
18,丸***爱,2026-01-04,14英寸酷睿版 标压酷睿Ultra 5|32G 1T,给外甥女买的电脑，马上上大学了，需要一个电脑用来学习，听课，配置对于学习来说很好用，大小，显示也很好用，用个几年肯定是没问题的，买的划算,0,否,5,32G,1T,14
19,谈谈情说说爱被,2026-01-08,14英寸酷睿版 标压酷睿2代Ultra 5|32G 1T,性能释放出色，日常办公与轻度创作流畅自如。屏幕素质惊艳，色彩细腻逼真。机身轻薄便携，续航扎实，一天外出无压力。在这个价位段，它无疑是兼顾体验与性价比的明智之选。,0,否,5,32G,1T,14
20,皓***诗,2025-12-30,14英寸酷睿版 标压酷睿2代Ultra 5|32G 1T,联想小新这台电脑性能强劲，运行流畅不卡顿，外观简约大气，散热效果出色，续航能力也很给力，无论是办公还是娱乐都能轻松应对，性价比高,0,该店铺购买≥2次,5,32G,1T,14
21,断腿捂者,2025-12-30,16英寸酷睿版 标压酷睿Ultra 5|32G 1T,选了好久还是选了这款笔记本，然后做任务的时候还是不卡电池的续航还可以颜色显示也比较的鲜艳，英雄速度因为不是游戏，所以说没有游戏本那么快，但是也足够用了,0,否,5,32G,1T,16
22,j***r,2026-01-02,14英寸酷睿版 标压酷睿2代Ultra 7|32G 1T,小新笔记本轻薄便携适配校园通勤，护眼屏+长续航hold住满课日程，多开文献、做PPT不卡顿，性价比超贴合学生预算！,0,否,5,32G,1T,14
23,n***s,2026-01-21,16英寸酷睿版 标压酷睿Ultra 5 135H |24G 1T,这款笔记本颜值在线，金属质感十足?，开盖瞬间就被惊艳到～孩子爱不释手，开机快又稳，办公学习两相宜，细节处理也很贴心??。,0,该店铺购买≥2次,5,24G,1T,16
24,j***1,2026-01-01,14英寸酷睿版 标压酷睿Ultra 5|32G 1T,为女儿买的，她德国回来需要轻薄的本子随时带，工作就是这个牌子电脑，所以指定联想，回来验货后很满意，外观漂亮，开机使用流畅，快递包装到位。性价比高。,0,该店铺购买≥2次,5,32G,1T,14
25,jd_rkb45565bta252,2026-01-24,16英寸锐龙版 标压锐龙7 H 255|32G 1T,以前一直用联想小新14笔记本，最近换了一台小新16的32G/1TB的，感觉使用得心应手，外观简洁大方，非常适合办公人士！,0,该店铺购买≥2次,5,32G,1T,16
26,z0ish70tc9zt5s,2025-10-25,14英寸酷睿版 标压酷睿Ultra 5|32G 1T,电脑挺好的，颜值挺好看的，键盘不错,0,否,3,32G,1T,14
27,jd_176136lfx,2026-01-23,14英寸酷睿版 标压酷睿Ultra 5|32G 1T,今天才到，挑了好久最后还是选择了联想，第一个也是联想，老牌子了，还是有保障的。运行速度：挺快的屏幕效果：很好，不大不小用着刚刚好。外形外观：非常好看，轻薄程度：还行吧，不重。,0,该店铺购买≥2次,5,32G,1T,14
28,嘿我是三金,2026-01-08,16英寸酷睿版 标压酷睿2代Ultra 7|32G 1T,非常棒，感谢京东百亿补贴，让我买到了如此性价比高的产品，感谢强东哥，笔记本颜值高，性能抗打，运行速度快，能满足大多数软件游戏，真的很棒。,0,该店铺购买≥2次,5,32G,1T,16
29,591-usd,2026-01-07,14英寸酷睿版 标压酷睿2代Ultra 7|32G 1T,好久没用联想了，灰色机身，质感分量都不错，不愧是国内笔记本第一品牌。不过这电源线有点老式了，好在也是typec。包装到货都很好，点赞,0,该店铺购买≥2次,5,32G,1T,14
30,Landliu,2025-12-29,14英寸酷睿版 标压酷睿Ultra 5|32G 1T,以前用的是2021款，感觉很不错的！更新换代，这次买的是2024款，总体感觉很不错的！好评看得见！很轻便的，外观精美绝伦！,0,该店铺购买≥2次,5,32G,1T,14
31,benlee23,2026-01-22,16英寸酷睿版 标压酷睿2代Ultra 5|32G 1T,购买的联想小新Pro16酷睿Ultra5版本笔记本电脑。外观设计时尚简洁大气，散热不错。系统反应很快。性价比很高，值得推荐。,0,该店铺购买≥2次,5,32G,1T,16
32,yiwuei,2026-01-12,16英寸酷睿版 标压酷睿2代Ultra 5|32G 1T,给办公室买一台电脑，第一时间就想到了联想这个老品牌预算有钱，因为只有5000 多元，所以选择的这一款小新pro最新款，目前使用下来的感受还是不错的。,0,否,5,32G,1T,16
33,0***0,2026-01-08,16英寸锐龙版 标压锐龙7 H 255|24G 1T,这个电脑的质感非常的好，我非常的喜欢，用用起来很好，很酷爱反应，非常的速度很灵敏。我知道可以，但是他还是有介绍的空间吧，价格现在也挺贵的,0,该店铺购买≥2次,5,24G,1T,16
34,美***3,2026-01-03,16英寸酷睿版 标压酷睿2代Ultra 5|32G 1T,使用体验非常流畅，笔记本电脑的轻薄设计便于携带，电池续航能力强。屏幕显示清晰，色彩鲜艳，适合长时间工作或娱乐。键盘手感舒适，打字效率高。总体评价：这款笔记本电脑性能卓越，是高效工作和娱乐的理想选择，强烈推荐。,0,该店铺购买≥2次,5,32G,1T,16
35,jd_5e4ponqs3iqw26,2026-01-18,16英寸锐龙版 标压锐龙7 H 255|32G 1T,我终于买了它了，我已经关注好久了，各方面非常满意，就是还不太熟悉，平时都是用单位的，各方面很陈旧，而小新让我耳目一新，天天练习做东西。,0,否,5,32G,1T,16
36,冰***哟,2026-01-20,16英寸锐龙版 标压锐龙7 H 255|24G 1T,联想小新笔记本的性能很好，运行很流畅，键盘手感也不错，接口很多，可以足够办公使用16 英寸的屏幕非常清晰。物流也很快，服务态度很好。,0,该店铺购买≥2次,5,24G,1T,16
37,天***洋,2026-01-18,16英寸锐龙版 标压锐龙7 H 255|32G 1T,性价比高，享受补贴后很划算。机型拿到很惊艳，16寸看起来很舒服，开机很快，系统丝滑 日常家用办公完全满足。相信联想大品牌。,0,该店铺购买≥2次,5,32G,1T,16
38,枫叶61,2025-12-27,16英寸酷睿版 标压酷睿Ultra 5|32G 1T,包装非常精致其他特色：性价比超级高一直从高中用到现在的品牌发货速度快到货时快递员检查的非常仔细外观设计精美小巧实用已经推荐朋友购买,0,该店铺购买≥2次,5,32G,1T,16
39,jd_135641ytg,2026-01-16,14英寸酷睿版 标压酷睿2代Ultra 5|32G 1T,1. 这款笔记本电脑的性能卓越，携带方便。评价一：性能出众。这款笔记本电脑的处理器性能强大，无论是进行办公任务还是娱乐活动，都能够轻松处理。内存和存储空间充足，完全满足了我的日常,0,该店铺购买≥2次,5,32G,1T,14
40,j***4,2026-01-25,16英寸酷睿版 标压酷睿2代Ultra 5|32G 1T,小新Pro闭眼入！酷睿Ultra/锐龙7+极·风神散热，办公多开、轻度创作丝滑无压力 。2.8K高刷屏+高色域，色彩准、亮度足，OLED版观感更绝 。机身轻薄便携，接口齐全，75Wh大电池续航顶，国补价入手，办公学习娱乐全能打，性价比拉满,0,该店铺购买≥10次,5,32G,1T,16
41,哈哦嗯啊,2026-01-17,16英寸酷睿版 标压酷睿Ultra 5|32G 1T,"屏幕体验出色：用户反馈""用了就回不去了""，色彩精准度高，16:10比例提升办公效率，高刷流畅度明显。性能释放充分：多任务处理流畅，剪4K视频预览基本无卡顿，《幻兽帕鲁》全高画质稳定60帧以上。续航能力惊喜：办公场景续航可达5-9小时，""可以不带电源适配器去咖啡厅呆一下午""。外观设计简约：金属机身质感优秀，""不像个性能本""，适合商务办公场景。",0,该店铺购买≥2次,5,32G,1T,16
42,梳***生,2026-01-09,16英寸酷睿版 标压酷睿2代Ultra 7|32G 1T,这台笔记本太给力了！性能强悍，办公娱乐都流畅无比。屏幕清晰色彩正，看视频超享受。续航持久，带出门一整天无压力。轻薄机身颜值高，携带方便。用了这段时间，真心觉得物超所值，强烈推荐！,0,该店铺购买≥2次,5,32G,1T,16
43,j***v,2026-01-05,16英寸酷睿版 标压酷睿2代Ultra 5|32G 1T,??这款本用起来真的超顺滑，运行速度快到飞起?！存储空间完全够用，多任务切换毫无压力??。电池续航也很给力，一天轻松hold住??！快递包装严实，送货速度飞快??，配送员服务态度超好??！整体体验满分，强烈推荐??！！,0,该店铺购买≥2次,5,32G,1T,16
44,广东吴彦祖和张智霖,2025-12-29,14英寸锐龙版 标压锐龙7 H 255|24G 1T,笔记本很轻便，性能不错，日常使用完全没问题，性价比很高。外形外观：外观不错，很薄，颜值没得说??,1,该店铺购买≥2次,5,24G,1T,14
45,jd_157749lzw,2026-01-20,16英寸酷睿版 标压酷睿Ultra 5 135H |24G 1T,商品以收到，外观很漂亮，显示非常清晰，运行速度很快，声音也很小，适合家庭使用，非常棒,0,该店铺购买≥2次,5,24G,1T,16
46,stupidhgz,2025-11-10,16英寸酷睿版 标压酷睿Ultra 5|32G 1T,还是非常不错的，但是价格偏高，3500才是合理价位,1,否,3,32G,1T,16
47,尚***东,2026-01-24,16英寸酷睿版 标压酷睿Ultra 5 135H |24G 1T,很牛 屏幕很好，性能超级强，随便开个文件夹就能嗖嗖得转圈，看来优化得很好，下次还会买联想,0,该店铺购买≥2次,5,24G,1T,16
48,u***8,2026-01-03,16英寸锐龙版 标压锐龙7 H 255|32G 1T,联想小新16新机性能全面，颜值高，系统运行快。屏幕观感出色，配合长续航，值得拥有。,0,否,5,32G,1T,16
49,三***爷,2026-01-21,16英寸酷睿版 标压酷睿Ultra 5 135H |24G 1T,还是比较薄，灰色看着也大气。开机激活花点时间，但是都很顺利！用了一段时间，豆还挺好,0,该店铺购买≥2次,5,24G,1T,16
50,炎火火火火,2026-01-17,14英寸酷睿版 标压酷睿2代Ultra 5|32G 1T,笔记本拿起来非常有质感，开机激活也比较便捷。最最重要的是可以领国补，省了大几百，太划算了！！,0,否,5,32G,1T,14
51,VuUbOAjBRvaQ,2026-01-09,16英寸锐龙版 标压锐龙7 H 255|32G 1T,过渡用电脑，办公完全够用，普通打打游戏也不会发热，整体外观简洁顺眼。物流小哥很负责上门送了两次。,1,否,5,32G,1T,16
52,jd_187107qnm,2026-01-10,14英寸酷睿版 标压酷睿Ultra 5|32G 1T,开机速度可以，运行流畅，外观轻薄大方，便于携带，键盘手感很舒适，联想老品牌，值得信赖,1,否,5,32G,1T,14
53,b47645mbb71463,2026-01-04,16英寸锐龙版 标压锐龙7 H 255|24G 1T,外壳金属，很有质感，不重，背出去学习很方便。喜欢这个LED的屏幕，亮度很足，每个角度都清晰。,1,该店铺购买≥2次,5,24G,1T,16
54,o***o,2026-01-25,16英寸酷睿版 标压酷睿2代Ultra 5|32G 1T,趁着国补，节前下手。性价比很高的笔记本。16寸带小键盘的，方便办公写文件，敲数据。,0,该店铺购买≥2次,5,32G,1T,16
55,moyan161,2025-11-22,14英寸酷睿版 标压酷睿Ultra 5|32G 1T,运行速度：新电脑可以，速度很快，用起来很舒服，用了一段时间才来评价，确实好用屏幕效果：显示细腻，图像清晰。散热性能：可以，游戏也可以玩。外形外观：好看，大小合适。轻薄程度：轻薄,0,该店铺购买≥2次,5,32G,1T,14
56,u_t62zkfqvt6vt,2025-11-15,14英寸酷睿版 标压酷睿2代Ultra 5|32G 1T,笔记本非常的好用，很流畅，散热效果特别好，还能打游戏，也非常的轻，办公性能也很好，外观非常的好看，运行速度特别快，屏幕很清晰，非常划算这个价格。。,1,否,5,32G,1T,14
57,呆瓜__199,2025-12-12,14英寸酷睿版 标压酷睿Ultra 5|32G 1T,金属感满满的，运行速度：还行，速度很快！屏幕效果：很炫酷的色彩，看起来很舒服散热性能：散热效果还算不错，目前摸着很冰凉外形外观：比较喜欢这外形，很简约，适合我这种的轻薄程度：轻度，而且薄其他特色：其他的也很不错散热能力：散热能力应该很不错，运行速度：等更新完后看看它的运行速度,2,否,5,32G,1T,14
58,齐先生o,2025-12-14,16英寸酷睿版 标压酷睿Ultra 5|32G 1T,一直想买个配置不错的笔记本，朋友推荐联想小新系列，看了标准款，感觉配置有点低，然后就看得pro版本，处理器，内存，硬盘都升级了，基本满足我的需求，平常就基本办公软件，偶尔游戏一下娱乐等，还不错，性能可以，屏幕也行，全金属机身，机器自带正版系统和offce，挺好的，赶上有活动入手还是很划算，物流很快，包装完好，正品行货,0,否,5,32G,1T,16
59,j***1,2025-11-16,16英寸酷睿版 标压酷睿2代Ultra 5|32G 1T,便携性还行，多任务不卡，存储空间够用，电池续航应该够用，杜比音质非常好，屏幕非常大，显示很清晰，键盘带背光，AI场景检测功能太好用了，开盖开机和人脸锁屏解锁特别方便，写代码听音乐简直爽死,0,该店铺购买≥2次,5,32G,1T,16
60,爱媳妇的龙,2025-11-09,14英寸酷睿版 标压酷睿2代Ultra 5|32G 1T,接口非常丰富，完全满足日常办公需求。开机速度很快，响应很灵敏，特别是离开自动锁屏，返回自动解锁，真心好用。屏幕显示也很细腻、很有质感，期待各种解锁新技能新发现。客服也很热情，京东，给力??,0,该店铺购买≥2次,5,32G,1T,14
61,大大幽默,2025-12-12,16英寸酷睿版 标压酷睿Ultra 5|32G 1T,这款电脑真的超出预期，开机速度嗖嗖的，十秒不到就能进入系统，日常办公、做表格、查资料完全不卡顿，偶尔玩个中型游戏也能流畅运行，散热效果也不错，连续开几小时机身都只是温温的。屏幕色彩很正，画质清晰，看视频、处理图片都很舒服，键盘敲击手感也很好，回弹适中，长时间打字不累手。,0,该店铺购买≥2次,5,32G,1T,16
62,u***u,2025-12-09,16英寸酷睿版 标压酷睿2代Ultra 5|32G 1T,已购45天，目前一切良好，唯独自定义壁纸有时候会显示不出来（显示出来的是纯黑色背景），不知道什么原因，也干脆不设置了。下载一两个大型游戏运行起来会有轻微卡顿。音响音质有待提升。外壳磨砂质感很好，整体很有质感。画质很清晰。,0,否,5,32G,1T,16
63,jd_jZUvIzZqQhhB,2025-12-09,14英寸酷睿版 标压酷睿Ultra 5|32G 1T,屏幕效果：挺可爱的，完了14寸正好够我使用，就是稍微沉了一点，不过嗯我够用了，嗯，挺好的一个t的。谢谢京东，谢谢品牌方，收到电脑很好 很满意！散热性能：好,2,该店铺购买≥2次,5,32G,1T,14
64,上***1,2025-11-14,14英寸酷睿版 标压酷睿2代Ultra 5|32G 1T,一直用联系笔记本，这次是给孩子买的，包装很好，全新无瑕疵，做工精致，屏幕很清晰，性能够用，轻薄携带方便。京东快递也非常快，好评。,0,否,5,32G,1T,14
65,7***h,2025-11-24,16英寸酷睿版 标压酷睿2代Ultra 5|32G 1T,留意了这台电脑已经好久了，一直广东这边没有国补，最终只能在双11下手了。虽然没有国补那么更优惠，但也没办法，因为这个电脑是刚需的。整体来说电脑外观挺时尚的，运行速度不错，屏幕挺好，开机基本感觉不到热，可能现在天气的问题吧，windows第1次注册的时候确实花费了不少时间。1t的空间和32g的内存应该可以满足好长一段时间了，电池的续航还不错，但是一开始用这个时间可能不太准。,0,否,5,32G,1T,16
66,9***8,2025-10-09,16英寸酷睿版 标压酷睿2代Ultra 5|32G 1T,还可以  非常清晰就是感觉有点卡，弹出的东西太多了,1,该店铺购买≥2次,3,32G,1T,16
67,j***s,2025-12-06,16英寸酷睿版 标压酷睿Ultra 5|32G 1T,运行速度：很快，打游戏也不卡顿散热性能：散热很好，放在床上都不发热轻薄程度：非常轻便，颜值不错很满意，我家猫咪都爱看,2,该店铺购买≥2次,5,32G,1T,16
68,妈妈4206,2025-11-03,16英寸酷睿版 标压酷睿Ultra 5|32G 1T,挺好用的，运行起来特别快，散热器声音特别小，功能齐全，键盘打字特别顺手，日常处理报表、开视频会议都特别流畅，多开几个文档也不卡顿。最加分的是屏幕，清晰度高还带护眼模式，加班赶方案眼睛也没那么累，续航也够用大半天，移动办公党表示非常满意。,0,否,5,32G,1T,16
69,时蓦然,2025-10-31,16英寸锐龙版 标压锐龙7 H 255|24G 1T,运行速度挺快，现在已经要了一个星期多，暂时没出什么问题，我觉得换电脑速度是根据本人爱惜程度吧，我今天开机11秒就打开了，可能我关了一些东西。笔记本散热性还是蛮强的，16寸感觉还是有点重的，要外出的可以优先选择14寸，追剧，玩游戏，16寸真的爽翻了。有免费office，追剧不卡顿，玩游戏也还行，挺流畅的，就是画质感人，毕竟是笔记本还是可以的，我感觉性价比还是蛮高的，过几个月再来评价,1,否,5,24G,1T,16
70,3***t,2025-11-24,14英寸酷睿版 标压酷睿Ultra 5|32G 1T,之前买过小新，使用感受不错，这次再次购买小新。依旧是性能稳定，散热快速，键盘也灵敏，颜色是深灰色，个人感觉比银色好看，设计也更人性化，摄像头添加了滑动遮挡，使用更放心。推荐酷睿版小新，处理速度理想，日常办公非常合适。,0,该店铺购买≥2次,5,32G,1T,14
71,sun太阳哥哥,2025-11-07,16英寸酷睿版 标压酷睿Ultra 5|32G 1T,颜值高，轻薄，显示屏非常清晰！接口够用，主要是轻薄，携带方便，现在科技真的是全方位进步，之前没想到这么轻薄的本本性能还这么强！,2,该店铺购买≥2次,5,32G,1T,16
72,jdfuj16,2025-11-25,16英寸酷睿版 标压酷睿Ultra 5|32G 1T,一收到设备，就即刻开机试用。相比我用了近十年的联想昭阳笔记本，感觉这款笔记本的综合性能相当不错，散热效果好，几乎听不到风扇声，屏显细腻不刺眼。就是续航能力稍差，轻度使用不到5小时，电量就从100%降到30%。待后期优化一下系统看看能否延长点使用时间。,0,否,5,32G,1T,16
73,曾***说,2025-11-02,14英寸酷睿版 标压酷睿2代Ultra 5|32G 1T,收货很快，开箱真机非常轻薄，2代CPU开机秒开运，行流畅，键盘也很好用，手感舒适，携带方便，屏幕亮度和色彩不错，完全可以满足日常工作和学习使用。,0,该店铺购买≥2次,5,32G,1T,14
74,徐三岁0519,2025-11-02,14英寸酷睿版 标压酷睿2代Ultra 5|32G 1T,运行速度：挺好的屏幕效果：挺好的散热性能：还可以外形外观：挺不错的轻薄程度：很清薄其他特色：办公足够了,0,否,5,32G,1T,14
75,帅气的飞,2025-11-12,14英寸酷睿版 标压酷睿2代Ultra 5|32G 1T,^O^晚上下单，第二天就到了，快递非常迅速，打开以后外观正常，非常漂亮，激活以后使用异常丝滑，自带office，使用非常方便～,1,否,5,32G,1T,14
76,转***7,2025-11-10,16英寸酷睿版 标压酷睿Ultra 5|32G 1T,拿到手第一时间觉得很光滑，本子轻薄，携带便捷，外观金属看起来很有商务感，性能也不错，最主要的是电池续航挺久的，散热很快，键盘很舒服，平整滑溜，打字速度快。包装完好，发货速度快。,0,该店铺购买≥2次,5,32G,1T,16
77,g***a,2025-11-06,14英寸酷睿版 标压酷睿Ultra 5|32G 1T,种草很久的联想小新，14很适合我移动办公携带，大小，厚度，都恰到好处。显示屏很清晰，风扇声音小。同事们都使用这款性价比高的笔记本电脑。这个双十一值得入手。,0,否,5,32G,1T,14
78,jd_180377xuv,2025-10-31,14英寸酷睿版 标压酷睿2代Ultra 5|32G 1T,机身轻薄仅1.4 kg，金属质感顺滑，2.8K 120 Hz OLED屏色彩惊艳，性能释放稳，办公追剧都流畅，续航一天无压力，国补价性价比高，移动办公首选。,0,该店铺购买≥2次,5,32G,1T,14
79,few4w7829z2vg0,2025-11-19,16英寸酷睿版 标压酷睿Ultra 5|32G 1T,一打开盖子，自动开机，我以为是漏关电脑了，结果它掀盖即开机，开机很快。运行速度：超级快，连开机键都不用按，一掀盖就开机,0,否,5,32G,1T,16
80,和娃一起玩耍,2025-12-13,14英寸酷睿版 标压酷睿2代Ultra 5|32G 1T,物流特别快，运行速度也很快，没有噪音，本子也很纤薄，重量很轻，屏幕光色很柔和，键盘手感也不错，充电时在插口处有些许温度，金属质感外形很好。等用段时间再来追评。,0,该店铺购买≥2次,5,32G,1T,14
81,j***u,2025-10-28,14英寸酷睿版 标压酷睿2代Ultra 5|32G 1T,很好的商品，屏幕清晰，值得推荐。卖家发货速度很快，商品质量很好。运行速度快，散热性能好。外形外观好，整体来说非常好，轻薄,0,否,5,32G,1T,14
82,神缺二两酒,2025-12-03,14英寸酷睿版 标压酷睿Ultra 5|32G 1T,运行速度：还可以蛮好的屏幕效果：OK的轻薄程度：很轻（用了快一个月才评论的）开始送的办公软件，感觉最近wps用习惯了。这个不是很习惯。支持国产。东西蛮好上双11前面几天下单的,0,该店铺购买≥2次,5,32G,1T,14
83,5***f,2025-11-26,14英寸酷睿版 标压酷睿Ultra 5|32G 1T,14寸笔记本，携带方便，好像比之前的t14略重。外壳表面是金属质感的。新电脑运行速度挺快的，主要用来办公，够用了。电池续航还没体验，还没有移动办公。适配器是20v5A的，之前的67瓦适配器用不了了。,0,否,5,32G,1T,14
84,R***1,2025-11-13,14英寸酷睿版 标压酷睿2代Ultra 5|32G 1T,电脑轻薄小巧，外壳材质手感很好，开机响应速度快，画质清晰亮丽，运行办公软件和图像处理软件响应迅速，出厂日期还好，大品牌售后服务应该没有问题。,0,该店铺购买≥2次,5,32G,1T,14
85,055赵450,2025-11-05,14英寸酷睿版 标压酷睿2代Ultra 5|32G 1T,外形外观：色泽靓丽，沉稳不缺少青春气息运行速度：32内存搭配固态硬盘，系统速度流畅1 T硬盘存储够大，学习资料，照片视频都存下轻薄程度：轻薄适合移动办公送货速度快，好评,0,否,5,32G,1T,14
86,jd_152385giz,2025-11-16,16英寸酷睿版 标压酷睿Ultra 5|32G 1T,设计轻薄，运行速度快，屏幕效果：屏幕清晰，不留指纹散热性能：散热性好，用一天基本不发热运行速度：运行速度快，平时办公非常好，运行时声音也不大，没有什么噪音，非常适合上班族！,0,否,5,32G,1T,16
87,jd_yZvMLDPldETX,2025-12-07,16英寸酷睿版 标压酷睿2代Ultra 5|32G 1T,京东自营的品控一直做的都非常好，京东物流的速度也超级快，这款联想小新笔记本电脑，颜值非常高，屏幕细腻，2.8k高清屏幕，看电影，看视频特别流畅清晰，电脑反应速度也超级快，推荐大家购买,0,该店铺购买≥2次,5,32G,1T,16
88,淡淡丶思念,2025-12-01,14英寸酷睿版 标压酷睿2代Ultra 5|32G 1T,运行速度：运行速度很快，最新处理器就是棒屏幕效果：效果显示细腻，清晰，颜色很好看散热性能：散热效果很好，很静音外形外观：外观小巧时尚，很好看轻薄程度：重量很轻，一只手就可以拿起,0,该店铺购买≥2次,5,32G,1T,14
89,zdider,2025-11-23,16英寸酷睿版 标压酷睿2代Ultra 5|32G 1T,屏幕是OLED的，色彩确实很鲜艳，比我的旧电脑好太多了。有数字小键盘，使用起来很方便。屏幕尺寸也挺大的，可以显示更多内容了。两个USB-C接口，客服说都可以充电，功率也是一样的。,1,该店铺购买≥2次,5,32G,1T,16
90,我是宋较瘦,2025-11-08,14英寸酷睿版 标压酷睿2代Ultra 5|32G 1T,价格还算优惠吧，外观大气简约时尚，配置不错就是没有包和鼠标，如果配上就更完美了，昨晚下单今早送也是快得没谁了，用着还不错，期待后期继续快得飞起,0,否,5,32G,1T,14
91,曌***君,2025-11-08,16英寸酷睿版 标压酷睿Ultra 5|32G 1T,给孩子买的笔记本电脑，自己选的，选来选去，选择一个带小键盘的，尺寸略大点，但是很方便，希望使用的耐久性会好一点。京东自营快递很给力。,0,该店铺购买≥2次,5,32G,1T,16
92,jd_22lh734sdbu505,2025-11-04,14英寸酷睿版 标压酷睿2代Ultra 5|32G 1T,键盘手感很有质感，屏幕2.8K相当清楚，接口丰富够用开机速度也很快，金属机身很有质感，也不算成，值得购买,0,否,5,32G,1T,14
93,u***9,2025-11-09,14英寸酷睿版 标压酷睿2代Ultra 5|32G 1T,买的2025款小新PRO，配置非常不错，内存大，系统运行速度快，开机十几秒，性能稳定，对于日常办公游戏等已足够。电脑颜值高，重量很轻，出差携带也非常方便。京东自营店，服务态度好。,0,否,5,32G,1T,14
94,jd_vkysf2ph419x6x,2025-11-10,14英寸酷睿版 标压酷睿Ultra 5|32G 1T,运行速度：开机秒进系统，打开软件特别快? 便携性：机身很轻薄，放包里没啥负担? 外形外观：金属机身质感好，颜值特别高,0,该店铺购买≥2次,5,32G,1T,14
95,afterwards_118,2025-11-09,14英寸酷睿版 标压酷睿Ultra 5|32G 1T,颜值没的讲，给老婆买的，很喜欢，主要轻薄，带着方便，系统挺流畅，续航也不错，目前来看，挺满意，家里的笔记本都是京东买的，看了生产日期，10月21号生产的，值得信赖。,0,否,5,32G,1T,14
96,无情东流水,2025-11-14,14英寸酷睿版 标压酷睿2代Ultra 5|32G 1T,作为联想粉，精心挑选了这台小新，非常精致轻薄，验机后立马试用，屏幕炫丽清晰，运行流畅，满意，而且电脑还可升级内存硬盘，可长期应用，点上赞。,0,该店铺购买≥2次,5,32G,1T,14
97,Tiramisu7211,2025-11-14,14英寸酷睿版 标压酷睿2代Ultra 5|32G 1T,这款笔记本轻薄便携，出门带着毫无压力??，键盘手感舒适，打字很顺手??，运行速度快，日常办公流畅不卡顿?，存储空间也够用，完全满足我的需求?。,0,该店铺购买≥2次,5,32G,1T,14
98,窦庆辉01,2025-11-22,14英寸酷睿版 标压酷睿Ultra 5|32G 1T,1.买的天青蓝配色，外观好看。2.接口基本能满足我。3.屏幕、音响等硬件不错。4.问了好几遍各商家，确定没有用dwx，已截图留底。5.散热不错。6.13代标压i5不玩大型游戏够用。,0,否,5,32G,1T,14
99,u_11niuzof2m17,2025-11-24,14英寸酷睿版 标压酷睿2代Ultra 5|32G 1T,给孩子买了在学校用的，孩子说用着还行，轻薄便携，做文件都可以，不打大型游戏，足够用了，京东送货也快，第二天就送到了，有补贴价格也可以。,0,该店铺购买≥2次,5,32G,1T,14
100,WWenio,2025-11-11,14英寸酷睿版 标压酷睿2代Ultra 5|32G 1T,运行速度：快屏幕效果：分辨率高，很清晰散热性能：好外形外观：简约时尚大气轻薄程度：薄，很便携，办公很适合其他特色：有很多辅助功能，ai 人脸识别等，很高科技,0,否,5,32G,1T,14
101,j***v,2025-12-01,14英寸酷睿版 标压酷睿Ultra 5|32G 1T,拆开包装完好无损，全新原封，非常好。速度很快！手感和做工非常好，全金属机身，质感高级，各处的接缝、边角处理都很精细，比想象中的还要扎实。键盘手感也超棒，键程舒服回弹给力！妹妹喜欢。屏幕色彩鲜艳又细腻。电脑一直用联想，一直信赖联想。,0,该店铺购买≥2次,5,32G,1T,14
102,shang828,2025-11-13,14英寸酷睿版 标压酷睿2代Ultra 5|32G 1T,"挺棒的，老婆15年买的华为卡的不行了，给她买的买了小新pro14用来办公的，32g内存+1tb的固态应该能用好几年了！，屏幕追剧也超级棒，开机10几秒,电池的话用个半天应该没问题！",0,该店铺购买≥2次,5,32G,1T,14
103,jd_eat3t3t2y30i44,2025-11-07,14英寸酷睿版 标压酷睿2代Ultra 5|32G 1T,不得不说这台电脑的颜值和实力并存。轻薄的机身携带方便，金属质感的外观很有档次。运行速度快，软件打开秒响应，而且续航也不错，外出办公不用总担心没电。用了一段时间，体验感拉满，值得入手！,0,否,5,32G,1T,14
104,醉里不知年华限_,2025-12-03,14英寸酷睿版 标压酷睿2代Ultra 7|32G 1T,日常办公足够，运行流畅不卡顿，内存也够大，外观设计比较中规中矩，适合办公场所。有HDMI插口，不用再用转换器了，USB和tape C插孔各两个，满足日常文件拷贝需求。,0,否,5,32G,1T,14
105,EXY2233,2025-11-13,16英寸酷睿版 标压酷睿2代Ultra 5|32G 1T,京东自营旗舰店物流速度很快，包装完好无损，快递小哥用心服务，笔记本电脑做工精细，轻薄高端大气，电池续航够用，携带方便，配置合理，价格优惠。,0,该店铺购买≥2次,5,32G,1T,16
106,泡***y,2025-11-02,14英寸酷睿版 标压酷睿2代Ultra 5|32G 1T,新电脑运行飞快，屏幕清晰，散热好，玩游戏。物流超快，电脑手感很棒，性能强劲，使用起来非常顺畅，是一次愉快的购物体验,0,该店铺购买≥2次,5,32G,1T,14
107,豹***号,2025-11-12,14英寸酷睿版 标压酷睿2代Ultra 5|32G 1T,??这款笔记本真的超乎预期！运行速度飞快，办公学习毫无压力??。存储空间充足，日常使用完全够用??。电池续航给力，外出携带也安心??。接口丰富，扩展性很强??。整体体验非常满意，值得推荐??！！,0,该店铺购买≥2次,5,32G,1T,14
108,早起护肌,2025-11-28,14英寸锐龙版 标压锐龙7 H 255|24G 1T,还不错的 京东自营买的很有保障散热性能：还行 小风扇声音有点大 但能接受 笔记本确实容易发热外形外观：小笔记本很好看啊 14寸对我来说很足够了 还送office很适合,1,否,5,24G,1T,14
109,q5v709rek8vxsr,2025-11-11,14英寸酷睿版 标压酷睿2代Ultra 5|32G 1T,原装w11 系统，安装很方便，自带offerice。原装软件安装有引导，很方便然后系统中有自带安装助手，微信以及腾讯会议等这些软件下载很快捷整体机身金属感十足,0,该店铺购买≥2次,5,32G,1T,14
110,112o6f6gx4drd9,2025-12-22,14英寸锐龙版 标压锐龙7 H 255|24G 1T,下单后物流超给力，开箱见全金属机身质感十足！2.8K高刷屏清晰护眼，性能流畅不卡顿，接口齐全免转接，售前咨询耐心、售后有保障，性价比拉满，办公出差超实用,3,该店铺购买≥2次,5,24G,1T,14
111,6xsbnp8y6yl17r,2025-11-14,14英寸酷睿版 标压酷睿Ultra 5|32G 1T,本子比较轻便，容易携带，开机速度很快，一般充电后能持续用至少8个小时。之前还觉得不太习惯现在一点一点研究和适应，感觉很不错哦。目前没有遇到问题,0,否,5,32G,1T,14
112,R***0,2025-12-21,14英寸酷睿版 标压酷睿2代Ultra 5|32G 1T,电脑配置很不错，性价比高，开盖即开机，非常方便，人脸识别登陆，安全也有保障。常用软件运行速度也很满意，主要是出差时办公使用，这一款笔记本电脑足够用了…,4,该店铺购买≥2次,5,32G,1T,14
113,jd_186631btu,2025-11-23,14英寸酷睿版 标压酷睿2代Ultra 5|32G 1T,联想小新轻薄，方便携带，屏幕清晰，分辨率高，画面流畅，观影办公体验都比较舒服，性能表现比较不错，多功能处理也毫无压力，总体性价比很高,0,该店铺购买≥2次,5,32G,1T,14
114,3q0ssef84tk6bx,2025-11-07,14英寸酷睿版 标压酷睿2代Ultra 5|32G 1T,联想小新笔记本电脑 造型很帅 配置也相当哇塞 买给老婆在家办公用的 开机很流畅 键盘使用很称手 非常好用的笔记本电脑 买过7台笔记本 这台最好,0,否,5,32G,1T,14
115,jd102956pxs,2025-11-12,14英寸酷睿版 标压酷睿Ultra 5|32G 1T,键盘手感不错，外观看着很有质感，高大上，安装快，大小尺寸合适，比之前的轻。空间挺大的，色彩护眼，不那么亮，很方便。换机很快，,0,该店铺购买≥2次,5,32G,1T,14
116,jd琦琦201,2025-12-16,16英寸锐龙版 标压锐龙7 H 255|24G 1T,挺好的，第一次网上买这样的大件，是正品。质量不错。白条享受国补，出了点小插曲，又重新拍的。客服一开始一直是机器回复，特别不给力，后来还好。触摸屏那块的缝隙确实有点大，整体还不错。,0,否,5,24G,1T,16
117,天无涯VIP,2025-12-23,14英寸酷睿版 标压酷睿Ultra 5|32G 1T,是一款性能均衡的轻薄本，能本地流畅运行一些AI大语言模型，并加速视频会议美颜、背景虚化及创意软件中的AI抠图等功能。色彩和视觉体验不错。机身轻薄，重量约为1.46kg，便携性也好。,0,该店铺购买≥2次,5,32G,1T,14
118,芥萩,2025-11-06,14英寸酷睿版 标压酷睿2代Ultra 5|32G 1T,运行速度：非常流畅，不卡顿散热性能：散热性能强屏幕效果：颜色显示鲜艳轻薄程度：轻便方便携带外形外观：外观精美，买的14寸很精致方便携带,0,否,5,32G,1T,14
119,0时来运转0,2025-11-10,16英寸锐龙版 标压锐龙7 H 255|24G 1T,这款小新入手感觉不错，外观时尚，颜色合适，机身内存大，运行流畅，无论办公还是游戏，都有出色的表现，散热也很好，大屏很清，很满意的一次购物。,0,否,5,24G,1T,16
120,_HariDi_,2025-11-10,14英寸酷睿版 标压酷睿2代Ultra 5|32G 1T,非常有质感，Oled屏幕看着特别清晰。真的很喜欢，完全超出期望值，发货速度非常快，包装非常仔细、严实，运送速度很快，很满意的一次购物,0,该店铺购买≥2次,5,32G,1T,14
121,sNzUtPOwIFXM,2025-10-31,14英寸酷睿版 标压酷睿2代Ultra 5|32G 1T,真的很不错屏幕效果：很清楚，推荐购买散热性能：散热也很特别好轻薄程度：很薄，适合办公，推荐购买，很轻,0,否,5,32G,1T,14
122,抱***乖,2025-11-09,14英寸酷睿版 标压酷睿Ultra 5|32G 1T,这台本子很轻，塞进通勤包毫无存在感。键盘敲起来静音又舒服，开会记录时再也不怕吵到别人。接口很全，不用带一堆转接器（这点真的拯救了我这种丢三落四的人）重点是续航真的顶，终于不用和同事抢会议室插座了,0,该店铺购买≥2次,5,32G,1T,14
123,哒哒哒20X,2025-11-09,14英寸酷睿版 标压酷睿2代Ultra 5|32G 1T,商品很好，颜值很高，运行速度也很快，还可以自己扩容品质很不错??，性价比比较高的的商品??，喜欢的亲可以直接下手不要犹豫哦??,0,否,5,32G,1T,14
124,7v98e1lgtd1a39,2025-11-21,14英寸酷睿版 标压酷睿Ultra 5|32G 1T,很不错，性能和质量都非常表现不错，已经是第二次推荐家人购买这款产品，小新作为联想笔记本的主打产品之一，学生党还是比较喜欢的，双十一价格也比较便宜,0,该店铺购买≥2次,5,32G,1T,14
125,s***i,2025-11-15,16英寸酷睿版 标压酷睿Ultra 5|32G 1T,双11促销的时候购买的，加上百亿补贴，价格比平时的价格便宜了几百块钱。特意买了isp lcd屏，这种屏幕比较护眼，柔和，使用起来光线也不会太刺激眼睛，电脑反应速度也比较快，拿到手安排激活就可以了。,0,否,5,32G,1T,16
126,jd_686933,2025-11-12,14英寸酷睿版 标压酷睿Ultra 5|32G 1T,京东一如既往的速度快，第2天就收到货了。双11活动加力度很大，激活也非常的省事，按照流程。启动速度和运行速度都很流畅。外观也很漂亮适合大多数人群使用。,0,该店铺购买≥2次,5,32G,1T,14
127,135*****098tang,2025-11-14,16英寸酷睿版 标压酷睿Ultra 5|32G 1T,这款电脑总体特别满意。颜值很高，接口够用，运行速度也很快，存储空间相当给力，C盘4百多个G超级巴适。真心觉得不错。????,0,否,5,32G,1T,16
128,jd_ufMvJZMfuQcP,2025-10-28,16英寸酷睿版 标压酷睿2代Ultra 5|32G 1T,存储空间足够大，接口充足，键盘超级柔软，外观超薄，手感顺滑，颜色也是我喜欢的，大屏幕超清晰，运行速度也很快，孩子非常喜欢。,0,该店铺购买≥2次,5,32G,1T,16
129,06w392t22mt24k,2025-11-13,14英寸酷睿版 标压酷睿5 220H|24G 1T,特意用了一阵子来评价，运行速度快，多任务切换很流畅，一点不卡。键盘手感和我之前用过的相比要好很多，屏幕色彩也特别鲜艳，很满意！,0,该店铺购买≥2次,5,24G,1T,14
130,jd_134076olu,2025-11-22,16英寸酷睿版 标压酷睿Ultra 5|32G 1T,运行速度很快，流畅不卡顿，续航也很不错，外观好看，键盘手感也特别好，存储空间也能满足要求，用了一下简直太棒了，特别特别喜欢，,0,否,5,32G,1T,16
131,m***果,2025-12-17,16英寸酷睿版 标压酷睿2代Ultra 5|32G 1T,买回来一段时间了，确实挺轻薄，用了几次还行，新机嘛、目前用着运行速度还可以。目前各个性能都很稳定，屏幕效果：以前都是用14寸，现在换个16寸的用起来感觉也很舒服。,1,该店铺购买≥2次,5,32G,1T,16
132,j***m,2025-11-03,14英寸酷睿版 标压酷睿2代Ultra 5|32G 1T,小新14pro是一款不错的轻薄本，配置高且使用起来十分流畅。卖家的专业知识和高效服务让我印象深刻，有问必答。物流也非常给力，下单后迅速送达。强烈推荐给大家！,0,否,5,32G,1T,14
133,轻音粉丝L,2025-11-12,14英寸酷睿版 标压酷睿Ultra 5|32G 1T,给女儿买的第二台小新，她就认这个品牌，因为好用，轻薄易携带，不仅颜值高，而且性能超强，学习工作两不误。赶上双十一活动，性价比直接拉满，强烈推荐大家入手！,0,否,5,32G,1T,14
134,春***生,2025-11-19,14英寸酷睿版 标压酷睿2代Ultra 5|32G 1T,电脑运行速度还不错，整体内存也够大，而且机身大气很符合嗯开发工程师的要求，整体电脑也比较轻薄，方便外出携带，相信联想大品牌的力量好，已经是多次回购了，希望质量能够有保证，后期有需要再继续支持,0,该店铺购买≥10次,5,32G,1T,14
135,熊猫圆滚滚3,2025-12-19,16英寸酷睿版 标压酷睿Ultra 5|32G 1T,电脑非常好用，之前买的太久了运行反应很慢，换新之后很流畅，电池也很快能充满，用的时间也很久。办公家用都很不错，外观设计美观。,1,否,5,32G,1T,16
136,jd_5yxkc4r298xdl5,2025-11-08,14英寸酷睿版 标压酷睿2代Ultra 5|32G 1T,物流速度很快，快递小哥很给力，开机看着屏幕比较清晰，还没有使用，等使用以后再来做评价，开机的时候，没有太大的声音，外观很漂亮,0,否,5,32G,1T,14
137,jd_z90183rvs8y247,2025-11-24,16英寸酷睿版 标压酷睿2代Ultra 5|32G 1T,给儿子买的，上大学需要用到电脑，存储空间够用，轻薄容易携带，健盘手感舒适。儿子很满意，物流很快，快递员送到家，非常满意的购物体验,0,否,5,32G,1T,16
138,大海0731,2025-12-23,14英寸酷睿版 标压酷睿Ultra 5|32G 1T,选了好几款笔记本电脑，最终买了联想笔记本电脑小新Pro14，双十一搞活动时候买的，性价比超高。用了一段时间，很好用，开机速度快，轻薄，易携带，充电快，1T的足够用了。推荐购买！,2,该店铺购买≥2次,5,32G,1T,14
139,海***给,2025-12-19,14英寸酷睿版 标压酷睿Ultra 5|32G 1T,恰好赶上了地区补贴，本来这款电脑在购物车很久了，趁着这次双十一活动，叠加补贴之后完美入手，小巧轻便出差携带很不错，你可以随时移动，带着他从客厅到厨房一只手就能拿得起来。,0,否,5,32G,1T,14
140,建***看,2025-11-16,16英寸酷睿版 标压酷睿Ultra 5|32G 1T,接口有雷电，接口丰富，可以玩游戏也可以用来办公，视频还能调节60到120的频率，小键盘区有数字专区，刚好碰上。双11活动价拿下的。一切都挺好。够用。,0,该店铺购买≥2次,5,32G,1T,16
141,jd_3t27vz49wmfwua,2025-11-02,16英寸酷睿版 标压酷睿Ultra 5|32G 1T,这款电脑接口非常的丰富，工作用来真的很是方便，质量也非常好，屏幕不刺眼，键盘敲击起来很舒服，配置也很给力，总体来说我很满意！,0,该店铺购买≥2次,5,32G,1T,16
142,j***u,2025-11-10,14英寸酷睿版 标压酷睿2代Ultra 5|32G 1T,在办公室年轻人的大力推荐下，入手联想小新轻薄笔记本，送给老婆大人办公使用，较之前的16寸苹果本要轻一半重量，很不错，推荐一下！,0,否,5,32G,1T,14
143,小新灬丨,2025-11-25,16英寸酷睿版 标压酷睿Ultra 5|32G 1T,电脑很好，运行速度快，玩游戏不卡，不掉帧，屏幕也特别清晰，不管是打游戏还是看视频都很流畅运行，趁着有活动价格便宜，性价比很高,0,该店铺购买≥2次,5,32G,1T,16
144,P***I,2025-11-01,14英寸酷睿版 标压酷睿Ultra 5|32G 1T,联想小新pro深灰色，14寸大小合适，做工精细，屏幕显示质量符合预期吧。价格优惠力度比较大。京东物流很靠谱，次日送达很准时。总体好评吧。,0,否,5,32G,1T,14
145,u***i,2025-10-27,16英寸酷睿版 标压酷睿2代Ultra 5|32G 1T,电脑颜值在线，很有质感，很喜欢这个颜色，简单大方，外观时尚，性能优越，适合学生党，店家发货速度超级快,0,该店铺购买≥2次,5,32G,1T,16
146,jd_9b4r5yqnlmdk1t,2025-11-12,16英寸酷睿版 标压酷睿2代Ultra 5|32G 1T,这个电脑不错，配置不错，屏幕看起来很舒服，总的来讲性价比还可以，对于我们不用来玩游戏来讲，配置是可以的，如果需要随时带在身边，建议买小一点，这个有点重,0,否,5,32G,1T,16
147,木***三,2025-11-26,14英寸酷睿版 标压酷睿2代Ultra 5|32G 1T,键盘手感良好，电池续航不错，接口丰富够用，存储空间是自己理想的版本。,0,否,3,32G,1T,14
148,jd_xaFVWAltHvuk,2025-11-09,16英寸锐龙版 标压锐龙7 H 255|24G 1T,用了几天，感觉也不错，运行速度蛮快，外观设计精美简洁，小键盘触感灵活，电脑轻薄，带着也方便，唯一不好的是没有自带常规软件，都要自己下载和安装！,0,否,5,24G,1T,16
149,草帽-西索,2025-11-12,16英寸酷睿版 标压酷睿Ultra 5|32G 1T,是挺惊艳的，这个大小上手都很舒服，屏幕看起来还是挺不错的。然后键盘的布局呀什么的都还是可以的。嗯，键背盘见光，那不那个键盘背光什么东西都是有的，系统运行也还是挺快的，挺好的,0,否,5,32G,1T,16
150,澡***O,2025-11-05,16英寸酷睿版 标压酷睿Ultra 5|32G 1T,联想小新太适合办公党了！机身轻薄，携带毫无压力，1080P屏幕色彩很正，目常处理文档、看视频都甲后流畅不卡顿，续航也够用，性价比确实高。,0,该店铺购买≥2次,5,32G,1T,16
151,卷***叶,2025-11-27,14英寸酷睿版 标压酷睿Ultra 5|32G 1T,国补价格合适，笔记本重量也合适，平时带着很方便。买来用了一个月，用起来没什么问题，很流畅。不过我只用了办公软件的功能，还挺够用的。,0,否,5,32G,1T,14
152,馋嘴王大锤A,2025-10-30,16英寸酷睿版 标压酷睿Ultra 5|32G 1T,性能挺好的，内存?也挺足的，运行速度也比较可以，性价比挺高的，声音也比较清晰清楚，外观样式一般普通，运行挺快的，散热效果不错,0,该店铺购买≥2次,5,32G,1T,16
153,明谦2018,2025-11-15,16英寸酷睿版 标压酷睿Ultra 5|32G 1T,不错的电脑，双11活动价还算实惠，配置也很够用了，屏幕很大，做工还算精致，想再买又涨价了，下次继续考虑老品牌的哦，不错不错。,0,该店铺购买≥10次,5,32G,1T,16
154,乐***臣,2025-11-04,14英寸酷睿版 标压酷睿Ultra 5|32G 1T,我买的这个很小巧，重量还可以，外观简洁大方，画面清晰，颜色不错，反应速度快，久开没有发热。快递快得不得了。客服耐心热情。建议买大尺寸一点，遇到字小又调不了的，眼睛会舒服些。,0,否,5,32G,1T,14
155,jd_pnj72u8ch78u62,2025-11-15,14英寸酷睿版 标压酷睿2代Ultra 5|32G 1T,客服消息快速 效率高 物流也很快 收到货电脑无损坏 还用空气膜保护了 外观很清晰 操作很流畅没有出现卡顿情况,0,否,5,32G,1T,14
156,j***m,2025-11-15,14英寸酷睿版 标压酷睿Ultra 5|32G 1T,这款笔记本不错，对比了好久选择的，性价比可以，要是也有网口就好了，新机开机快，速度也快，清晰度高，14寸小巧易携带，目前用着不错,0,该店铺购买≥2次,5,32G,1T,14
157,叫我绵羊小姐,2025-10-31,14英寸酷睿版 标压酷睿2代Ultra 5|32G 1T,买给孩子上学用的 配置足够使用 孩子收到简直开心坏了 电脑运行速度也很快 屏幕的画质很好 孩子上课背着电脑也很轻便 推荐大家购买 作为大学生上学时候太合适了,0,否,5,32G,1T,14
158,花笑风儿,2025-11-11,14英寸酷睿版 标压酷睿2代Ultra 5|32G 1T,性价比高，32G?1T小巧玲珑，随身携带性能也不差，不打游戏足够用了显示器屏幕够细腻，不亏 2.8K,0,该店铺购买≥2次,5,32G,1T,14
159,12ow2doe5l0m66,2025-11-05,14英寸酷睿版 标压酷睿2代Ultra 5|32G 1T,电脑到手和网宣图片没有差别，色泽很新，没有磕碰的痕迹，内存足够大，可以体验游戏，小屏上手很轻便，特别值得推荐购买,0,否,5,32G,1T,14
160,815jk89dhqs253,2025-12-04,14英寸酷睿版 标压酷睿Ultra 5|32G 1T,联想小新笔记本是性价比之选，轻薄便携适配通勤学习，2.8K高刷屏+均衡性能，多任务、轻度创作无压力。长续航搭配丰富接口，AI功能加持效率，仅部分机型音响、高负载散热略有不足，学生党与办公族闭眼入。,0,否,5,32G,1T,14
161,j***5,2025-11-08,14英寸酷睿版 标压酷睿Ultra 5|32G 1T,这款电脑真的太香了！外观设计超有质感，拿在手里沉甸甸的，很有分量感。屏幕显示清晰细腻，色彩饱满，看视频、刷剧都超级爽！运行速度也快得飞起，多任务切换毫无压力，简直是我的掌上神器！,1,否,5,32G,1T,14
162,w***6,2025-11-13,14英寸酷睿版 标压酷睿Ultra 5|32G 1T,运行速度：非常快屏幕效果：美观实用。轻薄程度：还行还行。外形外观：规中矩????????你是银河馈赠给我的一颗糖散热性能：没得话说。性价比很好。还是值得入手的。,0,该店铺购买≥2次,5,32G,1T,14
163,吃货大侠_,2025-11-08,14英寸酷睿版 标压酷睿Ultra 5|32G 1T,家里电脑老了，换个新的笔记本配置非常高。办公玩游戏完全没有压力散热性能：不错不错不错外形外观：外观很好看屏幕效果：屏幕显示好完美色彩还原膏运行速度：配置优秀 不错,0,该店铺购买≥2次,5,32G,1T,14
164,f***9,2025-11-03,16英寸酷睿版 标压酷睿Ultra 5|32G 1T,京东快递给力，下单后十几个小时就到了，颜色是灰色的很大气，金属机身外观精美，屏幕亮度色彩都不错，运行流畅不卡顿，性价比高，值得购买！,0,否,5,32G,1T,16
165,3***5,2025-12-06,14英寸酷睿版 标压酷睿2代Ultra 5|32G 1T,这款电脑键盘操作很流畅，外壳很有质感，系统反应也很好，有很多AI功能很实用，性价比比较高，双11买的，还有补贴很合适，满意,0,否,5,32G,1T,14
166,jd_580z14tut7u76k,2025-11-08,14英寸酷睿版 标压酷睿2代Ultra 5|32G 1T,运行速度还是不错的，续航还是蛮不错的，多任务也还是比较流畅，接口升级了，不错不错不错不错不错，这款比较合适，选了很久的 送的速度还是很快,0,该店铺购买≥2次,5,32G,1T,14
167,kb2x3ys8evvwri,2025-12-22,16英寸酷睿版 标压酷睿Ultra 5|32G 1T,电脑不错，挺颜值挺高的，然后重量也非常合适。嗯，对于我们来说非常非常的棒，然后学习呀，看管控呀都能满足，还是喜欢用联想系统是非常好用的,1,否,5,32G,1T,16
168,谢沁,2025-11-11,14英寸酷睿版 标压酷睿2代Ultra 5|32G 1T,非常好用的笔记本电脑，性能也很强劲，屏幕特别好。京东的物流很快很快就拿到了自己心爱的笔记本电脑，这个笔记本电脑的品质很好，还是联想大品牌。,0,该店铺购买≥2次,5,32G,1T,14
169,w44138hqizi032,2025-11-04,14英寸酷睿版 标压酷睿2代Ultra 5|32G 1T,电脑收到啦！期待了很久，也选了很久，之前的电脑就是联想小新，用了7年还是很好用，觉得性能还不错所以这次还是换的小新，果然这次也很满意，没有失望，太开心啦！,0,否,5,32G,1T,14
170,黑***者,2025-11-09,16英寸酷睿版 标压酷睿Ultra 5|32G 1T,整体还可以，送货速度很快，工程师上门开荒也很速度，新机手感很舒适，运行速度也比较快，价格比淘宝便宜，适合日常在家办公用，整体好评吧,0,否,5,32G,1T,16
171,J***2,2025-12-14,16英寸酷睿版 标压酷睿Ultra 5|32G 1T,联想笔记本收到了，很好用，比我以前的那个要好很多，国补价格实惠，是新品，靠谱，运行流畅，散热好，出差方便携带，显示效果好,0,该店铺购买≥2次,5,32G,1T,16
172,禾苗CK,2025-12-12,14英寸酷睿版 标压酷睿Ultra 5|32G 1T,给妹妹上大学用，联想小新笔记本不管是外观还是系统都是很不错的，运行流畅，分辨率可以，性价比也很高！！买电器还是到京东，有保障,0,否,5,32G,1T,14
173,j***B,2025-12-21,16英寸酷睿版 标压酷睿2代Ultra 7|32G 1T,嗯，最近想买电脑，看来看去呢还是选择了联想这个品牌。然后看联想小新这一款嗯，16 英寸的ultra7呢有活动。嗯，所以呢就是赶紧入手买了一台。这几天用下来呢，感觉确实还是比较流畅的。比起ultra 5它的运行速度肯定是快很多，希望喜欢的宝子们赶紧下手吧,0,该店铺购买≥2次,5,32G,1T,16
174,G***r,2025-11-05,14英寸酷睿版 标压酷睿Ultra 5|32G 1T,非常不错的一次购物体验，发货速度特别快，价格十分美丽动人心弦，4100拿下，运行速度很快，用个几年没有问题，日常办公足够了。,0,该店铺购买≥2次,5,32G,1T,14
175,mmf我心飞翔,2025-11-09,16英寸酷睿版 标压酷睿Ultra 5|32G 1T,双11还没有到，小孩就赶紧给我打电话给他买电脑，挑了两三天，最终还是选择了这一款，本来我选的神州品牌带独立显卡的，小孩喜欢这一款没办法，商品收到了，小孩说非常喜欢,0,否,5,32G,1T,16
176,j***n,2025-11-11,14英寸酷睿版 标压酷睿2代Ultra 5|32G 1T,1t的内存完全够用，关键是这个笔记本也太好看了叭，我上一个用的也是联想的本，用了10年没出过问题，就是有点卡了，所以很信任联想的电脑，换新电脑后旧的真的用不下去了，新的太好用了哈哈哈哈哈,0,否,5,32G,1T,14
177,jd_139010yrb,2025-12-16,14英寸酷睿版 标压酷睿Ultra 5|32G 1T,电脑来了，快递确实挺快的，包装完好，没有任何的磕碰，用了几天，感觉很不错，很理想，价格不贵，银屏跟键盘都挺适合的，点赞推荐，不错不错,0,该店铺购买≥2次,5,32G,1T,14
178,750765739,2025-12-04,16英寸酷睿版 标压酷睿2代Ultra 5|32G 1T,对比了几个品牌，也对比了同品牌不同配置，最终选了这款笔记本电脑，外观不错，屏幕颜色鲜艳，运行起来一点都不卡，价格也可以，挺满意的。,0,否,5,32G,1T,16
179,jd_t6457y7e7176d1,2025-11-13,14英寸酷睿版 标压酷睿2代Ultra 5|32G 1T,梦寐以求的小新终于到手了，颜色很好看，手感很好，最主要的是很轻，出差携带方便，大爱，推荐给有需要的人,0,否,5,32G,1T,14
180,enya_zhou,2025-11-21,16英寸酷睿版 标压酷睿Ultra 5|32G 1T,电脑超薄，运行速度快，是办公学习的好帮手，买给刚上大学的儿子，反馈非常不错。屏幕大小合适，外型优雅简洁，非常不错，超推荐。显色度非常逼真，性价比超高的办公电脑,0,该店铺购买≥2次,5,32G,1T,16
181,熬夜退役選手,2025-11-02,16英寸酷睿版 标压酷睿Ultra 5|32G 1T,续航强，刷题时连刷几小时不掉电，分屏看课 记笔记超方便。高考备考靠它查错题、记知识点， 稳扎稳打，助我从容应战，没白选！,0,该店铺购买≥2次,5,32G,1T,16
182,jdmiaoshtpg,2025-11-15,16英寸酷睿版 标压酷睿Ultra 5|32G 1T,这款联想笔记本电脑工人很强大，显示度很高，然后屏幕也比较宽敞，功能也非常齐全，做工也很好，细节做得很到位，有需要买电脑的朋友可以尝试入手这一款试试,0,该店铺购买≥2次,5,32G,1T,16
183,浩***物,2025-11-07,14英寸酷睿版 标压酷睿Ultra 5|32G 1T,联想是大品牌了，上大学就是买的联想，上班了也是一直用，这次买了小新系列，轻薄小巧，适合移动办公，出差携带，很喜欢，系统也很顺畅。,0,该店铺购买≥2次,5,32G,1T,14
184,xnlt3u3af811ko,2025-10-30,14英寸酷睿版 标压酷睿2代Ultra 5|32G 1T,电脑收到了，很不错轻巧对大学生还是很方便携带对于手感什么的相对来说还不错，是自己很喜欢的一个品牌，终于买到了，还是很高兴虽然没有抢到国补优惠了几百块钱，还是挺不错的吧,0,否,5,32G,1T,14
185,蜜***基,2025-12-16,14英寸酷睿版 标压酷睿Ultra 5|32G 1T,小巧轻薄，外观设计也好看大气，特别适合女生便携使用，运行速度现在看来还是很快，毕竟是新的看不出来什么，就只有外观这些看得出来,0,否,5,32G,1T,14
186,jd_158576nyh,2025-11-06,16英寸酷睿版 标压酷睿Ultra 5|32G 1T,小新16pro，这个配置之前至少6000打底的，现在价格又便宜，性能强，续航呢也有了一点上升，而且还有部分游戏也可以玩，确实可以I’m j,0,该店铺购买≥10次,5,32G,1T,16
187,duoqiuyo,2025-11-04,14英寸酷睿版 标压酷睿Ultra 5|32G 1T,这款笔记本电脑用了一段时间了，包装完整，送货及时，运行速度快，外观很漂亮，容易携带，满足日期办公，散热性能好，价格合理。,0,该店铺购买≥2次,5,32G,1T,14
188,p***h,2025-11-07,14英寸酷睿版 标压酷睿2代Ultra 5|32G 1T,拍下后，第二天就收到了，下午工作人员来帮忙安装的系统，已经用上了，电脑操作流畅，使用感受很好，已经推荐同事购买了。,0,该店铺购买≥2次,5,32G,1T,14
189,p***v,2025-12-07,14英寸酷睿版 标压酷睿2代Ultra 5|32G 1T,已购14英寸酷睿版标压酷睿2代U..挺棒的，老婆买了小新pro14用来办公的，32g内存+1tb的固态应该能用好几年了！，屏幕追剧也超级棒，开机10几秒，电池的话用个半天应该没问题！,0,该店铺购买≥2次,5,32G,1T,14
190,jd_xa8v10z66mi3o9,2025-12-25,16英寸酷睿版 标压酷睿2代Ultra 7|32G 1T,老品牌靠谱，笔记本电脑外观设计简洁时尚精细大方，屏幕大又很清晰，使用体验超出预期，运行流畅速度快，物流配送快，快递包装严实，下次回购。,0,否,5,32G,1T,16
191,jd_133209qqo,2025-12-24,14英寸酷睿版 标压酷睿Ultra 5|32G 1T,给我家小孩买了学习用的，笔记本小巧，很薄。出门带着也方便，很适合办公用，强力推荐。如果要玩游戏的话，性能达不到你想的要求。好东西，分享给大家，有需求的，冲冲冲。,0,否,5,32G,1T,14
192,leung133,2025-12-18,14英寸酷睿版 标压酷睿Ultra 5|32G 1T,V L@R物流速度很快，晚上下单，第二天收到了，一直都在京东买东西，品质有保障，包装完好，旧的电脑太慢了，更换，外观好看，这个牌子质量很好，外理文件很快，还会继续支持。,0,否,5,32G,1T,14
193,z***q,2025-12-06,14英寸酷睿版 标压酷睿Ultra 5|32G 1T,1.一分价钱一分货，贵一点的比之前买的感觉快了很多。2.开机迅速，设置简单。3.外观简约，手感也不错。4.快递迅速，包装到位。,0,该店铺购买≥10次,5,32G,1T,14
194,Z***6,2025-11-21,14英寸酷睿版 标压酷睿Ultra 5|32G 1T,京东销量第一名联想大品牌应该不会差，512G大内存运行很流畅，一点也不卡，噪音也还好，在学校拿去办公很方便，14寸刚刚好，也不会很重。,0,否,5,32G,1T,14
195,豪豪不亏,2025-11-13,14英寸酷睿版 标压酷睿2代Ultra 5|32G 1T,联想小新轻薄本性价比拉满，2K 高刷屏护眼清晰，机身便携续航给力，性能能覆盖办公学习与轻度创作，细节贴心、售后靠谱，是实用党闭眼入的优选。,0,否,5,32G,1T,14
196,v***1,2025-12-03,14英寸酷睿版 标压酷睿Ultra 5|32G 1T,我用的不多，到目前为止运行良好，性能对我来说够用了，各项操作都没有问题，机身颜色挺好看。自带的office软件也很实用。,0,否,5,32G,1T,14
197,t***娘,2025-11-15,14英寸酷睿版 标压酷睿Ultra 5|32G 1T,趁着双十一赶紧挑了一款笔记本，特意选了一款小号的，携带起来方便。自己家里用用，给孩子打印作业方便了许多。京东物流本来是当天能到，结果第二天才到，不过也是次日达，很给力了。,0,否,5,32G,1T,14
198,jd180866ofe,2025-12-04,16英寸酷睿版 标压酷睿2代Ultra 5|32G 1T,非常棒的笔记本，大小外观性能都很满意，颜色妥妥的高大上这个配置至少能用个四五年吧，非常快捷！显示清晰！推荐推荐，非常推荐,0,该店铺购买≥2次,5,32G,1T,16
199,wyb34ox48j0jga,2025-11-15,16英寸酷睿版 标压酷睿2代Ultra 5|32G 1T,便携，不重，接口足够，电池续航够用，存储空间足够，很喜欢这个电脑，也很喜欢联想小新这个系列??????,0,否,5,32G,1T,16
200,就是好朋友,2025-12-21,16英寸酷睿版 标压酷睿Ultra 5|32G 1T,这台电脑性能强劲，运行流畅不卡顿，外观简约大气，散热效果出色，续航能力也很给力，无论是办公还是娱乐都能轻松应对，性价比高,0,该店铺购买≥2次,5,32G,1T,16
201,DavidKoko1,2025-11-16,16英寸酷睿版 标压酷睿Ultra 5|32G 1T,外观设计很好高端大气上档次，运行速度也很快，买来办公用的，也可以打游戏、性价比很高、秒杀同价位所有电脑。非常棒，价格实惠。,0,该店铺购买≥2次,5,32G,1T,16
202,9i4tf3c1d0lzrn,2025-11-11,14英寸酷睿版 标压酷睿2代Ultra 5|32G 1T,新电脑到手特别漂亮，包装很完整，激活也很简单，还送了office，色彩鲜艳，屏幕也很亮，存储空间很大,0,否,5,32G,1T,14
203,随遇而安_8866,2025-11-12,16英寸酷睿版 标压酷睿Ultra 5|32G 1T,买来给小朋友上网课写作业用的，双十一当天国补和联想的劵加起啦优惠了一千多，挺不错的，孩子说用起来很方便，屏幕大手感也非常好。,0,否,5,32G,1T,16
204,jd_158480udx,2025-11-01,14英寸酷睿版 标压酷睿Ultra 5|32G 1T,电脑好评，买给女朋友的，重量控制的很好，充电器也比较小巧，新电脑用以旧换新补贴以后到手不到四千，感觉性价比很高，电脑自带了ai软件，希望好用,0,否,5,32G,1T,14
205,残***y,2025-11-12,14英寸酷睿版 标压酷睿Ultra 5|32G 1T,这款电脑很不错，颜值很高，联想大品牌值得信赖，物流发货很快，包装严实，很满意的一次购物，物美价廉，五星好评，推荐购买，性能也不错，性价比很高！,0,否,5,32G,1T,14
206,-五里雾-,2025-11-13,16英寸酷睿版 标压酷睿Ultra 5|32G 1T,符合我的预期效果，运行速度快，外观设计美观大方，屏幕效果很好，散热性能稳如老狗。价格是一个槽点，联想还是比其他的品牌贵的。,0,该店铺购买≥10次,5,32G,1T,16
207,jd_0662850,2025-11-24,14英寸酷睿版 标压酷睿Ultra 5|32G 1T,此款电脑已关注3个月了，这次双十一果断出手了，有！ 国补和平台优惠券、购买价格优惠. 此电脑系统终身免费. 运行速度非常流畅又快速. 值得信赖和购买,0,该店铺购买≥2次,5,32G,1T,14
208,j63go3f81tur1t,2025-11-08,14英寸酷睿版 标压酷睿Ultra 5|32G 1T,发货速度很快，包装完好无损，送货上门，服务态度很好，价格实惠，运行速度很快，屏幕效果很好，外观设计合理，散热效果很好，值得推荐购买，,0,该店铺购买≥2次,5,32G,1T,14
209,shse43w84j4t67,2025-11-07,16英寸酷睿版 标压酷睿2代Ultra 5|32G 1T,一直用联想的笔记本电脑，最大的好处就是稳定，各方面都很均衡。所以再买一个用来办公，用准备带到国外去用，这个颜值不错，性性能也还可以。,0,该店铺购买≥2次,5,32G,1T,16
210,jd_138399uxr,2025-11-07,16英寸酷睿版 标压酷睿Ultra 5|32G 1T,运行速度比较快，颜值特别高，双十一活动价格实惠，对这个电脑笔记本??很满意，太棒了，太优秀了，好看(???)又好用，不错。,0,该店铺购买≥2次,5,32G,1T,16
211,煎饼果子马卡龙,2025-11-01,14英寸酷睿版 标压酷睿Ultra 5|32G 1T,新电脑用起来就是得劲，就是舒服，颜色非常的鲜艳，键盘手感非常的棒，接口也非常的够用。要是价格能再低一点，那就更完美了，奶思,0,否,5,32G,1T,14
212,初***-,2025-12-14,14英寸酷睿版 标压酷睿Ultra 5|32G 1T,买过联想两个电脑了，第一个是买给妹妹的，用了四年没有任何问题，反应也很快，本来我自己是用其他牌子的，觉得不好用，也换了联想，跟妹妹同一个款式，不同年份生产而已，价格也优惠划算,0,该店铺购买≥2次,5,32G,1T,14
213,jd_fyIpEWzlcgKC,2025-11-15,14英寸酷睿版 标压酷睿5 220H|24G 1T,发货速度 包装完好京东购买电子产品还是很放心的这款小新轻薄 接口丰富使用很方便 性能稳定屏幕非常惊艳 清晰 感受极佳,0,否,5,24G,1T,14
214,j***j,2025-11-28,16英寸酷睿版 标压酷睿2代Ultra 5|32G 1T,??开箱即惊喜，包装严实无破损！??键盘手感极佳，敲击清脆有力～???触控板灵敏顺滑，操作流畅自如?物流超快，送货准时，服务贴心??整体体验满分，值得推荐！????,0,该店铺购买≥2次,5,32G,1T,16
215,清爽行者_畅快0592,2025-11-12,16英寸酷睿版 标压酷睿Ultra 5|32G 1T,?性能体验?：电脑运行速度超快，处理器强劲，多任务处理无压力，办公游戏都流畅，32GB处理器开机秒速，运行大型软件毫无卡顿。,0,否,5,32G,1T,16
216,圣***5,2025-12-09,14英寸酷睿版 标压酷睿Ultra 5|32G 1T,小小巧巧的，非常好用，价格也可以，推荐购买自营商品，送货速度快，价格也不算贵，日常办公也够用了-有国补真是太香了，赶紧下手,0,否,5,32G,1T,14
217,Keyman_Qi,2025-10-31,14英寸酷睿版 标压酷睿Ultra 5|32G 1T,刚好需要一台笔记本本，试下 Ultra 的 AI 芯片，联想小新算联想里综合性价比较高的本本，希望既满足使用，也能耐久。外观中规中矩，不特别也不难看,0,该店铺购买≥2次,5,32G,1T,14
218,j***x,2025-11-02,16英寸酷睿版 标压酷睿2代Ultra 5|32G 1T,联想电脑，看了一下性能，感觉这款电脑比较适合大学生，性能挺流畅的，页面也挺快，整体感觉还是很不错。给予好评。,0,该店铺购买≥2次,5,32G,1T,16
219,7***4,2025-12-26,14英寸锐龙版 标压锐龙7 H 255|24G 1T,好久不上班了，以前的笔记本都老化太慢了，这次选了这款，鼠标链接有蓝牙、直插两种方式，这样U口少也够用了。摄像头带独立开关，比较安全，笔记本挺薄的，很快很好用。,4,否,5,24G,1T,14
220,j***z,2025-11-04,16英寸酷睿版 标压酷睿2代Ultra 5|32G 1T,挺大的够用系统wins熟悉系统 不是特别轻的可是速度上使用上大一点的屏幕还是更舒适些 各方面都好 用了一段时间才来反馈的,0,否,5,32G,1T,16
221,嘻嘻哈哈9612,2025-12-18,14英寸酷睿版 标压酷睿Ultra 5|32G 1T,给家里人买的 用了一段时间整体挺好的 现在看着没有任何问题 整体办公和游戏都是有用的 整体轻薄轻便 也很适合携带回家或者出差,0,否,5,32G,1T,14
222,小六4674,2025-11-23,14英寸酷睿版 标压酷睿2代Ultra 5|32G 1T,新手买电脑，不知道怎么选择，去京东电器线下店看了看，销售员介绍了下，最终决定买这款的。已经用了几天，感觉还可以。日常家用。,0,否,5,32G,1T,14
223,包***嘛,2025-11-02,14英寸酷睿版 标压酷睿2代Ultra 5|32G 1T,表弟刚上技校，需要学画图，所以买一个手提～平时的画图用！送货非常的快，上午才下的呢，下午就送到了！最近这个酷睿的CPU很不错，经过多方研究还是买了这一款～这个虽然有点小贵，但是性能相当好。,0,该店铺购买≥2次,5,32G,1T,14
224,eagle256,2025-11-06,14英寸酷睿版 标压酷睿2代Ultra 5|32G 1T,给妹妹买来上学用的，性价比非常高，特别实用。再加上京东平台服务态度好，售后服务有保障。还有就是联想的品控好，质量好。总体好评！,0,否,5,32G,1T,14
225,20130625xm,2025-12-10,14英寸酷睿版 标压酷睿2代Ultra 5|32G 1T,高端大气上档次，目前使用非常满意。接口丰富各种usb type-c hdmi等满足目前办公需求。键盘手感不好，屏幕很亮，唯一就是价格贵了点。联想品牌加持！,0,该店铺购买≥2次,5,32G,1T,14
226,x***i,2025-11-17,16英寸锐龙版 标压锐龙7 H 255|24G 1T,京东快递包装很仔细，当天下雨，快递小哥不能送货上门还特意打来电话，运行速度流畅，对我而言唯一缺点是不能下载IE浏览器，也就无法安装运行工行和中行的网银，。,0,该店铺购买≥2次,5,24G,1T,16
227,j***v,2025-11-28,14英寸酷睿版 标压酷睿Ultra 5|32G 1T,屏幕色彩鲜艳，运行流畅，键盘手感舒适，电池续航给力！日常办公学习完全胜任～????价格也不贵，总体来说是非常满意的一次购物,0,该店铺购买≥2次,5,32G,1T,14
228,李保峰111,2025-11-06,16英寸酷睿版 标压酷睿Ultra 5|32G 1T,国服买来的非常划算，物流也非常快，当天就到了。买来给公司办公用，采购了几台，真的挺不错的，一直用的就是联想。虽然说老总不咋地，但是，也还能接受。,0,否,5,32G,1T,16
229,8***7,2025-12-14,14英寸酷睿版 标压酷睿Ultra 5|32G 1T,电脑刚好坏了，之前也是用的联想的一款游戏本，所以又选了这个新款的，买之前还是有点担心的，但是收到之后很满意，赠品也多，价格也比较实惠，好评好评,1,否,5,32G,1T,14
230,8twdx0c17cz2d8,2025-12-13,16英寸锐龙版 标压锐龙7 H 255|24G 1T,弟弟上大学了，给他补充一下生活装备，淘了好久，对比了好多型号，最终还是决定买这款给他，距离收货有一段时间了，弟弟说用着不错，他喜欢就好！,0,否,5,24G,1T,16
231,李劼_,2025-11-04,14英寸酷睿版 标压酷睿2代Ultra 5|32G 1T,之前的电脑摔坏了，新换了一台联想小新14pro，使用下来运行速度很快，色彩也不违和，还得是大品牌，产品有保障。,0,否,5,32G,1T,14
232,227q38dwpfw716,2025-10-27,14英寸酷睿版 标压酷睿Ultra 5|32G 1T,联想笔记本电脑小新Pro品牌知名度高，运行流畅，屏幕清晰，物美价廉，物流及时，包装完好，一次很好的购物体验，今后还会再买。,0,否,5,32G,1T,14
233,土***r,2025-12-22,16英寸酷睿版 标压酷睿Ultra 5|32G 1T,在自己合理预算范围内选择了性价比比较高的笔记本电脑。本人买这台电脑不是用于打游戏，主要用于办公，流畅度很好，体验很好。推荐大家购买。,1,该店铺购买≥2次,5,32G,1T,16
234,w7gppdug67sgc7,2025-11-03,16英寸酷睿版 标压酷睿Ultra 5|32G 1T,收到啦，很不错，非常喜欢，值得购买，(*^__^*) 嘻嘻……用了一段时间才来评论，很好用，运行速度也很快，屏幕效果很好，护眼,0,该店铺购买≥2次,5,32G,1T,16
235,W***y,2025-12-05,16英寸酷睿版 标压酷睿Ultra 5|32G 1T,够用          速度快        显示鲜艳     不卡 散热好。          打游戏追剧一点不卡 很好,0,否,5,32G,1T,16
236,j***4,2025-11-08,14英寸酷睿版 标压酷睿2代Ultra 5|32G 1T,给家里人买的，挑了很久，最后还是选了这款的32g+1t。电脑整体看起来不错，各方面性能也符合她的上课需求。,0,否,5,32G,1T,14
237,淳***筑,2025-11-10,14英寸酷睿版 标压酷睿2代Ultra 5|32G 1T,电脑外观中规中矩，重量合适便于携带，适合日常学习和办公使用。配置方面酷睿ultra5二代处理器，运行速度较快，2.8k的高刷oled显示屏，画质鲜艳和细腻，看视频玩游戏效果非常nice，接口配置也很齐全。唯一有点美中不足的是外接电源适配器还是很多年前的样式，希望厂家进行改进一下，总体来说这款电脑的性价比还是不错的。,1,该店铺购买≥2次,5,32G,1T,14
238,u***w,2025-12-11,16英寸酷睿版 标压酷睿Ultra 5|32G 1T,物流快，包装精致无损，质量不错??使用方便快捷，按键灵敏，没有卡，还不错??喜欢??性价比高，就是没有送鼠标这些东西，有点失望,0,否,5,32G,1T,16
239,雪-飘-飘,2025-11-12,14英寸酷睿版 标压酷睿Ultra 5|32G 1T,给家里大学生买的电脑，发货着实够快，十二点下单，下午就收到货了，大学生试用了一下，觉得很满意呢，性价比还可以，联想大品牌，值得信赖啊,0,该店铺购买≥2次,5,32G,1T,14
240,小雅空间,2025-12-14,16英寸酷睿版 标压酷睿Ultra 5|32G 1T,速度快，运行速度：速度快屏幕效果：屏幕效果好散热性能：散热性能好外形外观：外观好看美观，大气上档次太美丽了外观也好看。真的太爱了。非常的好。完美，有需要的可以冲,0,该店铺购买≥2次,5,32G,1T,16
241,jd_蔡英66,2025-11-03,14英寸酷睿版 标压酷睿2代Ultra 5|32G 1T,漂亮，精致，我没家妹妹超级喜欢，顺畅度很高，下载也很快，值得推荐，就是我没领到国补，原价购买，贵了不少,0,该店铺购买≥2次,5,32G,1T,14
242,李***人,2025-11-07,14英寸酷睿版 标压酷睿Ultra 5|32G 1T,这款电脑屏幕比之前的要宽了一些，接口够用的键盘，手感非常颜色，我选的是灰色的，运行速度挺快的孩子之前就用的这个品牌，现在换了一款升级版会推荐给朋友,0,该店铺购买≥2次,5,32G,1T,14
243,0i2xd1u87c7338,2025-11-19,14英寸酷睿版 标压酷睿2代Ultra 5|32G 1T,"上一款电脑用了好久了，这次终于趁着双十一有活动，下手了一款新的电脑…联想小新pro14,当下相当热度好评都很不错的电脑，使用了几天，体验感很好…",0,否,5,32G,1T,14
244,g37h31aekp2y5t,2025-11-15,16英寸酷睿版 标压酷睿Ultra 5|32G 1T,上午刚收的货 外包装内包装都完好无损 也确认了是新机 简单用了一下 下载了微信什么的 都挺好的 明天就带去学校用了,0,否,5,32G,1T,16
245,jd_1c690bv3kilo95,2025-11-14,14英寸酷睿版 标压酷睿2代Ultra 5|32G 1T,大家好，我是买了这个电脑刚一周，目前没有任何问题，而且是新产出的，不用担心二手，屏幕，亮度没有瑕疵，散热性能良好，是轻薄本很便携，外观简约大气，大家放心吧我不是托。,0,否,5,32G,1T,14
246,k***8,2025-10-26,16英寸酷睿版 标压酷睿Ultra 5|32G 1T,电脑还可以，只是没等到国补，小孩读书急用，买了一个星期降价了,1,否,3,32G,1T,16
247,JDSvipPlus_001,2025-11-22,14英寸酷睿版 标压酷睿2代Ultra 5|32G 1T,运行速度：很快，不卡顿，开了好多窗口也不卡屏幕效果：2.5k 高刷屏，亮度和色彩很不错散热性能：很好，没怎么发烫，外形外观：外观轻薄简便，很轻盈小巧。,0,否,5,32G,1T,14
248,0rhg9vzz466cx8,2025-11-11,14英寸酷睿版 标压酷睿2代Ultra 5|32G 1T,用了两天，看了看功能，嗯，总体来说还是不错的，有几个功能比较新奇，一翻看就开机，这个还在研究中，外观还是不错的。浅灰色的显得很精致。不知道office是不是永久免费,0,否,5,32G,1T,14
249,消***蟹,2025-11-12,14英寸酷睿版 标压酷睿Ultra 5|32G 1T,电脑收到了，配置可以，开机联网自动激活的，会自动更新系统，但是鼠标没有送的，要自己另外购置，屏幕很清晰，14寸大小合适平时学习办公用了,0,否,5,32G,1T,14
250,jd_181406pia,2025-11-18,14英寸酷睿版 标压酷睿2代Ultra 5|32G 1T,这是给侄女上大学买的电脑精心挑选的。然后看京东平台送货愉快，质量也有保障，然后直接就下单买了，他特别喜欢性能也挺好的，而且也做了活动运行速度：很快屏幕效果：认清楚散热性能：散热都比较快,0,否,5,32G,1T,14
251,3***6,2025-11-03,14英寸酷睿版 标压酷睿2代Ultra 5|32G 1T,笔记本颜值挺不错的，金属质感很好，系统用起来也挺流畅，接口也比较丰富，总之挺喜欢的，非常棒的一次购物体验！！！,0,该店铺购买≥2次,5,32G,1T,14
252,杨***鸣,2025-12-02,14英寸锐龙版 标压锐龙7 H 255|24G 1T,这款联想笔记本运行流畅，轻薄便携，办公学习都很给力??? 多任务处理毫无压力，存储空间也够用???? 快递包装严实，送货超快???? 客服态度热情，整体体验满分??????,0,该店铺购买≥2次,5,24G,1T,14
253,jd_UxnmtnrvYghi,2025-11-15,14英寸酷睿版 标压酷睿2代Ultra 5|32G 1T,非常轻薄的一个笔记本电脑，运行速度非常快，散热效果好，外观整洁干净，漂亮美观，值得信赖，值得购买，非常经济实惠，非常高兴购买此款电脑。,0,该店铺购买≥2次,5,32G,1T,14
254,j***u,2025-11-02,14英寸酷睿版 标压酷睿Ultra 5|32G 1T,设计很美观，手感很好，一直等16没等到国补哦，买的14，没有失望，使用很流畅，日常办公绝对够用了，希望可以一直好用下去。,0,该店铺购买≥2次,5,32G,1T,14
255,海深1,2025-12-01,14英寸酷睿版 标压酷睿2代Ultra 5|32G 1T,用着可以开多个窗口也不开，散热也可以，内存足够大，简单剪视频也可以，外形好看，就是重量不太轻，音效不是特别好，听着不是很好,0,否,5,32G,1T,14
256,言***庭,2025-11-17,16英寸酷睿版 标压酷睿Ultra 5|32G 1T,电脑性能超出预期，多任务切换无压力，屏幕显示清晰，机身轻薄便携，携带出门很方便，物超所值，真心好评！价格实惠客服热情推荐大家购买！,0,该店铺购买≥2次,5,32G,1T,16
257,航天深潜,2025-11-16,16英寸酷睿版 标压酷睿Ultra 5|32G 1T,联想小新16Pro设计新颖独特，功能十分强大。屏幕表现惊艳，存储空间大且运行流畅。搭载Windows11系统拓展无限可能，双11优惠入手超划算，值得拥有。,0,否,5,32G,1T,16
258,小小赞股,2025-11-12,14英寸酷睿版 标压酷睿2代Ultra 5|32G 1T,给正在上大学的妹妹买的，她收到之后很喜欢，这款电脑很适合女生，携带方便。颜值担当，希望能陪伴她四年的大学生活，以后需要会再来购买！,0,该店铺购买≥2次,5,32G,1T,14
259,煜林2738,2025-11-13,14英寸酷睿版 标压酷睿5 220H|24G 1T,买了一台联想笔记本电脑小新Pro14 ，酷睿5 220H 24G 1T 2.8 k高刷OLED，到货速度快，包装完好，款式新颖，使用方便，质量非常好！,0,该店铺购买≥2次,5,24G,1T,14
260,W***生,2025-11-14,16英寸酷睿版 标压酷睿Ultra 5|32G 1T,看了好几家品牌电脑，最终选上了这款联想小新。总的来说性价比还可以的。开机速度比较快，十几秒吧，手感轻盈。办公用性能完全足够了。就是联想有点小气，拍这么大一个电脑，连个鼠标都不送。,0,否,5,32G,1T,16
261,Charlene_20,2025-11-09,14英寸酷睿版 标压酷睿2代Ultra 5|32G 1T,联想小新笔记本性价比高，适合学生使用。轻薄便携，电池续航长。客服态度好，解决了我所有的问题。外观精美，手感舒适。散热效果好，长时间使用不发热。商家热情，购物体验愉快。,0,该店铺购买≥2次,5,32G,1T,14
262,jd_swPJlfpgCUFg,2025-11-24,14英寸酷睿版 标压酷睿Ultra 5|32G 1T,大学文科生买入，需求是写论文做ppT，玩游戏，自己在网上选了这个，存储空间足够，电池续航长，用起来方便，价格适中，性你比高，点赞,0,否,5,32G,1T,14
263,jd_182520pvu,2025-11-16,14英寸酷睿版 标压酷睿2代Ultra 5|32G 1T,运行速度：快屏幕效果：细腻散热性能：良好外形外观：喜欢的外观轻薄程度：挺好的目前刚激活在用，运行还是流畅的，但是11系统还是不大习惯需要调教调教的，整体的购买情况比较好，等后面反馈,0,该店铺购买≥2次,5,32G,1T,14
264,u_pafnbvxlf4zd,2025-11-18,16英寸锐龙版 标压锐龙7 H 255|24G 1T,运行速度：更新系统好慢屏幕效果：还行，有高刷外形外观：办公标准外观没特色强烈建议用命令跳过联网激活更新和登陆，不然浪费时间成本。,0,否,5,24G,1T,16
265,20az0r6ko1lssz,2025-11-02,14英寸酷睿版 标压酷睿Ultra 5|32G 1T,这款小信笔记本真是给了我大大的惊喜！外观设计简约时尚，轻薄便携，带出门一点不费劲。性能相当给力，处理日常办公和学习任务非常流畅，多开窗口也不卡顿。屏幕显示清晰，色彩柔和，长时间盯着看眼睛也不容易累。键盘手感舒适，打字响应灵敏。续航能力也令人满意，正常使用大半天没问题。性价比很高，作为日常学习和工作的伙伴非常合适。,0,该店铺购买≥2次,5,32G,1T,14
266,u_ast5953nlfcq,2025-12-01,14英寸锐龙版 标压锐龙7 H 255|24G 1T,这款产品使用体验还不错，尤其是屏幕非常清晰，视觉效果很棒。虽然其他方面表现一般，但仅就屏幕质量而言，值得推荐。总体来说，如果你重视显示效果，这款产品是个不错的选择。推荐度：7/10。,0,否,5,24G,1T,14
267,风中奔士,2025-12-22,16英寸酷睿版 标压酷睿2代Ultra 5|32G 1T,这款产品质量很好，跟商家介绍给我的一样，又赶上有国家补贴，商家搞活动，价格优惠挺划算，给孩子买的学习用 之前买的小新14.质量很好,0,该店铺购买≥2次,5,32G,1T,16
268,0***k,2025-11-05,16英寸酷睿版 标压酷睿Ultra 5|32G 1T,快递非常快！包装也很用心，完全没有破损。这款产品使用起来非常方便，性能很好，性价比很高。????满意的一次购物体验！呵呵,0,否,5,32G,1T,16
269,FV175,2025-11-01,14英寸酷睿版 标压酷睿Ultra 5|32G 1T,这款笔记本电脑外观精美，做工非常细致，携带方便，适合小朋友使用。运行速度快，操作简单易懂，特别适合儿童学习和娱乐。????,0,该店铺购买≥2次,5,32G,1T,14
270,南***汉,2025-11-12,14英寸酷睿版 标压酷睿Ultra 5|32G 1T,运行速度：平稳快捷屏幕效果：高亮绚丽外形外观：小巧轻便轻薄程度：携带方便存储空间大，开机快。内存强大。运行速度快,0,该店铺购买≥10次,5,32G,1T,14
271,d***w,2025-11-18,16英寸酷睿版 标压酷睿2代Ultra 5|32G 1T,这款电脑不错，运行速度很快，屏幕效果还可以，散热性能不错，外观看着大气漂亮，轻薄程度也可以，价格也比较实惠，整体来说还是不错的,0,该店铺购买≥2次,5,32G,1T,16
272,M***Q,2025-12-14,16英寸酷睿版 标压酷睿Ultra 5|32G 1T,包装精美，联想笔记本电脑做工精细，外观设计好看，对比了好几家，最终选择了联想，联想笔记本电脑，运行速度快，屏幕够大，分辦率很高，有人脸识别，散热能力很好。有需要的下手吧！国补真心不错，,0,否,5,32G,1T,16
273,jd_186991cwq,2025-11-19,16英寸酷睿版 标压酷睿2代Ultra 5|32G 1T,这款联想笔记本电脑的品相很好，性价比也是最好的，根据这部电脑的参数来看，应该使用起来很顺畅。主要是运行速度：应该快屏幕效果：好散热性能：应该好外形外观：好轻薄程度：好其他特色：外观细腻,0,该店铺购买≥2次,5,32G,1T,16
274,j***9,2025-10-31,16英寸锐龙版 标压锐龙7 H 255|24G 1T,外形外观：简单大方。运行速度：Win11新系统运行速度快。屏幕效果：看着挺舒服的。购买的新机需要先注册，按着说明，一步一步的来。,0,否,5,24G,1T,16
275,阿奶T_T,2025-11-03,14英寸酷睿版 标压酷睿Ultra 5|32G 1T,运行速度：速度很快屏幕效果：显示很细腻散热性能：风扇基本不转，散热效果不错。外形外观：挺好的，手感比前几代小新好很多。其他特色：性价比极高，办公非常好。可惜功率是100瓦的，一般显示器一线连不太带的动。大家要用一线连的要注意。,0,该店铺购买≥2次,5,32G,1T,14
276,j***3,2025-11-28,14英寸酷睿版 标压酷睿Ultra 5|32G 1T,质量非常好，完全超出期望值，发货速度非常快，包装非常仔细、严实，很满意的一次购物屏幕效果：很清晰细腻，可惜不是镜面屏，还是镜面屏更通透外形外观：简洁好看，稳重大方,0,该店铺购买≥10次,5,32G,1T,14
277,直到世界尽頭,2025-12-13,14英寸酷睿版 标压酷睿Ultra 5|32G 1T,这款笔记本电脑性能出色，运行速度快，多任务处理也很流畅。外观简约时尚，轻薄便携。电池续航能力不错，售后也有保障，很值得购买。,0,该店铺购买≥2次,5,32G,1T,14
278,不是你的陈先生,2025-10-27,16英寸酷睿版 标压酷睿Ultra 5|32G 1T,很好运行速度：很快屏幕效果：显示非常清晰散热性能：自然性性能非常好外形外观：很好轻薄程度：很好哦，很喜欢非常好很喜欢特别喜下次还会回购特别喜欢有朋友会推荐超级无敌非常喜欢非常棒,0,否,5,32G,1T,16
279,j***W,2025-12-09,16英寸酷睿版 标压酷睿Ultra 5|32G 1T,小新16Pro性价比超高，外观精美，价格实惠性能却强劲，运行流畅。高清屏幕观影修图体验佳，丰富接口使用方便。物流快，客服服务周到，与描述完全相符，学生党闭眼入。,0,否,5,32G,1T,16
280,sl81397h35664q,2025-12-12,16英寸酷睿版 标压酷睿Ultra 5|32G 1T,纠结了好久选的笔记本，到手完全超出预期！简约大气的外观百搭各种场景，键盘按键回弹舒适，打字手感超上头。性能完全够用，日常办公、轻度剪辑都能轻松hold住，AI辅助功能还能提炼会议重点、智能降噪，远程办公太省心了。续航超惊喜，充一次电正常使用大半天没问题，出门不用背充电器。接口齐全不用额外带扩展坞，细节做工扎实，这个价位能买到这样的配置真的物超所值，已经推荐给同事啦！,0,该店铺购买≥2次,5,32G,1T,16
281,0***y,2025-11-01,16英寸酷睿版 标压酷睿Ultra 5|32G 1T,运行速度：速度快，没有卡顿。屏幕效果：屏幕大，看电视剧还是做PPT都很方便。散热性能：散热挺快的。外形外观：好看非常精致。轻薄程度：比较轻薄。方便携带。,0,否,5,32G,1T,16
282,PbILSlaaydDI,2025-12-04,16英寸酷睿版 标压酷睿2代Ultra 5|32G 1T,很方便携带，运行速度很快，给家里学生买的，他特别喜欢用，接口完全够使用，亮度很好，屏幕清晰度高，画面颜色鲜艳，学生学习特别够用。散热快、很轻薄。,0,否,5,32G,1T,16
283,爱萌1016,2025-12-14,16英寸酷睿版 标压酷睿Ultra 5|32G 1T,联想老品牌，外观轮廓流线型，并且很轻薄步用后屏幕自动感应，开关机自动人脸识别，散热性能不错，用了一段时间，没有摸到发烫，功能很强大，大厂质量不错，运行速度快,0,否,5,32G,1T,16
284,很酷的喵,2025-12-10,16英寸酷睿版 标压酷睿Ultra 5|32G 1T,运行速度：很快，闪电一样快，很流畅屏幕效果：很亮眼，看着很舒适，不会疲劳散热性能：散热器性能很好，温度适宜外形外观：很帅，很好看的样子,0,该店铺购买≥2次,5,32G,1T,16
285,u***m,2025-11-10,16英寸酷睿版 标压酷睿2代Ultra 5|32G 1T,2代运行速度快，内存大，数字键盘太实用，自己激活安装分区等操作简单快捷，虽没有享受地方国补，但京东补贴好几百，也还可以，总体来说满意。,0,否,5,32G,1T,16
286,u_238uu37718jt,2025-12-02,16英寸酷睿版 标压酷睿2代Ultra 5|32G 1T,电脑很流畅，跟实体店差不多，屏幕很舒服，不刺眼，内存也够大，也不怎么发热，接口也够用，我家大学生说很喜欢,0,否,5,32G,1T,16
287,j***1,2025-10-28,16英寸酷睿版 标压酷睿Ultra 5|32G 1T,运行速度：很快，反应灵敏屏幕效果：颜色好看，屏幕很好散热性能：好，散热快外形外观：好看轻薄程度：很轻，方便携带散热能力：散热快运行速度：快,0,否,5,32G,1T,16
288,h2xqxnl1556kw1,2025-11-26,16英寸酷睿版 标压酷睿Ultra 5|32G 1T,商品包装特别完好，这个电脑性价比也很高，我是学生党放在宿舍用，小新的电脑刚好在限电之内，舍友的拯救者都断电了我的还能用。屏幕解锁还有人脸识别我是没想到的，不过好像还有指纹解锁款，但是我没发现……现在用来写编程、追剧,0,否,5,32G,1T,16
289,jd_79iyhr907wvty7,2025-12-17,16英寸锐龙版 标压锐龙7 H 255|24G 1T,优点:续航时间只是使用网站，不使用高耗电功能可以达到8小时。重量整体会比游戏本轻上不少。正常:1TB硬盘，能用。CPU 锐龙7H255，轻量级显卡要求的游戏流畅，cpu运行速度在3.5GHZ，自带核显，内存24G刚刚够用。总结:出差办公便携可以买,0,该店铺购买≥2次,5,24G,1T,16
290,单***y,2025-11-18,16英寸酷睿版 标压酷睿Ultra 5|32G 1T,外观。流线型的机身，就像握住了艺术品一样。	而且，颜色选择也超级多，每一款都超级美，真的是选择困难症的噩梦啊搭载了最新的处理器，运行速度飞快，不管是打游戏还是看视频，都毫无压力。,0,否,5,32G,1T,16
291,6h73gr30uqp253,2025-11-10,14英寸酷睿版 标压酷睿5 220H|24G 1T,这款笔记本电脑真心不错！?? 屏幕色彩鲜艳，键盘手感也很好。?? 操作起来非常流畅，性能强大，性价比超高??，真的是物超所值。推荐给各位需要换新机的朋友们！,0,否,5,24G,1T,14
292,勒***湖,2025-12-14,14英寸锐龙版 标压锐龙7 H 255|24G 1T,中规中矩的一台笔记本产品性能方面，你可以满足日常各种需求，包括跑一些不是那么大的游戏。然后接口方面比较方比较齐全，各种各样的接口全部都有，不需要再接扩展服务最主要的在京东购买虽然价格可能比其他平台稍微贵那么一点点但是它有一个保值换新的服务可以在京东购买,0,该店铺购买≥2次,5,24G,1T,14
293,h***7,2025-12-16,16英寸酷睿版 标压酷睿Ultra 5|32G 1T,笔记本外观时尚，键盘手感舒适，散热表现不错????? 使用过程中运行流畅，满足日常办公和娱乐需求，整体体验很棒????,0,该店铺购买≥2次,5,32G,1T,16
294,j***h,2025-12-05,14英寸酷睿版 标压酷睿Ultra 5|32G 1T,双11买的，比实体店便宜一千左右，画质色彩很好，清晰度高，有杜比音效，不过我是用来做办公本，性价比很高了,0,否,5,32G,1T,14
295,u***r,2025-12-02,14英寸酷睿版 标压酷睿Ultra 5|32G 1T,女儿上大学，上课学习要用，给她买了这个电脑，特意用了一段时间才评论，电脑日常的工作学习足够用了，带着也很方便。,0,否,5,32G,1T,14
296,80w1e66nmmxqp1,2025-10-29,14英寸酷睿版 标压酷睿2代Ultra 5|32G 1T,发货很快，不是超薄本，厚度可以接受，运行速度也可以，电池续航后续再用用看吧。鼠标书包是自己配的，要是能送更好了。,0,否,5,32G,1T,14
297,愚***长,2025-12-21,16英寸锐龙版 标压锐龙7 H 255|24G 1T,电脑性能非常好，OLED屏幕非常的亮丽。甚至有点过于艳丽了。可以在普通设置下顺利的流畅的玩黑神话悟空。,1,该店铺购买≥2次,5,24G,1T,16
298,3vd2r8yi84ic2q,2025-11-04,16英寸酷睿版 标压酷睿Ultra 5|32G 1T,这款笔记本电脑简直太棒了！??性能超级好，运行速度快，屏幕清晰，键盘手感也很不错。??尤其是键盘布局合理，打字非常顺手。整体设计简约大气，使用起来特别满意。强烈推荐给大家！??,0,否,5,32G,1T,16
299,张多多88_开怀,2025-11-23,16英寸酷睿版 标压酷睿2代Ultra 5|32G 1T,运行速度：运行速度快屏幕效果：屏幕效果好散热性能：散热性能好外形外观：外形外观精美轻薄程度：轻薄程度轻，方便携带,0,否,5,32G,1T,16
300,天齐国子,2025-11-14,14英寸酷睿版 标压酷睿2代Ultra 5|32G 1T,颜色非常鲜艳，清晰度高。电池续航高。手感细腻，正版系统，用起来非常的顺畅。大品牌，值得信任。,0,否,5,32G,1T,14
301,雨狼-007,2025-11-07,14英寸酷睿版 标压酷睿2代Ultra 5|32G 1T,运行起来特别流畅，屏幕效果也是没得说，音质也很好！更重要的是，很便携，特别方便携带！,0,该店铺购买≥2次,5,32G,1T,14
302,shuguangwang168,2025-11-12,14英寸酷睿版 标压酷睿2代Ultra 5|32G 1T,轻薄，配置高，系统快，无卡顿，外观漂亮，内存够大，虽然是集显，但是游戏无卡顿，画面无掉帧！！！,0,否,5,32G,1T,14
303,身***影,2025-11-10,14英寸酷睿版 标压酷睿2代Ultra 5|32G 1T,非常喜欢，送的非常快，键盘手感很好，很流畅，外观也非常大气，外出办公携带很方便，非常的不错呢！！！,0,否,5,32G,1T,14
304,jd_155630kbg,2025-11-17,14英寸酷睿版 标压酷睿2代Ultra 5|32G 1T,笔记本收到了，发货很快，电脑运行很快，很流畅满足自己的需要，屏幕很清晰，性价比高。,0,否,5,32G,1T,14
305,5c472v1aid6ng8,2025-12-04,14英寸酷睿版 标压酷睿Ultra 5|32G 1T,用了一周，运行速度很快，也很流畅，完全不会卡顿，也没有出现黑屏自动重启现象，颜值在线。,0,该店铺购买≥2次,5,32G,1T,14
306,孤妄Heartsc,2025-11-05,16英寸酷睿版 标压酷睿Ultra 5|32G 1T,京东自营物流快售后好，值得购买这款电脑物美价廉，性能高且颜值好，满足大学四年使用没问题。京东自营物流速度快，售后服务也佳，此次购物体验超满意，值得入手。,0,该店铺购买≥2次,5,32G,1T,16
307,j***t,2025-11-03,14英寸酷睿版 标压酷睿2代Ultra 5|32G 1T,激活完毕，很好用，人脸识别，人走熄屏还挺人性化，音质也可以，很有质感。联想一直值得信赖。,0,否,5,32G,1T,14
308,呢***精,2025-11-10,14英寸酷睿版 标压酷睿2代Ultra 5|32G 1T,机身轻薄，外出携带毫无压力，屏幕清晰，日常办公运行流程，风扇噪音小，性价比超高！,0,否,5,32G,1T,14
309,1l7cnnkq8bwl54,2025-11-20,14英寸酷睿版 标压酷睿2代Ultra 5|32G 1T,论坛推荐的小新14pro，今天收到货，外观很精致，按键顺滑，尤其是配置，在同等价位来说是很高的了。,0,该店铺购买≥2次,5,32G,1T,14
310,柠檬10_01,2025-11-15,14英寸酷睿版 标压酷睿2代Ultra 5|32G 1T,已到货就惊艳到我，摸上去非常有质感，正常开机，非常流畅，屏幕非常舒服，清晰度也很高。,0,该店铺购买≥2次,5,32G,1T,14
311,时***药,2025-11-24,14英寸酷睿版 标压酷睿2代Ultra 5|32G 1T,这款14寸的电脑，大小正好合适，大学生的首选，配置可以，运行速度，携带方便轻巧，非常不错,0,否,5,32G,1T,14
312,l***5,2025-11-11,14英寸酷睿版 标压酷睿2代Ultra 5|32G 1T,联想笔记本电脑，质感不错，键盘手感很好??。包装严实，物流也很快。整体很满意，性价比高，值得入手,0,该店铺购买≥2次,5,32G,1T,14
313,冰为水之,2025-12-06,16英寸酷睿版 标压酷睿Ultra 5|32G 1T,运行速度快，键盘手感挺好的。快递速度也快。平时也就办公用，没有大的负荷应该完全够用了。,0,该店铺购买≥2次,5,32G,1T,16
314,兔***啥,2025-11-09,14英寸酷睿版 标压酷睿2代Ultra 5|32G 1T,轻薄程度：很轻薄屏幕效果：屏幕好看，14寸轻巧方便携带外形外观：外观好看运行速度：运行速度快,0,否,5,32G,1T,14
315,c***0,2025-11-14,14英寸酷睿版 标压酷睿2代Ultra 5|32G 1T,这款比较轻薄 配置比较高 225h芯片 运行比较流畅 易于携带 应该能满足大学生的日常使用需求,0,该店铺购买≥2次,5,32G,1T,14
316,u***r,2025-11-11,14英寸酷睿版 标压酷睿2代Ultra 5|32G 1T,相比16寸轻巧许多，机身轻薄方便外出办公用，灰色简单大气，屏幕显示够清晰，功能摸索中～～～,0,该店铺购买≥2次,5,32G,1T,14
317,u_b3t8mld8ri9v,2025-11-10,14英寸酷睿版 标压酷睿2代Ultra 5|32G 1T,重量刚刚好，携带很方便，电脑运行速度也不错，孩子很喜欢。是一款性价比很高的笔记本电脑。值得购买。,0,该店铺购买≥2次,5,32G,1T,14
318,j***V,2025-11-11,14英寸酷睿版 标压酷睿2代Ultra 5|32G 1T,之前用的小新已经过去8年了，质量一直都不错，新款这个看起来更加精致，小巧轻便看起来不错。,0,该店铺购买≥2次,5,32G,1T,14
319,xuan可,2025-11-02,14英寸酷睿版 标压酷睿2代Ultra 5|32G 1T,外形外观：还可以轻薄程度：感觉比Think book重一点，但还可以接受屏幕效果：不错,0,该店铺购买≥2次,5,32G,1T,14
320,w***3,2025-11-13,14英寸酷睿版 标压酷睿2代Ultra 5|32G 1T,联想小新值得信赖，整体还是非常不错的，用料讲究，做工扎实。不过还是要吐槽一下充电器，依然像块板砖，除此之外还是非常满意的。,0,否,5,32G,1T,14
321,sdtaqhx,2025-11-01,14英寸酷睿版 标压酷睿2代Ultra 5|32G 1T,终于抢到国补了，一直想要买这款电脑，非常看好，性能优越，办公游戏都没问题，非常轻便。,0,否,5,32G,1T,14
322,我***7,2025-12-21,16英寸酷睿版 标压酷睿Ultra 5|32G 1T,收到新笔记本，就像迎来一位默契的老友，轻薄便携，运行流畅，质感很好，用起来很舒服，真心点赞！????感谢商家，期待更多美好“机”遇！??,0,否,5,32G,1T,16
323,y***9,2025-11-11,14英寸酷睿版 标压酷睿2代Ultra 5|32G 1T,机身非常的小巧，非常方便携带，整个步骤下来也是非常丝滑的开机，用的过程中也非常的流畅,0,否,5,32G,1T,14
324,jd_润物无声953,2025-12-15,16英寸酷睿版 标压酷睿2代Ultra 5|32G 1T,电脑大气，流畅，外观也很好看，用起来比较舒服，待机时间比较长，推荐朋友们多使用。,0,否,5,32G,1T,16
325,jd_139400hia,2025-11-10,14英寸酷睿版 标压酷睿Ultra 5|32G 1T,联想小新14寸笔记本电脑，存储空间1T足够大，多任务也不卡，接口多足够用，键盘手感丝滑享受。,0,该店铺购买≥2次,5,32G,1T,14
326,丢***象,2025-11-02,14英寸酷睿版 标压酷睿2代Ultra 5|32G 1T,以前用的小新13，这次换了14，质感还是一如既往的好，配置也提升了很多，希望可以多用几年,0,该店铺购买≥2次,5,32G,1T,14
327,来财来财快快来财,2025-10-31,14英寸酷睿版 标压酷睿2代Ultra 5|32G 1T,还是不错的，拿到第一天系统是需要更新的，不然就很慢。更新完第二天就好多了。挺流畅的。,0,否,5,32G,1T,14
328,yj9082002,2025-11-18,14英寸酷睿版 标压酷睿2代Ultra 5|32G 1T,外观轻薄有质感，日常带出门很方便；屏幕色彩正，办公、追剧都舒服。性能够用，多开软件不卡顿,0,否,5,32G,1T,14
329,513轩辕纵横,2025-11-10,14英寸酷睿版 标压酷睿Ultra 5|32G 1T,给同事的女儿买的，联想这个牌子没什么好说的，价廉物美实惠划算。，一般用用，蛮好的。学生党不需要追求性能过高，能用就行了。。,1,该店铺购买≥2次,5,32G,1T,14
330,H***昽,2025-10-30,16英寸酷睿版 标压酷睿Ultra 5|32G 1T,屏幕效果：非常清晰，一点都不糊，也不烧屏运行速度：嘎嘎流畅轻薄程度：非常薄，也很轻便,0,否,5,32G,1T,16
331,北海northseaa,2025-10-31,14英寸酷睿版 标压酷睿2代Ultra 5|32G 1T,运行速度：很快屏幕效果：极佳外形外观：很好看轻薄程度：手感不错其他特色：很好看散热能力：散热良好,0,否,5,32G,1T,14
332,u***d,2025-11-17,14英寸酷睿版 标压酷睿2代Ultra 5|32G 1T,质量很好，机子整体很轻薄，没存足够大，快递非常快，电脑上午来到，下午京东售后就上门安装软件。,0,该店铺购买≥2次,5,32G,1T,14
333,x***m,2025-12-14,16英寸酷睿版 标压酷睿Ultra 5|32G 1T,这款产品整体表现非常出色，运行流畅无卡顿，多任务处理轻松应对，接口丰富满足日常所需。便携设计便于随身携带，使用起来十分方便。快递包装严实，发货迅速，配送员服务态度良好，整个购物体验令人满意。产品质量可靠，性价比高，值得推荐购买。,0,该店铺购买≥2次,5,32G,1T,16
334,a***a,2025-11-04,14英寸酷睿版 标压酷睿2代Ultra 5|32G 1T,买来读大学的，还可以，OLED屏幕看起来特别清晰，散热声音也不是很大，很轻薄，接口很够用,0,否,5,32G,1T,14
335,槌***族,2025-11-19,14英寸酷睿版 标压酷睿Ultra 5|32G 1T,手感很好，风扇运转也不太吵，待电也可以，安装下载都蛮快的，一次好几个任务也不卡，很不错,0,否,5,32G,1T,14
336,lxrzuyrn793n4q,2025-11-04,14英寸酷睿版 标压酷睿Ultra 5|32G 1T,运行速度：开机挺快的屏幕效果：清晰散热性能：不容易发热外形外观：挺好看的轻薄程度：容易携带,0,否,5,32G,1T,14
337,j***4,2025-11-04,14英寸酷睿版 标压酷睿2代Ultra 5|32G 1T,运行速度：5秒开机外形外观：轻薄散热性能：好，又静音屏幕效果：屏幕尺寸合适，清晰,0,该店铺购买≥2次,5,32G,1T,14
338,f8zy5g38y7cj41,2025-12-01,16英寸酷睿版 标压酷睿Ultra 5|32G 1T,笔记本电脑用了一个月了，已经熟悉使用，感觉很好，速度很快，携带方便，完全替代我的旧电脑，很满意,0,否,5,32G,1T,16
339,dengguoyun,2025-11-25,14英寸酷睿版 标压酷睿Ultra 5|32G 1T,电脑真的很不错，有点喜出望外，然后这个做工很细腻，屏幕很清晰，然后很轻薄，非常好,0,该店铺购买≥2次,5,32G,1T,14
340,zCCgtNsNDWZM,2025-11-22,14英寸酷睿版 标压酷睿Ultra 5|32G 1T,家里电脑时间长了，不好使用，影响工作和娱乐；小新pro小巧，方便携带，性能好，值得信赖。,0,该店铺购买≥2次,5,32G,1T,14
341,663qz5o0iqymdz,2025-11-13,14英寸酷睿版 标压酷睿Ultra 5|32G 1T,特别好运行速度：有时候有点慢屏幕效果：很可以散热性能：可以，没有明显的响声外形外观：灰色，非常好看,0,否,5,32G,1T,14
342,qgwc9k6k9uen3l,2025-12-02,16英寸酷睿版 标压酷睿Ultra 5|32G 1T,运行速度：快屏幕效果：好散热性能：不错外形外观：好看轻薄程度：挺轻薄的其他特色：方便 运行速度快！,0,否,5,32G,1T,16
343,j***o,2025-10-15,16英寸酷睿版 标压酷睿2代Ultra 5|32G 1T,开机很快，体验感很好，我主要是用来做ppt和文档，看电视也很舒适，充电也很快，散热声音很小，运行速度挺快的。,1,否,5,32G,1T,16
344,wishes2015,2025-10-19,16英寸酷睿版 标压酷睿2代Ultra 5|32G 1T,选了很久最后还是选择了这款ultra 二代本。大内存大硬盘，背光键盘，开机和运行速度都很快。买来给学生用的非常nice.京东物流也很快，唯一遗憾的是没有抢到国补。,0,否,5,32G,1T,16
345,p2bgz6042rv0gs,2025-10-19,16英寸锐龙版 标压锐龙7 H 255|24G 1T,一个星期用下来感觉非常好了，开机速度很快，屏幕非常清晰，课堂上能跟上老师的速度不卡顿，课余时间做ppt也很好，平常刷抖音追剧也很流畅，一节课两个小时下来电脑还没同桌的电脑热，所以散热性能还是很不错的对了，发货很快，晚上10点买的，第二天中午就收到了,1,否,5,24G,1T,16
346,老***夫,2025-07-27,14英寸锐龙版 标压锐龙7 H 255|24G 1T,运行速度：极快，未来是AMD的屏幕效果：极高的亮度，很漂亮散热性能：未听见明显的风扇声音外形外观：就这点与小米比略弱，但整体很好，很专业！,4,该店铺购买≥2次,5,24G,1T,14
347,MLee川,2025-10-28,14英寸酷睿版 标压酷睿2代Ultra 5|32G 1T,今天刚买到，其他目前还没发现问题，挺好，就是我想知道，大家的触摸板，按键也这么响吗？？？,0,该店铺购买≥2次,3,32G,1T,14
348,x***i,2025-10-14,14英寸酷睿版 标压酷睿2代Ultra 5|32G 1T,笔记本收到了，轻薄，收到实物和图片相符，大小女生用着正合适，刚开始使用，目前没有什么问题，整体很满意，好评。希望电池和机器都能用住，大学开学用的，希望运行流程，满足课业要求,1,否,5,32G,1T,14
349,闪***空,2025-08-31,14英寸酷睿版 标压酷睿5 220H|24G 1T,屏幕效果：屏幕效果目前看不错，屏幕色彩很好。运行速度：软件速度很快，开关机也快！外形外观：外观美观好看，颜色也是个人比较喜欢的，日常使用和办公挺合适的。轻薄程度：不算太薄，拿在手里感觉比较轻，还是携带很轻便的！,41,该店铺购买≥2次,5,24G,1T,14
350,7ew7ldoy382nll,2025-10-19,14英寸酷睿版 标压酷睿2代Ultra 5|32G 1T,联想这款笔记本，键盘有质感、敲击舒服，金属机身尽显质感。散热静音出色，布局规整、字符清晰，做工扎实。用于办公设计足够，性价比高，简约大气的风格适合日常办公学习，打字体验佳，值得好评！,0,否,5,32G,1T,14
351,n36ef108hl25gf,2025-10-19,16英寸酷睿版 标压酷睿2代Ultra 5|32G 1T,性能强劲不卡顿，屏幕清晰颜值高，日常办公娱乐都流畅，性价比拉满。开机快、散热好，运行稳定噪音小，外观轻薄便携，用着超省心！配置够给力，操作流畅无延迟，屏幕色彩棒，这个价位选它准没错！,0,否,5,32G,1T,16
352,j***0,2025-08-03,14英寸酷睿版 标压酷睿5 220H|24G 1T,运行速度：还是挺快的屏幕效果：亮度很高，很细腻散热性能：还行，能接受外形外观：简洁大方轻薄程度：很轻薄有一点不太合适就是电源键设置在右边侧中间位置，很容易误触，不明白为什么不设置在最上面？,0,该店铺购买≥2次,5,24G,1T,14
353,是9还没写,2025-10-24,16英寸酷睿版 标压酷睿2代Ultra 5|32G 1T,送给弟弟上大学用的，很不错，质感也好，屏幕也大，很满意的一款电脑，对于学计算机的学生来说很方便，活动也是蛮合适的。不错很满意,0,否,5,32G,1T,16
354,ajzduf8p602d6m,2025-10-22,14英寸酷睿版 标压酷睿Ultra 5|32G 1T,电脑到货后马上通电试机，激活，更新，跟以前的thinkpad对比都一样顺滑，不是摸摸机，下载流畅，办公用，不打游戏，总体可以打高分，个人使用体验感觉不错,0,否,5,32G,1T,14
355,6p066eb6swalyu,2025-10-20,16英寸酷睿版 标压酷睿2代Ultra 5|32G 1T,笔记本整体外观时尚潮流，轻薄小巧，方便携带，整体配置较为不错，显示屏细节清晰盈亮，对于我办公商务绰绰有余，银色版更显高端大气，全尺寸键盘独树一帜，方便我平时出差进行移动网站优化等需求操作,0,该店铺购买≥2次,5,32G,1T,16
356,alecleon,2025-10-20,16英寸酷睿版 标压酷睿Ultra 5|32G 1T,运行速度：快，新的新能就是强。处理速度就是快屏幕效果：清晰护眼，分辨率高，玩游戏不错散热性能：佳，没有异响。温度控制的很好外形外观：时尚大方，简洁明快轻薄程度：轻便，不重，拿起来顺手,0,该店铺购买≥2次,5,32G,1T,16
357,jd_79y335bsmg5sw6,2025-10-21,16英寸酷睿版 标压酷睿Ultra 5|32G 1T,联想电脑传统品牌，国补价格实惠，16吋屏幕的视觉效果很好，机身整体较薄，但稍为偏重，512内存+1T硬盘，日常办公使用存储空间足够了，噪音不大，散热性能也不错，新机运行速度较快，功能键多操作方便。,0,否,5,32G,1T,16
358,7***j,2025-09-12,16英寸酷睿版 标压酷睿2代Ultra 5|32G 1T,配置够高，日常游戏、学习、办公足够用，屏幕亮度、清晰度非常好，整体做工很精细，电池续航属中上吧，有补贴的价格还是很有吸引力的。,1,该店铺购买≥2次,5,32G,1T,16
359,m***o,2025-10-17,16英寸酷睿版 标压酷睿Ultra 5|32G 1T,运行速度快，冲着屏幕是雾面屏才买的，散热好，外形流畅好看，屏幕大看剧爽，轻薄好移动，京东快递也很给力，上午买的下午就到货了，包装严密，安全性高，性价比高,0,该店铺购买≥2次,5,32G,1T,16
360,j***0,2025-10-19,16英寸酷睿版 标压酷睿Ultra 5|32G 1T,小新16 Pro真是办公神器！金属机身质感高级，16英寸2.5K大屏清晰细腻，120Hz高刷流畅丝滑。性能强劲，多开文档和软件无压力，续航超给力，满电用一天妥妥的，接口还全，太满意了。,0,否,5,32G,1T,16
361,1***5,2025-09-09,14英寸酷睿版 标压酷睿5 220H|24G 1T,运行速度：满意屏幕效果：非常满意散热性能：很好外形外观：非常漂亮我买来想剪点视频，看看电视剧啥的，用了两天非常非常好，买的14英寸的非常小巧可爱???，真的很喜欢,2,否,5,24G,1T,14
362,这名字帅气,2025-10-18,16英寸酷睿版 标压酷睿2代Ultra 5|32G 1T,双十一前期，对比了多个平台，最终发现京东平台的价格最实惠??。买了ultra5 225h款，非常的满意，颜值好看，使用起来也很流畅,0,否,5,32G,1T,16
363,顺***富,2025-08-20,16英寸锐龙版 标压锐龙7 H 255|24G 1T,性能稳定。物流配送及时。联想还是选择正规渠道购买。希望能够陪孩子度过完美的大学生活。散热性能：完美主义者。屏幕效果：非常不错。,10,否,5,24G,1T,16
364,娜子-05171024,2025-10-14,16英寸酷睿版 标压酷睿2代Ultra 5|32G 1T,家里台式和本都是联想的，赶着双十一电脑不够用，着急用就下单这个小新了，隔天到货非常方便，基础办公用足够了，验证了是新机，开始肯定都是系统流畅没有卡顿，质保两年也够了，还没到家就降价了，收到后第一时间申请的价保，??,0,否,5,32G,1T,16
365,Eva-子衿,2025-10-23,14英寸酷睿版 标压酷睿Ultra 5|32G 1T,家里平时购物都是在京东购买的，不仅方便还能有保障，电脑陆陆续续也买了好几个了，性能非常的好，外观很漂亮，适合学生用，开机很快速，运行也不慢，刚好国补加上双十一促销，感觉给家里准大学生入手一台。,0,否,5,32G,1T,14
366,S***n,2025-09-18,14英寸酷睿版 标压酷睿2代Ultra 5|32G 1T,性能更是没得说，运行速度飞快，不管是多任务处理还是运行大型软件、都流畅得很，一点卡顿都没有。散热系统也很给力，用了好几个小时，电脑也只是微微发热，完全不会影响使用。,0,该店铺购买≥10次,5,32G,1T,14
367,8***9,2025-08-30,16英寸酷睿版 标压酷睿2代Ultra 7|32G 1T,屏幕色彩鲜艳亮丽，CNC铝机壳做工精细，主板散热良好；25年英特尔酷睿7uⅠtra，具备AⅠ功能，运行速度快；键盘有白色背光，主机节能环保，重量较轻，值得拥有。,1,否,5,32G,1T,16
368,jd_2f1gfpuk97qz2k,2025-10-17,16英寸酷睿版 标压酷睿2代Ultra 5|32G 1T,这款笔记本电脑很棒，外观时尚，质坚固，图像清晰，性能流畅，整体美观轻便方便外带，续航能力强，物流很快，客服周到，五星好评,0,否,5,32G,1T,16
369,在路上行走的蜗牛,2025-10-24,14英寸酷睿版 标压酷睿2代Ultra 5|32G 1T,买回来用了几天，整体使用感觉不错，电脑散热不错的，不烫，办公使用流畅不卡顿，电脑是联想官方正品，可以放心入手，满意的一次购物！,0,该店铺购买≥2次,5,32G,1T,14
370,jd_152250bpn,2025-10-16,14英寸酷睿版 标压酷睿2代Ultra 5|32G 1T,电脑收到了，电脑外观非常美观，比较轻薄，便于携带，开机运行速度快，多个任务运行速度也不卡，键盘手感非常好，存储空间比较大，值得推荐,0,否,5,32G,1T,14
371,流***1,2025-10-15,16英寸酷睿版 标压酷睿2代Ultra 5|32G 1T,电脑很精致，轻巧，运行速度快，接口丰富能够应对办公学习使用，不插电续航也能应付轻度办公，插电可以畅玩英雄联盟和穿越火线这类网游，发热能接受,0,否,5,32G,1T,16
372,浅柒2,2025-10-20,14英寸酷睿版 标压酷睿2代Ultra 5|32G 1T,第二次购买这个系列的电脑啦，外观时尚小巧，整体重量很轻，容易携带，对出差人很友好。办公使用，很容易上手操作，完全满足日常所需。物流速度也很快，当天下单后就收到了。非常推荐给大家 ！,0,否,5,32G,1T,14
373,牵***步,2025-08-21,16英寸酷睿版 标压酷睿2代Ultra 5|32G 1T,运行速度：还可以吧，大型游戏肯定是不行，屏幕效果：清晰度好散热性能：还可以外形外观：漂亮轻薄程度：薄,1,否,5,32G,1T,16
374,w***a,2025-10-15,16英寸酷睿版 标压酷睿2代Ultra 5|32G 1T,屏幕效果：非常亮散热性能：快外形外观：好看运行速度：很快携带方便 价格实惠 值得购买 大品牌 值得信赖,0,否,5,32G,1T,16
375,卜偶真忄,2025-10-22,16英寸酷睿版 标压酷睿2代Ultra 5|32G 1T,新电脑就是好用，买的16寸的，屏幕也够大，处理速度快，摄像头那里有一个隐藏摄像头的开关，很贴心。另外键盘启用的时候会亮光，联想小天职能AI语音文字对话。,0,否,5,32G,1T,16
376,jd_3ff4841gky4h99,2025-10-15,16英寸酷睿版 标压酷睿2代Ultra 5|32G 1T,设计时尚，便于携带，操作很流畅，屏幕色彩鲜艳，让人赏心悦目，很符合自己的期待，电脑配置高，反应也很快。对自己的选择很满意,0,该店铺购买≥2次,5,32G,1T,16
377,jd136518iiy,2025-10-17,14英寸酷睿版 标压酷睿2代Ultra 5|32G 1T,买电器还得是京东 这款笔记本电脑 孩子说真的很好用 不卡顿很流畅 屏幕高清 追剧好帮手 音质非常好 外观很漂亮 轻薄携带方便 值得推荐的好产品,0,否,5,32G,1T,14
378,常***深,2025-10-18,16英寸酷睿版 标压酷睿2代Ultra 5|32G 1T,服务态度好，有开机教程，办公软件终身会员教程，还有人工服务，电脑漂亮大观 操作简单。轻薄程度：好外形外观：好屏幕效果：漂亮，不卡,0,该店铺购买≥2次,5,32G,1T,16
379,S***n,2025-09-18,14英寸酷睿版 标压酷睿Ultra 5|32G 1T,性能更是没得说，运行速度飞快，不管是多任务处理还是运行大型软件、玩3A游戏，都流畅得很，一点卡顿都没有。散热系统也很给力，用了好几个小时，电脑也只是微微发热，完全不会影响使用。,2,该店铺购买≥10次,5,32G,1T,14
380,6***1,2025-10-24,16英寸酷睿版 标压酷睿Ultra 5|32G 1T,买的联想笔记本电脑小新Pro16 AI超能本，高性能轻薄本，配置酷睿Ultra5 32G 1T 2.5K版本，样子看起来挺好看，屏幕也够大。算是挺轻薄了，性价比还不错。京东物流配送速度非常快。,0,否,5,32G,1T,16
381,H***d,2025-10-14,14英寸酷睿版 标压酷睿Ultra 5|32G 1T,给家里学生买的，外观挺好看的，笔记本机身也比较薄，有些重量的，比较有质感。内存也挺大，初步运行不卡顿，挺适合的，给好评。,0,该店铺购买≥2次,5,32G,1T,14
382,3***5,2025-09-24,14英寸酷睿版 标压酷睿5 220H|24G 1T|绿,联想Pro 14堪称性价比王者。配了个同色系的鼠标，有颜值，2.8K高刷屏色彩惊艳，性能释放强劲，多开软件无压力，续航持久。机身轻薄便携，很适合办公党。,1,否,5,24G,1T,14
383,风华绝代的石榴哥,2025-09-13,14英寸锐龙版 标压锐龙7 H 255|24G 1T,电脑还是挺好看的，款式很不错，日常办公完全没问题。屏幕色彩为很好。电池续航也不错，反应也挺灵敏的，外出带着也不重。整体还是可以的。,1,该店铺购买≥10次,5,24G,1T,14
384,范范不要烦,2025-10-17,14英寸酷睿版 标压酷睿Ultra 5|32G 1T,给我弟买的，声音比我那个惠普游戏本小多了，轻薄本还是方便一点  ，也不重，挺好拿的，方便携带续航也不错，总的来说，这个价格中规中矩,0,该店铺购买≥2次,5,32G,1T,14
385,jd_uFWBBweaXVSz,2025-10-14,16英寸酷睿版 标压酷睿2代Ultra 5|32G 1T,物流很快 键盘手感也不错 屏幕很大 整体很轻薄 看抖音非常流利 放在桌子上玩 也不会很热 外形很高级,1,否,5,32G,1T,16
386,琴***秋,2025-10-19,14英寸酷睿版 标压酷睿2代Ultra 5|32G 1T,买来给学生用的，对比了小新各种型号最终选了u5二代版本，一直纠结买一代u9还是二代u5，日常轻度使用实际体验我估计差不多吧，补贴压根抢不到。屏幕素质高，整体轻巧，外观中规中矩，希望能稳定省心,0,该店铺购买≥2次,5,32G,1T,14
387,zhangzi1234567,2025-09-27,16英寸酷睿版 标压酷睿Ultra 5|32G 1T,给上大学的姑娘买的，领了国补券，便宜了一千多，运行速度杠杠的，外观漂亮大气上档次，散热性能良好，没有声音，自己已经用过两台联想笔记本电脑了，一如既往地好评！,0,否,5,32G,1T,16
388,u_77pbmdu4aqlo,2025-10-22,16英寸酷睿版 标压酷睿2代Ultra 5|32G 1T,五星好评！电脑收到了，速度飞快，外观时尚，非常轻薄，携带方便。屏幕清晰，色彩亮丽。客服态度好，物流也给力。是一次很棒的购物体验，推荐购买！，,0,否,5,32G,1T,16
389,江江斯密达,2025-10-26,16英寸酷睿版 标压酷睿2代Ultra 5|32G 1T,运行相当流畅，画面相当清晰，运行速度很快，一点儿也不卡顿，oled屏幕就是神，散热快，外形时尚潮流，整体轻薄，非常值得推荐。,0,该店铺购买≥2次,5,32G,1T,16
390,jd_sh8907,2025-08-08,14英寸酷睿版 标压酷睿2代Ultra 5|32G 1T,笔记本很轻薄，颜色很好看，很喜欢，外观很好看，内存很大，新本子运行很快，很好用，适合女生，携带方便，京东有保障，包装完整，物流快,2,否,5,32G,1T,14
391,早***怀,2025-08-01,16英寸酷睿版 标压酷睿2代Ultra 5|32G 1T,送给宝贝女儿的大学礼物，趁现在有国补价格合适满套配齐，手机，电脑，一站式服务，新机配置和运行速度都一流，包装完好，只是偶尔发热应该是属于正常现象吧！,0,否,5,32G,1T,16
392,jd_c6377o4u0lxq96,2025-10-15,16英寸酷睿版 标压酷睿2代Ultra 5|32G 1T,新电脑拿到了，外观好看，也很轻便，开机更新很快捷，屏幕清晰度高，一点也不卡，客服服务态度很好，很有耐心，下次还会回购的！,0,否,5,32G,1T,16
393,b***f,2025-10-17,14英寸酷睿版 标压酷睿2代Ultra 5|32G 1T,目前觉得挺好，外观精美，价格实惠性能却强劲，运行流畅。高清屏幕观影修图体验佳，丰富接口使用方便。物流快，客服服务周到，与描述完全相符，学生党闭,0,该店铺购买≥2次,5,32G,1T,14
394,jd_aah3w4bmdk9s2k,2025-10-25,16英寸酷睿版 标压酷睿Ultra 5|32G 1T,很大一个 可以插两个u盘超级满意 运行也很快，颜值也挺高的。不算重，女生单肩背也可以，总之就是很满意！！！,0,否,5,32G,1T,16
395,猪***米,2025-10-26,14英寸酷睿版 标压酷睿Ultra 5|32G 1T,像手机电脑平板这些电子产品一直都在京东买的，品质有保障而且发货快。蹲这个笔记本蹲了很久了，但可惜重庆没有国补了，要不是急着用，真想回老家再下单呢！这个电脑使用体验非常不错，机身很薄，键盘触感很好！,0,否,5,32G,1T,14
396,1***c,2025-10-20,16英寸酷睿版 标压酷睿2代Ultra 5|32G 1T,货收到了，现在才来评价，用了一个多星期了，用起来很不错，打游戏还行，虽然有时候有点掉帧，总体还不错，也是作为第一台电脑，会好好珍惜的，物流也很快，客服态度也很好,0,否,5,32G,1T,16
397,jd_6xh04x62sqpm4p,2025-10-25,16英寸酷睿版 标压酷睿2代Ultra 5|32G 1T,电脑外观很好看，高端大气，轻薄本，16英寸也不沉，很好用，不卡顿，尤其是屏幕色彩很好，用国补买的，也很实惠。,0,否,5,32G,1T,16
398,53aa0cqr83e59b,2025-08-08,14英寸酷睿版 标压酷睿2代Ultra 5|32G 1T,这款电脑很不错，公司买的，没有用国补，因为要开发票。外观很漂亮，手感很好，质量也不错。用起来键盘不错，快捷键也非常好用。新的系统用起来很不错。,4,该店铺购买≥2次,5,32G,1T,14
399,123-胖胖,2025-10-22,14英寸酷睿版 标压酷睿Ultra 5|32G 1T,联想小新Pro14太懂打工人！2.8K高刷屏看文档超清晰，酷睿处理器多开软件不卡顿，机身轻薄便携，续航够撑全天，办公追剧都超给力！,0,该店铺购买≥2次,5,32G,1T,14
400,8***c,2025-10-17,16英寸酷睿版 标压酷睿2代Ultra 5|32G 1T,给孩子买的电脑终于收到了，是孩子喜欢的型号，打开那一刻喜欢的不得了，旗靓店发货是正品，这款型号性价比很高，适合大学生用，外观颜值都不错,1,否,5,32G,1T,16
401,j***伊,2025-08-06,14英寸锐龙版 标压锐龙7 H 255|24G 1T,刚用了三天特来评价，联想的这款小新运行速度很快，画质细腻，价格在同等价位中也算有优势，重量较轻，平时带着出门也算小巧轻便。,6,该店铺购买≥10次,5,24G,1T,14
402,0919米,2025-10-22,14英寸酷睿版 标压酷睿Ultra 5|32G 1T,自己在办公室用的电脑内存太小，在京东找了这款联想笔记本电脑，首先颜值很高，机身轻巧，反应速度快，不错的。容量也大，办公很适合。,0,该店铺购买≥10次,5,32G,1T,14
403,u_3y17ptwxa195,2025-10-14,14英寸酷睿版 标压酷睿2代Ultra 5|32G 1T,电脑流畅崭新 京东物流很快 客服态度好回答问题快联想小新电脑很好 ??！键盘手感良好 存储空间大颜色显示鲜亮,0,否,5,32G,1T,14
404,爱***见,2025-08-14,14英寸酷睿版 标压酷睿Ultra 5|32G 1T,不错，颜色是深灰色的，比较商务，很适合上班办公族，而且画质也很清晰，可惜的是没有国补，原价买的，虽然不适合打游戏，但是办公用足够了,1,该店铺购买≥2次,5,32G,1T,14
405,r***4,2025-10-21,16英寸酷睿版 标压酷睿Ultra 5|32G 1T,外观好看，质感很好，自营店有保障放心，屏幕显示效果很好，16的很大带数字小键盘，内存也挺大的，办公足够用了，明天再好好试一试。,0,否,5,32G,1T,16
406,9u2h3p3p4e3v10,2025-10-19,16英寸酷睿版 标压酷睿2代Ultra 5|32G 1T,5年前买的小新，换电脑的时候再次选择小新，这次用了16寸的，屏大，速度快，京东一如既往地送货快，产品质量有保证！联想笔记本性价比比较高，运行速度快,0,该店铺购买≥2次,5,32G,1T,16
407,香橙色的猫,2025-09-29,16英寸酷睿版 标压酷睿Ultra 5|32G 1T,运行速度：快屏幕效果：好用散热性能：好用外形外观：好看轻薄程度：轻薄其他特色：有特色散热能力：好用运行速度：快,0,该店铺购买≥2次,5,32G,1T,16
408,jd_138610fvv,2025-09-25,14英寸酷睿版 标压酷睿Ultra 5|32G 1T,电脑性价比不错，请人开了一下荒。用了国补，价格能接受。用了一段时间，运行流畅，色彩清晰度都还可以，普通办公用非常好了。。,0,否,5,32G,1T,14
409,渐渐的失忆,2025-10-17,14英寸酷睿版 标压酷睿Ultra 5|32G 1T,第二次购买联想笔记本电脑了，公司日常办公使用，运行速度快，散热也很好，外观也非常时尚新颖，平常外出办公携带也非常方便，非常轻薄！,0,该店铺购买≥2次,5,32G,1T,14
410,桔***6,2025-08-26,16英寸锐龙版 标压锐龙7 H 255|24G 1T,买给女儿上大学用的，刚好遇上国补，价格优惠，运行速度也挺快的，大牌子，值得信赖，轻薄，带着很方便，物流也很快，预约的，准时送达！,0,该店铺购买≥2次,5,24G,1T,16
411,阿波罗cs,2025-12-10,16英寸酷睿版 标压酷睿2代Ultra 5|32G 1T,电脑运行流畅，色彩显示清晰明亮???，键盘手感出色，办公娱乐两相宜??！整体体验非常满意～～一直用的都是联想，相信品牌力,0,该店铺购买≥2次,5,32G,1T,16
412,jd_157718fru,2025-10-27,16英寸酷睿版 标压酷睿2代Ultra 5|32G 1T,第一次在京东买笔记本电脑，感觉还不错，中间经历了波折，但很快解决了，总体电脑用着还算流畅，适合男女性通用，值得推荐，当时买也有活动，比较优惠的，姐妹们，值得入手哦@@@,0,否,5,32G,1T,16
413,jd_156016vnq,2025-11-18,16英寸酷睿版 标压酷睿2代Ultra 5|32G 1T,电脑运行速度快，屏幕大。一直是联想电脑的用户，前前后后家里买过5-6台联想电脑了。挺好的，售后也好。希望联想能摆正心态，做一个真真正正的国产品牌,0,否,5,32G,1T,16
414,jd_178658zbh,2025-12-10,16英寸酷睿版 标压酷睿2代Ultra 5|32G 1T,联想笔记本整体表现出色，机身轻薄便携，外出携带毫无压力。屏幕显示清晰细腻，色彩还原真实，无论是办公还是观影都有不错体验。性能方面也足够日常使用，运行流畅不卡顿，续航能力也让人满意，是一款值得入手的笔记本电脑。,0,该店铺购买≥2次,5,32G,1T,16
415,悦瑶妈妈,2025-11-05,16英寸酷睿版 标压酷睿2代Ultra 5|32G 1T,键盘手感超好，静音，电池续航时间长，多任务一点也不卡，很流畅，速度很快，值得拥有！比线下便宜很多！,0,否,5,32G,1T,16
416,jd_hGHOAtronplq,2025-11-12,16英寸酷睿版 标压酷睿2代Ultra 5|32G 1T,轻薄程度：很轻薄外形外观：很漂亮屏幕效果：比较大运行速度：很快键盘很舒服有独立的数字键,0,该店铺购买≥2次,5,32G,1T,16
417,书宁钰浩,2025-10-16,16英寸酷睿版 标压酷睿2代Ultra 5|32G 1T,价格实惠，性价比高，外观非常漂亮。适合学生学习，游戏用，看了几圈，对比了N次感觉这个电脑最适合了，内存，硬盘，电池都属于配置较高的，非常喜欢！,2,该店铺购买≥2次,5,32G,1T,16
418,小沫米苏,2025-10-23,16英寸酷睿版 标压酷睿2代Ultra 5|32G 1T,屏幕高清流畅，性能强劲，续航耐用，颜值手感棒，办公娱乐都超给力。散热出色不卡顿，屏幕观感好，用着超舒心！,0,该店铺购买≥2次,5,32G,1T,16
419,病***举,2025-08-18,16英寸酷睿版 标压酷睿2代Ultra 5|32G 1T,国补买的价格上超优惠，触感和键盘都是加分点其实。不过要注意的是网口要加拓展坞，然后新开机的时候，需要等很久，我等了两个钟其实。当然啦！整体性价比来说，还是挺满分的了。,1,该店铺购买≥2次,5,32G,1T,16
420,j***W,2025-09-03,16英寸酷睿版 标压酷睿2代Ultra 5|32G 1T,物流很快，隔天就收到，做工很精细，外观很精美，开机配置非常简单，智能化，上手就能轻松用，屏幕大小也刚刚适合，是理想的办公用具,1,该店铺购买≥2次,5,32G,1T,16
421,jd_KXhbFKGzJkoo,2025-10-19,16英寸酷睿版 标压酷睿2代Ultra 5|32G 1T,送货速度超级快，同事一直用这款电脑，开机速度很快，办公用的3d软件打开都很丝滑，特意和同事买了一样的配置，期待接下来用的效果！,0,否,5,32G,1T,16
422,j***6,2025-08-14,16英寸酷睿版 标压酷睿2代Ultra 5|32G 1T,这款电脑综合表现非常出色，完美兼顾了性能、便携与扩展性，适合专业创作、游戏娱乐及高效办公场景。超薄机身+长时间续航，成为差旅办公的完美搭档。配置均衡和做工扎实，堪称生产力与娱乐的优质选择,4,该店铺购买≥2次,5,32G,1T,16
423,0***i,2025-09-09,16英寸酷睿版 标压酷睿2代Ultra 5|32G 1T,电脑外观精美，设计感十足。运行流畅，开机速度快，使用起来毫无卡顿。与描述相符，物流快，客服服务好，性价比超高，值得购买。,1,否,5,32G,1T,16
424,匿***户,2025-08-27,16英寸锐龙版 标压锐龙7 H 255|24G 1T,联想小新 Pro16 真的超棒！金属机身质感好，简约大气。屏幕清晰，2.5K 分辨率搭配 120Hz 高刷，看着超舒服。性能强劲，日常办公、剪辑视频都流畅，大电池续航也给力，真心推荐！,8,该店铺购买≥2次,5,24G,1T,16
425,j***1,2025-07-28,16英寸酷睿版 标压酷睿2代Ultra 5|32G 1T,用了一段时间才来评价的，挺好的，速度很快，不愧是联想的，大品牌，并且超级薄，也很轻，屏幕也很大，孩子用着不费眼，希望能用个五年以上,1,该店铺购买≥2次,5,32G,1T,16
426,jd_54mse478keqro9,2025-10-16,14英寸酷睿版 标压酷睿2代Ultra 5|32G 1T,外观颜值在线，包装很好，物流也很快，打开试了下，运行速度很不错，因为是新机，其他目前看不出来，用一段时间再来追评，整体不错，就是价格有点贵，没有抢到国补,0,该店铺购买≥2次,5,32G,1T,14
427,z***q,2025-10-18,16英寸酷睿版 标压酷睿2代Ultra 5|32G 1T,1.一直使用联想的电脑作为办公使用，基本上可以满足需求，品质也不错。2.合适的配置，价格也越来越好，搭配活动还是挺划算的,0,该店铺购买≥10次,5,32G,1T,16
428,亲***雨,2025-09-13,16英寸锐龙版 标压锐龙7 H 255|24G 1T,收到马上就激活了，质量蛮好的，买给小孩大学带去学校用的，用起还很好哦??，，整体性价比很满意的，买了个键盘膜贴上去更棒了，，,0,否,5,24G,1T,16
429,夜***星,2025-08-17,16英寸酷睿版 标压酷睿2代Ultra 5|32G 1T,好久没用电脑了，这款电脑质感很好，金属质感，看起来高端大气上档次。屏幕很大，显示效果很好，配置高，价格实惠，十分值得购买。,2,否,5,32G,1T,16
430,不***o,2025-09-04,16英寸酷睿版 标压酷睿2代Ultra 5|32G 1T,收到快递的那一刻还是挺惊喜的，包装完好无损，电脑也保护得很好！?? 打开后的第一眼就爱上了这简洁的设计和舒适的键盘，使用体验非常棒，满意购物????！期待更多好用体验！,3,否,5,32G,1T,16
431,j***y,2025-10-14,16英寸酷睿版 标压酷睿2代Ultra 5|32G 1T,联想小新16 Pro收到了，性价比很高，运行速度快，散热效果好，声音小，联想老牌子了，还是比较信赖的，祝?愿联想电脑，越做越大越做越好,0,否,5,32G,1T,16
432,成***官,2025-10-18,16英寸酷睿版 标压酷睿Ultra 5|32G 1T,联想小新电脑性价比超高！屏幕清晰流畅，办公学习完全无压力。机身轻薄颜值高，质感出众。下单第二天就收到，物流神速，强烈推荐！,0,该店铺购买≥2次,5,32G,1T,16
433,家***1,2025-10-22,16英寸酷睿版 标压酷睿2代Ultra 5|32G 1T,之前买的联想电脑用了好多年，联想品牌性价比高，值得购买，小新系列第一次尝试，拿到手觉得颜值很高，用起来也不错,0,该店铺购买≥2次,5,32G,1T,16
434,洋洋星宇,2025-09-29,16英寸酷睿版 标压酷睿Ultra 5|32G 1T,质量和做工都很不错，运行速度快，屏幕显示清晰，散热性能好，京东自营商品品质有保障，售后服务好，送货速度快，下次有需要还会再来购买,0,该店铺购买≥10次,5,32G,1T,16
435,d015rg86lsj7cb,2025-08-19,16英寸锐龙版 标压锐龙7 H 255|24G 1T,用了两三天，感觉还不错，不管是一般的浏览，文档，画图还是玩游戏等目前都比较丝滑，学生用性价比还是可以的，希望耐用，系统不卡顿。,1,否,5,24G,1T,16
436,Q***J,2025-08-21,16英寸锐龙版 标压锐龙7 H 255|24G 1T,目前来说挺好的，不得不说它的屏幕亮到能当镜子用了，质感很不错，加上国补太实惠了，美中不足的就是它有点重，不过它也不是走轻薄本，当时买的时候唯一没有考虑到的就是他的充电器，我没想到这么重。,1,否,5,24G,1T,16
437,艽兮simply-,2025-10-19,14英寸酷睿版 标压酷睿Ultra 5|32G 1T,发货蛮快的，拍下没多久就发货了，物流也给力，两天就到手上了，整体还是比较满意的，毕竟只是笔记本带着外出办公还是挺方便的，能够满足日常,1,该店铺购买≥2次,5,32G,1T,14
438,jd_afv78r257lml75,2025-10-18,16英寸酷睿版 标压酷睿2代Ultra 5|32G 1T,这款电脑不错，性价比高，很适合学生用，一直都用联想电脑，老牌子，值得信任，客服态度很好，有问有答，耐心细心。,0,否,5,32G,1T,16
439,爱***6,2025-10-22,14英寸酷睿版 标压酷睿Ultra 5|32G 1T,电脑太惊喜了，外观简约大方，性能强劲，使用起来非常舒适，屏幕非常清晰，色彩鲜艳，观影效果非常棒，电脑键盘手感非常好，打起字来很非常舒适，而且按键反应灵敏，音响效果非常出色，特别喜欢,0,该店铺购买≥2次,5,32G,1T,14
440,4x06n57tskkvzj,2025-09-08,14英寸酷睿版 标压酷睿2代Ultra 5|32G 1T,联想小新14备受好评，2025款屏幕升级为2.8K分辨率、120Hz高刷新率，性能强劲，接口丰富，外观轻薄时尚，续航能力也较好。,0,该店铺购买≥2次,5,32G,1T,14
441,jd_2fx9837zta4k87,2025-10-24,16英寸酷睿版 标压酷睿Ultra 5|32G 1T,这款笔记本用后感受，首先颜值非常满意，屏幕显示清楚，，操作流畅，老品牌还是值得信赖的，值得推荐大家去购买的产品。,1,否,5,32G,1T,16
442,一统大唐,2025-10-25,16英寸酷睿版 标压酷睿2代Ultra 5|32G 1T,“纠结了好久才下单，收到后真香！ 首先屏幕太惊艳了，周末晚上窝在床上看电影，这120Hz高刷屏加上好音响，效果直追家庭影院，色彩特别舒服。我用的锐龙版，平时就上网、看剧、偶尔玩一下LOL，最高画质下非常流畅，机身也只是温温的。16G内存和512G固态对我来说够用了，开机十来秒，软件基本都是点开就开。说点实在的：优点： 屏幕无敌，速度飞快，颜值高，接口够用（不用老带着扩展坞）。需要注意： C面（键盘面）是深空灰色，虽然好看有质感，但特别容易显灰尘和手印，有点强迫症的可能得配个键,0,该店铺购买≥2次,5,32G,1T,16
443,jd_0izrs9yahvw13s,2025-10-18,14英寸酷睿版 标压酷睿Ultra 5|32G 1T,京东大品牌果然没让我失望，电池续航非常长。追剧一天都不在话下，小巧便捷，非常容易携带接口也够多，完全够用，运行速度非常快。偶尔打打游戏也是不错的选择。日常办公娱乐用它足够了,0,该店铺购买≥2次,5,32G,1T,14
444,沙漠绿洲宋,2025-10-26,16英寸锐龙版 标压锐龙7 H 255|24G 1T,运行速度：还没测屏幕效果：镜面屏 清晰 有反光散热性能：底部挺热 风扇声音不大外形外观：还可以就是有点暗轻薄程度：轻薄本散热能力：可以风扇声音不大其他特色：暂时还没发现运行速度：没测,0,该店铺购买≥2次,5,24G,1T,16
445,中***批,2025-10-25,16英寸酷睿版 标压酷睿2代Ultra 5|32G 1T,这款笔记本性价比超高很划算。质量过硬，运行流畅，与描述完全相符。物流配送快，服务也周到，有问题能及时解答，这次购物体验很棒。,0,该店铺购买≥10次,5,32G,1T,16
446,jd_139265ufj,2025-11-08,14英寸酷睿版 标压酷睿Ultra 5|32G 1T,物超所值，物美价廉 大品牌值得信赖,0,该店铺购买≥2次,3,32G,1T,14
447,三***思,2025-08-12,14英寸锐龙版 标压锐龙7 H 255|24G 1T,快递很快，电脑便携，整体颜值很高，办公用这个性能足够了，运行一些小游戏也没问题，屏幕效果：屏幕没得说，色彩鲜艳，散热性能：散热加个支架运行速度：很快很快,3,否,5,24G,1T,14
448,霭凝,2025-08-17,14英寸酷睿版 标压酷睿Ultra 5|32G 1T,孩子马上上大学了，选中了这款电脑，联想大品牌值得信赖，京东物流也相当给力，孩子很喜欢，运行速度快屏幕效果好，小巧方便！,1,否,5,32G,1T,14
449,dnx9dw2226l7eh,2025-09-05,14英寸锐龙版 标压锐龙7 H 255|24G 1T,客服服务态度很不错，很耐心解答，快递三天左右可以到货，电脑目前使用起来还可以，散热有些不太足，刷一会儿抖音就很烫，不过在下面放两瓶矿泉水就好多了。不过好可惜，我刚买完没几天就有国补了??????安徽国补你怎么回事啊啊啊啊，早不补晚不补，偏偏我买完后才补。不过电脑还是不错的，客服也不错的,0,该店铺购买≥2次,5,24G,1T,14
450,爱笑的俱乐部,2025-10-18,14英寸酷睿版 标压酷睿Ultra 5|32G 1T,购物体验超级棒！商品物美价廉，质量绝佳。物流高效，商家服务耐心，售后无忧。运行速度：非常快屏幕效果：美，好看散热性能：玩了三个小时还是没有感觉到热外形外观：非常满意,0,该店铺购买≥2次,5,32G,1T,14
451,j***4,2025-09-26,16英寸酷睿版 标压酷睿2代Ultra 5|32G 1T,京东上买的非常不错的一款产品，官网上买的，性价比很高，流畅清晰，质量轻，用起来很丝滑，推荐大家入手这款产品，非常不错，推荐。,0,否,5,32G,1T,16
452,小财迷棒棒哒,2025-09-20,16英寸酷睿版 标压酷睿Ultra 5|32G 1T,之前上大学的时候就买过联想的电脑，现在又买这个工作以后，又又想买了联想的笔记本，电脑，真的特别的好，超薄本，用着非常的舒服以后还会买联想家的电脑。,0,该店铺购买≥2次,5,32G,1T,16
453,j***8,2025-10-21,16英寸酷睿版 标压酷睿2代Ultra 5|32G 1T,收到货后打开看了下，快递包装挺好，机器外观不错，因为是给孩子买的，只是体验了下手感，有待后续的使用。,0,该店铺购买≥2次,5,32G,1T,16
454,释蒂,2025-10-20,14英寸酷睿版 标压酷睿Ultra 5|32G 1T,联想14Pro是全能轻薄本首选。2.8K 120Hz屏细腻护眼，性能强且散热稳，84Wh长续航+全接口，1.46kg便携，兼顾办公与轻度创作。,0,该店铺购买≥2次,5,32G,1T,14
455,jd_b8o0tu1pd26vwh,2025-10-16,16英寸酷睿版 标压酷睿2代Ultra 5|32G 1T,在直营店买的，运行流畅，屏幕分辨率高，外观大气，适合办公、学习的宝子们，16英寸屏幕看着敞亮，不累??,0,否,5,32G,1T,16
456,帅***奶,2025-10-19,14英寸酷睿版 标压酷睿Ultra 5|32G 1T,包装很好，东西完全没有破损，打开之后各方面都很好，性能很流畅，非常不错的一款电脑，性价比特别高，不错不错，很满意，会认准这个品牌,0,否,5,32G,1T,14
457,m2wlth65k0t0le,2025-10-17,16英寸酷睿版 标压酷睿2代Ultra 5|32G 1T,物流很快，下单后第二天就及时收到了电脑，快递员非常热情服务，提前打电话确认上门时间，收到货迫不及待的就打开了，哇包装非常细致周到，第一眼看到电脑很惊艳，是我想要的款式，而且办公本也不是很重，携带起来也很方便，客服也非常耐心的告知如何开机检查使用全过程都有指导视频！非常满意！,0,该店铺购买≥2次,5,32G,1T,16
458,j***h,2025-08-05,14英寸酷睿版 标压酷睿Ultra 5|32G 1T,物流很快，两天就收到货了，小巧玲珑用起来很方便，也挺薄的，薄款还是轻巧，颜色没有什么色差，大小也挺满意，是自己喜欢的样子，还可以。,0,该店铺购买≥2次,5,32G,1T,14
459,j***m,2025-07-28,16英寸酷睿版 标压酷睿2代Ultra 5|32G 1T,看了好久，最终确定联想小新这款笔记本真是太棒了！??性能优越，屏幕清晰，操作也很流畅。包装完好无损，附带的软件也很实用。物流很快，服务也不错。总体来说，这次购物体验非常满意！,3,否,5,32G,1T,16
460,西***剧,2025-10-19,14英寸酷睿版 标压酷睿Ultra 5|32G 1T,想小新14笔记本电脑以其出色的便携性、强劲的性能、良好的显示效果、长续航能力、优质的设计和丰富的接口而受到用户的青睐，适合日常办公、学习和娱乐使用。便携性,0,否,5,32G,1T,14
461,面***生,2025-08-02,16英寸酷睿版 标压酷睿2代Ultra 5|32G 1T,不错，自带的win11就先不换了，自带的联想软件也挺不错轻度游戏可以，稍微大点的就发热严重了感觉办公完全没问题,0,否,5,32G,1T,16
462,b***3,2025-07-31,14英寸酷睿版 标压酷睿Ultra 5|32G 1T,单位采购用来开发人员办公的产品，外观精致，整体很小巧，传输速度快，非常实用，京东物流送货快，隔日达，非常满意，还会考虑回购的,0,该店铺购买≥2次,5,32G,1T,14
463,jd爱笑的眼睛8,2025-10-16,16英寸酷睿版 标压酷睿2代Ultra 5|32G 1T,这款联想小新笔记本电脑非常不错，屏幕清晰度高，用起来很舒服，开机速度快，散热性能好，京东物流相当给力，头天买的第二天就到了，外形外观好看,0,该店铺购买≥2次,5,32G,1T,16
464,贪恋你的笑-,2025-08-22,16英寸酷睿版 标压酷睿2代Ultra 5|32G 1T,运行速度挺快，质感还不错，这次叠加国补，价格很到位。京东物流速度一流，买家电到京东。价格非常的美丽，东西还是不错的，会继续回购！全五分！奈斯奈斯～,2,否,5,32G,1T,16
465,五***弟,2025-10-17,14英寸酷睿版 标压酷睿Ultra 5|32G 1T,很早之前就一直在看这款联想的笔记本电脑，终于在价格合适的时候拿下了它，京东快递配送速度很快，第二天就拿到啦，买来送妹妹的，不错,0,该店铺购买≥2次,5,32G,1T,14
466,jd_43vag245p3gfg5,2025-10-15,16英寸酷睿版 标压酷睿2代Ultra 5|32G 1T,不得不赞，质量真的好，包装物流也不错。真心喜欢，入手后不会让你后悔的！超出预期，质量很好，做工精细，满意屏幕很大，目前没有卡顿，很酷,0,否,5,32G,1T,16
467,j***l,2025-08-19,14英寸酷睿版 标压酷睿5 220H|24G 1T,单位一下购置了三台，二十多年一直都是联想的品牌，行业特殊，只有联想的品牌，能兼容所有专业软件！这个版本的属于性价比之王。在此大环境下的工作机优选,0,该店铺购买≥2次,5,24G,1T,14
468,jd_z470mzf51a6z0j,2025-10-21,14英寸酷睿版 标压酷睿Ultra 5|32G 1T,非常不错看了很久了深得我心这是一款办公非常方便的电脑携带方便续航久一些基础的办公绰绰有余在京东购买的大品牌有保障售后保障非常好,0,否,5,32G,1T,14
469,j***x,2025-08-19,14英寸酷睿版 标压酷睿Ultra 5|32G 1T,给家里人买的，办公用，背着跑来跑去很方便?? ?˙?˙? ??基础使用足够了，主要是看重便携性?(???????)?带着方便,1,否,5,32G,1T,14
470,j***k,2025-10-24,14英寸酷睿版 标压酷睿2代Ultra 5|32G 1T,非常不错，外观看着挺高大上的，也不是说特别厚，是我挺喜欢的类型，比外面性价比还高，挺有性价比的，推荐 推荐,0,该店铺购买≥2次,5,32G,1T,14
471,S***r,2025-08-05,16英寸酷睿版 标压酷睿2代Ultra 5|32G 1T,速度这是挺快的，毕竟是新电脑，是看购买量挺多，不过交易行联想电脑这是用了第二台了，还是存吧只能说中规中矩，普通学生党还是推荐！,0,该店铺购买≥2次,5,32G,1T,16
472,吃不吃香菜z,2025-10-24,16英寸酷睿版 标压酷睿2代Ultra 5|32G 1T,联想是一线大品牌，品质值得信赖，买电脑就怕遇到坑货的商家，选择大品牌就不会有这种事儿发生了，所以我选的联想，整机做工很精致，性价比超高，我推荐购买,0,该店铺购买≥2次,5,32G,1T,16
473,难回以前,2025-08-27,16英寸酷睿版 标压酷睿2代Ultra 5|32G 1T,给孩子买着去大学使用的！昨天下单今天就到货了！孩子非常喜欢！希望大学四年好好学习！认真听课！对比了几个品牌最终还是选择联想笔记本电脑！放心的选择！,1,该店铺购买≥2次,5,32G,1T,16
474,大帅小果,2025-10-15,16英寸酷睿版 标压酷睿2代Ultra 5|32G 1T,联想笔记本太赞了！金属机身质感高级，性能强劲，多开文件和专业软件都丝滑流畅，续航也够用，是高效生产力工具。,0,否,5,32G,1T,16
475,kangshifu520,2025-09-14,14英寸酷睿版 标压酷睿Ultra 5|32G 1T,"运行速度：新款5的U,屏幕效果：很清晰散热性能：不错外形外观：颜值可以的轻薄程度：很轻巧方便携带其他特色：OK散热能力：很不错运行速度：可以的",2,该店铺购买≥2次,5,32G,1T,14
476,jd_s72m876rha0m32,2025-10-17,16英寸酷睿版 标压酷睿2代Ultra 5|32G 1T,小新16Pro性价比超高，外观精美，价格实惠性能却强劲，运行流畅。高清屏幕观影修图体验佳，丰富接口使用方便????????,0,否,5,32G,1T,16
477,麦***1,2025-08-15,16英寸锐龙版 标压锐龙7 H 255|24G 1T,运行速度：非常给力屏幕效果：清晰散热性能：厉害得很外形外观：包装物损坏 物流很给力轻薄程度：非常轻便非常好 配送给力 服务好 yyds,0,否,5,24G,1T,16
478,x***y,2025-08-31,16英寸酷睿版 标压酷睿2代Ultra 5|32G 1T,屏幕效果：感觉色彩不错，亮度也高运行速度：开机、打开办公软件速度快。其他的还没试外形外观：个人还比较喜欢，简洁轻薄程度：家用、携带都方面,0,该店铺购买≥2次,5,32G,1T,16
479,jd_182926ljp,2025-09-14,16英寸酷睿版 标压酷睿2代Ultra 5|32G 1T,运行速度：速度方面还好，没有卡顿屏幕效果：屏幕较大，适合办公用散热性能：散热挺好轻薄程度：在电脑里面不算太重其他特色：16英寸的对我个人而言屏幕有点大，经常外出携带的话，可以选14英寸,0,该店铺购买≥2次,5,32G,1T,16
480,jd_151944hvt,2025-10-19,14英寸酷睿版 标压酷睿Ultra 5|32G 1T,运行速度：运行速度很快。屏幕效果：看上去很不错。散热性能：挺好的。外形外观：携带方便，喜欢的外形。轻薄程度：超薄的。搞活动，挺划算的，物美价廉值得购买，建议大家购买尝试使用。,0,否,5,32G,1T,14
481,g***o,2025-09-01,16英寸酷睿版 标压酷睿2代Ultra 5|32G 1T,电脑是给孩子买的，收到之后孩子自己连网开机，自己弄的，用了之后基本体验是，好用，评价不错，屏幕清晰，运行速度快，售后服务选的是增值保价，在京东买东西就是放心。,0,否,5,32G,1T,16
482,旧***恋,2025-08-10,16英寸锐龙版 标压锐龙7 H 255|24G 1T,这笔记本真的是太好了，第二天就能收到货，是自己用的，很流畅，显示的也很好看，非常的满意，特别推荐购买，现在价格也很合适，质量用着也挺好的，包装不错,0,否,5,24G,1T,16
483,Bosque_斯坦森,2025-10-26,14英寸酷睿版 标压酷睿Ultra 5|32G 1T,电脑很好用运行速度：很快屏幕效果：刷新率很高不卡顿散热性能：很好轻薄程度：轻薄使用方便其他特色：可以带动cs和瓦罗兰特值得推荐,0,否,5,32G,1T,14
484,詹***8,2025-08-10,16英寸酷睿版 标压酷睿2代Ultra 5|32G 1T,运行速度：很好屏幕效果：护眼模式散热性能：一般外形外观：轻精美轻薄程度：轻其他特色：银色散热能力：很好,0,否,5,32G,1T,16
485,小***栓,2025-10-15,16英寸酷睿版 标压酷睿2代Ultra 5|32G 1T,帮妹妹买的  联想大品牌  18年买了一台小新 到现在能用  什么配件没有换   简单简单玩个网游也是能玩  够用  运行速度快  电池续航日常办公妥妥的够用   屏幕显示很清晰  储存空间我买的1T   日常办公学习够用,0,否,5,32G,1T,16
486,j***g,2025-10-21,16英寸酷睿版 标压酷睿Ultra 5|32G 1T,"- 优点：""很好用，内存大，反应快，性价比很高""?- 特色：OLED屏幕显示效果出色，轻薄便携适合移动办公",0,该店铺购买≥2次,5,32G,1T,16
487,半分笑颜2024,2025-08-16,16英寸酷睿版 标压酷睿2代Ultra 5|32G 1T,这款电脑挺好的嗯，用起来特别上手，方便易操作，颜值在线挺好用的，非常喜欢，国补很香的，大家喜欢的可以入手散热，很好，样子特别漂亮,1,该店铺购买≥2次,5,32G,1T,16
488,j***l,2025-09-02,14英寸酷睿版 标压酷睿2代Ultra 5|32G 1T,外观美观看起来非常的高大上，磨砂外观，做工精细，是正品，物流也很快，服务态度很好，非常的满意的一次购物，下次如果需要也会优先考虑这个品牌的帅就一个字??,0,该店铺购买≥2次,5,32G,1T,14
489,30w97b6rp8ny3d,2025-09-28,14英寸酷睿版 标压酷睿2代Ultra 5|32G 1T,联想笔记本电脑性能不错，外观简约大气，使用起来非常流畅，性价比相当高！??? 整体感觉很满意，推荐给大家！,0,否,5,32G,1T,14
490,v***2,2025-09-14,16英寸酷睿版 标压酷睿Ultra 5|32G 1T,运行速度：速度很快，运行流畅屏幕效果：屏幕分辨率很高，非常清晰散热性能：散热性能很好外形外观：外观简洁耐看轻薄程度：轻薄，方便携带,0,该店铺购买≥2次,5,32G,1T,16
491,u_5cunldjpc4sf,2025-10-19,16英寸酷睿版 标压酷睿2代Ultra 5|32G 1T,电脑非常反映敏捷快速，家庭使用方便，内存大，存储空间大，屏幕分辨率高，看视频非常清晰。,0,该店铺购买≥2次,5,32G,1T,16
492,jd_045u4u5ykb1eu3,2025-09-11,16英寸酷睿版 标压酷睿2代Ultra 5|32G 1T,运行速度：非常快，屏幕效果：也很好散热性能：声音小，办公非常舒适外形外观：很喜欢轻薄程度：非常轻薄,1,否,5,32G,1T,16
493,带***花,2025-10-18,16英寸酷睿版 标压酷睿2代Ultra 5|32G 1T,屏幕效果：清晰可见运行速度：打游戏不卡外形外观：外观非常好看轻薄程度：很薄散热性能：目前觉得很好,0,否,5,32G,1T,16
494,y***9,2025-09-20,16英寸酷睿版 标压酷睿2代Ultra 5|32G 1T,物流一如既往的快，屏幕显示很靓，存储比原来的旧电脑大多了，运行速度迅速，是一款比较实用的好帮手。,0,否,5,32G,1T,16
495,9r77h6nd4nvd59,2025-10-19,16英寸酷睿版 标压酷睿2代Ultra 5|32G 1T,京东快递很快，而且送货上门，电脑收到，包装很扎实。质感不错，很喜欢。打开使用很丝滑。速度很快,0,否,5,32G,1T,16
496,j***6,2025-10-15,16英寸酷睿版 标压酷睿2代Ultra 5|32G 1T,笔记本很薄很轻，开机速度很快，翻盖自动开机设计挺好，颜值也不错，16寸屏幕很舒服。,0,该店铺购买≥2次,5,32G,1T,16
497,r051f9qb6cko38,2025-10-18,16英寸酷睿版 标压酷睿2代Ultra 5|32G 1T,键盘手感不错，完全静音，屏幕高清，使用不卡顿，情薄本中性价比很高，能够流畅游玩多种网游值得入手,0,否,5,32G,1T,16
498,j***5,2025-10-17,16英寸酷睿版 标压酷睿2代Ultra 5|32G 1T,东西很好，质量有保证。联想值得信赖！！！芯片还牛，上来就试了试渲染，挺不错的，随身办公超级方便！,0,该店铺购买≥2次,5,32G,1T,16
499,x***t,2025-10-19,16英寸酷睿版 标压酷睿2代Ultra 5|32G 1T,电脑很好，外观时尚大气，键盘质感好，开机后运行流程，颜色也很丰富，还带ai功能。,0,否,5,32G,1T,16
500,s***8,2025-10-25,14英寸酷睿版 标压酷睿2代Ultra 5|32G 1T,这款电脑容易携带，外观很喜欢，用起来手感很好，CAD用起来很顺，而且联想售后值得信赖??。,0,该店铺购买≥2次,5,32G,1T,14
501,LEle0413,2025-10-17,14英寸酷睿版 标压酷睿2代Ultra 5|32G 1T,这款笔记本外观好看，小小巧轻便，键盘好用，运行速度快，能满足的生常工作学习，值得入手。,0,该店铺购买≥2次,5,32G,1T,14
502,z***8,2025-10-15,14英寸酷睿版 标压酷睿2代Ultra 5|32G 1T,挺好用的 14寸挺轻 方便放包里 开机速度快 跟着网上视屏改一下设置 很不错 记得激活,0,否,5,32G,1T,14
503,随风摇曳的狗尾巴草,2025-10-18,14英寸酷睿版 标压酷睿2代Ultra 5|32G 1T,笔记本非常的 nice，屏幕非常的清晰，用起来十分的丝滑，看电影一点模糊的感觉也没有,0,否,5,32G,1T,14
504,勇***l,2025-08-08,16英寸酷睿版 标压酷睿2代Ultra 5|32G 1T,还在摸索中，做工不错，金属质感，外观也漂亮，还在使用中，再看看效果吧，当前感觉还可以,0,该店铺购买≥2次,5,32G,1T,16
505,jd_u20ln022pds2cl,2025-09-30,16英寸酷睿版 标压酷睿Ultra 5|32G 1T,结果非常的够用，我感觉挺容易携带的，重量也不是很重不压手外观挺好的，我感觉这个打游戏非常非常流畅呀,0,否,5,32G,1T,16
506,u***1,2025-10-15,16英寸酷睿版 标压酷睿2代Ultra 5|32G 1T,这款联想小新Pro16真不错！屏幕大又清晰，运行速度快，轻薄便携，办公学习都很给力，强烈推荐！,0,该店铺购买≥2次,5,32G,1T,16
507,四***逢,2025-10-14,16英寸酷睿版 标压酷睿2代Ultra 5|32G 1T,颜色耐看漂亮，键盘字体清晰，手感很好，高清大屏幕，期待使用效果外形外观：高大上轻薄程度：中等,0,否,5,32G,1T,16
508,今天我当家,2025-09-21,16英寸酷睿版 标压酷睿Ultra 5|32G 1T,系统非常流畅。性能很好。屏幕很清晰。值得购买。不好的地方就是没有包，也没有鼠标，太减配了。,0,否,5,32G,1T,16
509,bg5xj73i10j75o,2025-10-17,16英寸酷睿版 标压酷睿Ultra 5|32G 1T,。质量很好。屏幕效果：屏幕效果非常好。运行速度：运行速度也很快。外形外观：外观很帅气。,0,否,5,32G,1T,16
510,本***哥,2025-07-28,14英寸酷睿版 标压酷睿Ultra 5|32G 1T,轻薄，颜值高，给侄女上大学用的，孩子很喜欢，比实体店便宜好几百。配置高，速度也够用,0,该店铺购买≥2次,5,32G,1T,14
511,l***闺,2025-08-10,14英寸酷睿版 标压酷睿Ultra 5|32G 1T,买了几十次了，最后价格都买高了，特别好的电脑！！！公司采购了太多了，新员工标配，现在用了很久了特别喜欢，样子也好看，功能齐全,1,该店铺购买≥2次,5,32G,1T,14
512,城***城,2025-07-29,16英寸锐龙版 标压锐龙7 H 255|24G 1T,还不错，看着挺轻薄，就是没有任何赠品，按理说5千的电脑啥也没有很可惜，希望店家配一些电脑包以及鼠标之类的。现在的电脑售卖很苛刻。,0,该店铺购买≥2次,5,24G,1T,16
513,1***7,2025-08-23,16英寸酷睿版 标压酷睿2代Ultra 5|32G 1T,"入手小新16pro,好看，轻薄携带方便，平常办公做个视频剪辑足够用，金属外壳，散热也不错，超喜欢！",0,否,5,32G,1T,16
514,有***量,2025-10-16,14英寸酷睿版 标压酷睿Ultra 5|32G 1T,京东物流极速，期待的联想小新终于抢到了，外观漂亮，开机速度快，键盘灵敏漂亮，操作起来总体效果好。,0,否,5,32G,1T,14
515,jd_36r98lz8xv63q1,2025-09-13,16英寸酷睿版 标压酷睿2代Ultra 5|32G 1T,配送很快，电脑很轻薄，已经激活，运行很流畅！分辨率也高，颜色很赞，买给女儿读大学用的。,0,否,5,32G,1T,16
516,2***8,2025-07-29,16英寸酷睿版 标压酷睿2代Ultra 5|32G 1T,电脑运行时声音不大。服务态度挺好的，性能满足我的需求。大小合适。散热一般。整体还可以满足需求。,0,该店铺购买≥2次,5,32G,1T,16
517,gul88959kafvxf,2025-09-06,16英寸酷睿版 标压酷睿2代Ultra 5|32G 1T,存储空间很大，运行速度很快，收到时非常惊喜，手感很好，电池续航也够，是个值得购买的好电脑。,0,该店铺购买≥2次,5,32G,1T,16
518,j***丨,2025-08-03,16英寸酷睿版 标压酷睿2代Ultra 5|32G 1T,用了有一周了，很流畅，目前没发现任何问题，用的挺好外形外观：颜值很强，轻薄程度：轻薄,0,该店铺购买≥2次,5,32G,1T,16
519,jd150976wnr,2025-10-22,16英寸酷睿版 标压酷睿Ultra 5|32G 1T,运行速度：很快。屏幕效果：很漂亮。散热性能：很好。外形外观：很漂亮。轻薄程度：特别轻薄。,0,该店铺购买≥2次,5,32G,1T,16
520,Y***月,2025-06-11,【2025新款】Pro16英寸 OLED高刷 标压锐龙7 H 255|24G 1T,物流特别快，上午买的下午就到了，外观很好看，而且屏幕素质优秀，特别清晰，电脑尺寸很大，看动漫很爽，而且有国补优惠，便宜了很多，感觉确实划算，还有小键盘，打字写文件也方便，无论是办公还是追剧打游戏都很好。,2,否,5,24G,1T,16
521,w***3,2025-02-18,14英寸酷睿版 标压酷睿Ultra 5|32G 1T,咋天下单的联想小新Pro 14，今天上午就送到了。用了大半天，感觉很不错。CPU是英特尔酷睿Ultra，运行内存32GB，主硬盘1T固态硬盘，电池容量84Wh，家庭用的高配置。还有国家补贴20%，达到了1千1百多。购买时客服小林全程帮助，实在是太感谢了。,0,否,5,32G,1T,14
522,j***f,2025-04-09,【性能大屏】Pro16英寸 2.5K高刷 标压酷睿Ultra 5|32G 1T,一直想买联想的笔记本，这台做工很好，配置又高，运行超快。酷睿ultra系列的cpu，32g内存，1T固态，显示性能特别好，外观超薄。联想的产品是越做越好了，给儿子买的，他超喜欢。,1,否,5,32G,1T,16
523,嗷***呜,2025-03-09,【性能大屏】Pro16英寸 2.5K高刷 标压酷睿Ultra 5|32G 1T,家里是有台式机的，平时是妈妈在玩游戏用，最近接了几个项目就要抢电脑用了，而且台式好几年了，做文档表格都很卡顿。所以问了朋友，给我推荐了这款笔记本，大屏幕，用了酷睿Ultra 5处理器，开机速度15秒，打开网页的速度也是很快，大屏幕的色彩饱和度很高，很柔和，我工作一下午也不酸眼睛。今天是第一天使用，给我的感觉不错。本来还在纠结是买华为还是联想，现在看来还是联想老牌子更值得信赖！,1,该店铺购买≥2次,5,32G,1T,16
524,1***9,2025-04-04,【性能大屏】Pro16英寸 2.5K高刷 标压酷睿Ultra 5|32G 1T,笔记本用的是酷睿ultra芯片，智能芯片core ultra5 125h能带来一定的智能体验，金属机身，质感很好，厚度也适合随身携带，静音效果很不错，正常轻度使用的时候基本听不到声音。节能管理也很不错，离开电脑前后会自动熄屏，回来后自动登入，而且带插电保护电池功能，适合办公和轻度游戏。,0,该店铺购买≥2次,5,32G,1T,16
525,金***g,2025-02-26,【性能大屏】Pro16英寸 2.5K高刷 标压酷睿Ultra 5|32G 1T,对比很多，还是选择了在京东买联想，大品牌，可靠放心。酷睿 Ultra5 运行非常流畅，屏幕清晰，外观也洋气好看，轻薄方便，京东送货速度特别快，整体都很满意哦,2,否,5,32G,1T,16
526,j***g,2025-03-28,【超能轻薄】Pro14英寸 2.8K高刷 标压酷睿Ultra 5|32G 1T,电脑收到就用了，比想象中好很多，工作需要，酷睿Ultra处理器?32G内存足够用了，款式很好看，颜值控可以放心入手，很薄，14寸的大小很合适，外出携带非常方便。,0,否,5,32G,1T,14
527,b***0,2025-02-28,【性能大屏】Pro16英寸 2.5K高刷 标压酷睿Ultra 5|32G 1T,酷睿Ultra运行速度：很顺滑，开机基本上耗时16秒屏幕效果：适合，喜欢，很清晰散热性能：目前没有觉得发热外形外观：顺滑，看起来不笨重轻薄程度：轻薄，移动办公很方便，不觉得重,0,否,5,32G,1T,16
528,j***f,2025-02-05,【性能大屏】Pro16英寸 2.5K高刷 标压酷睿Ultra 5|32G 1T,第一次购买联想小新笔记本，配置了最新的英特尔酷睿Ultra5 125H标压处理器，32g内存，1T固态硬盘，用起来非常流畅，外观很有质感，16寸大屏幕，体验感觉挺好，集显性能还是不错的，可以流程玩网游和观看4K视频，大电池续航能力也可以，用来办公比较轻便，整体比较满意！,0,该店铺购买≥2次,5,32G,1T,16
529,j***k,2025-02-03,16英寸酷睿版 标压酷睿Ultra 5|32G 1T,给女儿买来学习平面设计用的，使用了个把星期才来评价，非常满意的一次购物。屏幕显示非常清晰，外观漂亮。运行速度：第一次开机挺慢的，后来速度很快散热性能：不错，没什么噪音外形外观：无磕碰屏幕效果：色泽清晰轻薄程度：挺轻薄的,0,该店铺购买≥2次,5,32G,1T,16
530,广***瑞,2025-03-01,【性能大屏】Pro16英寸 2.5K高刷 标压酷睿Ultra 5|32G 1T,收到小新16寸，试用了几天，产品外观漂亮，酷睿Ultra’运行流畅，屏幕清晰，久看不累，开机运行一天，不卡顿，键盘布局特别有单独数字键，办公特别方便，爱死了,0,该店铺购买≥2次,5,32G,1T,16
531,o***l,2025-05-06,【2025新款】Pro16英寸 OLED高刷 标压酷睿2代Ultra 5|32G 1T,运行速度：刚开始开机时较慢，但这是正常的，后面注册后，开机很快，用了16秒屏幕效果：屏幕是蓝光护眼的，没有划痕散热性能：使用第二天，目前没有发很大的热，散热性能好外形外观：非常喜欢这个灰色，非常大气轻薄程度：还挺轻的,12,否,5,32G,1T,16
532,哦***酱,2025-05-03,16英寸锐龙版 标压锐龙7 H 255|24G 1T,运行速度：非常快屏幕效果：屏幕清晰度非常高散热性能：散热很快外形外观：外形时尚美观大气轻薄程度：轻薄便携其他特色：超级好用、性能强劲。日常学习办公，完全不在话下。,94,否,5,24G,1T,16
533,j***l,2025-02-16,【性能大屏】Pro16英寸 2.5K高刷 标压酷睿Ultra 5|32G 1T,新电脑用来工作的，很顺畅，验机的时候也安全下车。外观设计大方，轻薄，性能方面处理的也快，键盘手感也不错，屏幕效果也好，验机的时候试了一下，没有漏光，非常推荐大家使用,0,否,5,32G,1T,16
534,逝***光,2025-03-28,【超能轻薄】Pro14英寸 2.8K高刷 标压酷睿Ultra 5|32G 1T,买之前做了几天对比，综合之下选择小新。到了迫不及待得打开电脑，酷睿UItra芯片运行非常快，金属机身灰色是我喜欢的颜色，有背光键盘，屏幕色彩也非常看好，主要是一直使用联想的笔记本电脑，用起来也顺手。,0,该店铺购买≥2次,5,32G,1T,14
535,j***6,2025-04-02,【超能轻薄】Pro14英寸 2.8K高刷 标压酷睿Ultra 5|32G 1T,酷睿ultra5质量很过关，品质有保障 显示屏清晰，便携带，使用过程中没有出现任何问题。运行速度：运行速度快外形外观：挺时尚的轻薄程度：还可以,0,该店铺购买≥2次,5,32G,1T,14
536,五***y,2025-03-10,【性能大屏】Pro16英寸 2.5K高刷 标压酷睿Ultra 5|32G 1T,运行速度：好屏幕效果：清晰明亮外形外观：很好轻薄程度：薄。联想大品牌，16酷睿Ultra是参考了很多，最终的选择。客服也非常有耐心，细心解答，新手小白购买也不怕。??,0,该店铺购买≥2次,5,32G,1T,16
537,j***j,2025-02-21,【性能大屏】Pro16英寸 2.5K高刷 标压酷睿Ultra 5|32G 1T,运行速度：很流畅，一点也没有卡顿的感觉外形外观：金属外观，很大气，很高级屏幕效果：色彩鲜艳，大屏幕追剧爽翻天轻薄程度：电脑也很轻薄运行速度：运行速度很快，剪视频非常的快,1,否,5,32G,1T,16
538,j***n,2025-03-15,【2025新款】Pro14英寸 OLED高刷 标压酷睿5 220H|24G 1T,买过一段时间了，开机很快，电脑在性能、屏幕、便携性等方面表现突出，对于日常学习，高效处理文档、多任务运行完全够用了值得购买，国补也优惠了不少，机体轻薄，出差带着基本无压力，用起来丝滑流畅，续航也ok，推荐,0,否,5,24G,1T,14
539,雨***1,2025-03-01,【性能大屏】Pro16英寸 2.5K高刷 标压酷睿Ultra 5|32G 1T,运行速度：不错，只是用于日常办公还挺快的，也不打这游戏，追个剧和综艺，够用了，哈哈哈屏幕效果：16英寸的屏幕很大很清晰，键盘是104个键的，很好用，特别喜欢不影响我打字的速度了。外形外观：电脑很简约，很大气，银灰色看着也很有质感，耐看，手感也不错。轻薄程度：还挺轻薄的，但是有质感，拿着手也不费劲，重量还行，感觉还挺适合女生的。散热性能：还行，平放在办公桌上，用了几个小时电脑也不会很热烫。其他特色：,0,否,5,32G,1T,16
540,三***鱼,2025-02-24,【性能大屏】Pro16英寸 2.5K高刷 标压酷睿Ultra 5|32G 1T,京东速度杠杠的，三点下单七点收到，赞，联想小新16寸，大小合适，酷睿 Ultra处理器，全尺寸键盘，键盘手感好，4斤左右算轻薄，运行速度快，智能识别，散热无声，不错。,0,否,5,32G,1T,16
541,j***4,2025-02-28,【性能大屏】Pro16英寸 2.5K高刷 标压酷睿Ultra 5|32G 1T,运行速度：非常流畅屏幕效果：很高清散热性能：散热性能好外形外观：外观很漂亮是我喜欢的类型轻薄程度：拿在手里很轻便，出门带着也方便Ultra5这款产品质量很好用着也可以,0,该店铺购买≥2次,5,32G,1T,16
542,麟***鲤,2025-02-16,【超能轻薄】Pro14英寸 2.8K高刷 标压酷睿Ultra 5|32G 1T,运行速度：很快，配置不错屏幕效果：很好!清晰度高!护眼模式很好，有点智能散热性能：散热东京目前为止还可以外形外观：很喜欢深灰色轻薄程度：很轻薄，便携，无压力运行时声音不大，CPU直接飚到100%，风扇声音有一些些吧。,0,否,5,32G,1T,14
543,果***豆,2025-03-03,【性能大屏】Pro16英寸 2.5K高刷 标压酷睿Ultra 5|32G 1T,小新酷睿Ultra16这款颜色很清新，运行内存也很大，用起来还是很丝滑的，平时办公用用这个价位还是非常香的，暂时用的整体感觉还不错，京东物流也很快，3c一直是京东上，还是很有保证的，很满意的一次购物,0,否,5,32G,1T,16
544,六***虾,2025-04-09,【超能轻薄】Pro14英寸 2.8K高刷 标压酷睿Ultra 5|32G 1T,一直以来都用的联想这个品牌，以前的老款给家人了，对比之后选择了这款，酷睿UItra 5系统流畅，趁着国补，性价比最好的时候果断下单。电脑运行速度快、开机快速，续航时间长，充电很快，14寸大小很适合且重量不足4斤，真正意义上的轻薄本，便于携带。,1,该店铺购买≥2次,5,32G,1T,14
545,l***3,2025-03-08,【性能大屏】Pro16英寸 2.5K高刷 标压酷睿Ultra 5|32G 1T,正想换笔记本电脑，趁有补贴赶紧下单心心念念的联想小新Pro16，酷睿Ultra 32G 1T 果然不失所望，外观漂亮！电脑速度很快，很安静，显示屏也很惊艳，连续使用了3小时，机身也没怎么发热，非常满意。电池充电很快，续航能力也很强，使用3小时还有70%的电！,0,该店铺购买≥2次,5,32G,1T,16
546,faod96xknx88fl,2025-10-11,16英寸酷睿版 标压酷睿Ultra 5|32G 1T,目前总体不错，适合选择,0,否,3,32G,1T,16
547,伤***2,2025-03-17,【超能轻薄】Pro14英寸 2.8K高刷 标压酷睿Ultra 5|32G 1T,运行速度：很快，不愧是酷睿Ultra屏幕效果：很靓，很喜欢散热性能：很好，运行也没啥声音外形外观：很高档，很漂亮轻薄程度：很轻，方便携带,0,该店铺购买≥2次,5,32G,1T,14
548,丹***马,2025-02-15,【超能轻薄】Pro14英寸 2.8K高刷 标压酷睿Ultra 5|32G 1T,这款使用的是酷睿ultra5处理器，性能好还兼顾省电，屏幕超级清晰，本子也不重，性能很好足够使用，国补后非常划算，用个七八年没问题。32G内存，1T硬盘，还有个扩展位,0,该店铺购买≥2次,5,32G,1T,14
549,j***d,2025-05-02,【性能大屏】Pro16英寸 2.5K高刷 标压酷睿Ultra 5|32G 1T,酷睿ultra屏幕效果：16寸屏幕很爽，黑边很窄，看起来很舒服，屏幕很清晰，色彩很正轻薄程度：很轻薄便携，带出去办公也方便运行速度：运行速度很快，反应灵敏，不卡顿,5,该店铺购买≥2次,5,32G,1T,16
550,3***e,2025-05-09,【2025新款】Pro16英寸 OLED高刷 标压酷睿2代Ultra 5|32G 1T,小新pro16很好用，开机快，屏幕显示清晰，分辨率很高，选的是酷睿版，32G1T，应该更稳定吧，打开程序感觉速度很快。享受政府补贴，节省了一千多，物有所值。系统很干净，要自己按装程序。京东发货就是快，第二天就到了，赞一个。,16,该店铺购买≥2次,5,32G,1T,16
551,o***0,2025-03-28,16英寸酷睿版 标压酷睿Ultra 5|32G 1T,运行速度：非常快屏幕效果：效果很好散热性能：散热很不错，玩了一晚上，一点也不烫手外形外观：外观很好看很适合大学生电脑很喜欢，拿到手很流畅，直接一天下载好几个游戏,2,否,5,32G,1T,16
552,J***呓,2025-04-05,【性能大屏】Pro16英寸 2.5K高刷 标压酷睿Ultra 5|32G 1T,酷睿Ultra运行速度：开机相当迅速，运行非常快屏幕效果：色彩很正，屏幕很清晰。散热性能：目前没出现风扇疯狂转动的情况，运行很稳定。轻薄程度：很薄，携带便捷,0,该店铺购买≥2次,5,32G,1T,16
553,8***2,2025-03-09,【性能大屏】Pro16英寸 2.5K高刷 标压酷睿Ultra 5|32G 1T,运行速度：酷睿Ultra 开机相当迅速，常用软件秒开屏幕效果：色彩很正散热性能：运行稳定外形外观：非常精致轻薄程度：携带便捷运行速度：办公软件秒开,0,否,5,32G,1T,16
554,j***y,2025-05-03,【性能大屏】Pro16英寸 2.5K高刷 标压酷睿Ultra 5|32G 1T,联想Pro16 酷睿Ultra运行速度：很快，屏幕效果：大屏看着很舒服散热性能：很好这款电脑很好，之前的老联想屏幕太小了，换了这个感觉打开了新世界，果然还是大屏看着舒服,1,否,5,32G,1T,16
555,徒***菜,2025-07-07,14英寸酷睿版 标压酷睿Ultra 5|32G 1T,收到时包装完整，裸机带适配电源，真的是纠结了很久不知道该买哪个，最后赶着国补一起入手的，之前的也是联想，用了快10年，日常可能就做个ppt剪辑视频，这个配置绝对够啦，屏幕清晰，开机迅速，运行基本没有声音，很满意。,2,否,5,32G,1T,14
556,j***s,2025-03-30,【性能大屏】Pro16英寸 2.5K高刷 标压酷睿Ultra 5|32G 1T,搭载“酷睿Ultra”，开机丝滑顺畅，无声音。金属外壳大气靓丽。使用一个下午，电量还剩一半，续航没问题。32G+1T，满足日常办公足够了。快充很便捷，是一次满意的购物体验。厚度很薄，携带方便。,1,否,5,32G,1T,16
557,z***l,2025-03-09,【性能大屏】Pro16英寸 2.5K高刷 标压酷睿Ultra 5|32G 1T,外形外观：颜值还是很可以的轻薄程度：很轻巧，背起来基本没什么感觉运行速度：酷睿Ultra 5 开机十几秒，程序运行流畅国补期间买性价比超高,0,否,5,32G,1T,16
558,泡***6,2025-02-23,【性能大屏】Pro16英寸 2.5K高刷 标压酷睿Ultra 5|32G 1T,酷睿UItra运行速度：想不到的快，非常给力！屏幕效果：视觉效果很好，色彩很正！散热性能：很好，目前还没有发现这样问题，运行正常外形外观：很轻薄，第一次买笔记本就是是看中了它！超级爱??,0,否,5,32G,1T,16
559,3***a,2025-02-21,【2025新款】Pro14英寸 OLED高刷 标压酷睿5 220H|24G 1T,非常好用，很赞运行速度：很快屏幕效果：很清楚，而且很帅散热性能：很好，电脑散热很不错哦外形外观：小巧可爱，我的是14寸，很方便携带的轻薄程度：蛮薄的，很不错啊,0,否,5,24G,1T,14
560,f***6,2025-03-13,【性能大屏】Pro16英寸 2.5K高刷 标压酷睿Ultra 5|32G 1T,酷睿Ultra开机速度贼快，16寸的大本特别轻薄，不愧为大厂， 屏幕清晰不刺眼，刷新率高，Windows和办公软件都有，非常方便，还有联想自带的好东东！散热也还不错。总体感觉良好！,0,该店铺购买≥2次,5,32G,1T,16
561,不***r,2025-05-10,【2025新款】Pro14英寸 OLED高刷 标压酷睿2代Ultra 5|32G 1T,终于买到小新啦，感觉比iPad大不了多少，很小巧，开机后键盘亮灯很好看，运行速度很快，还没有卡顿的情况。硬盘存储空间很大。,7,该店铺购买≥2次,5,32G,1T,14
562,j***l,2025-04-04,【超能轻薄】Pro14英寸 2.8K高刷 标压酷睿Ultra 5|32G 1T,看了很久电脑，最后还是决定买这款联想小新。它的处理器是 酷睿 Ultra。外观简约大方，看着很舒服，轻薄本，14寸出差易携带又轻便。酷睿 Ultra 处理器运行稳定，开机也快，2.8k屏幕看起来也很清晰。,1,否,5,32G,1T,14
563,x***p,2025-03-21,【超能轻薄】Pro14英寸 2.8K高刷 标压酷睿Ultra 5|32G 1T,酷睿Ultra 处理器的性能真的惊艳，运行流畅，续航比预期强很多，快充功能实用，外出办工无压力，散热良好，屏幕素质优秀，整体性价比高。,1,该店铺购买≥2次,5,32G,1T,14
564,9***9,2025-04-02,【超能轻薄】Pro14英寸 2.8K高刷 标压酷睿Ultra 5|32G 1T,联想小新Pro14 整体配置合理，内置“酷睿Ultra”芯片，性能不用担心。外观时尚不失灵动。拥有一块很能打的120赫兹的高刷屏幕，色彩度也很饱满，性价比高！,0,否,5,32G,1T,14
565,散***猫,2025-02-25,【2025新款】Pro14英寸 OLED高刷 标压酷睿5 220H|24G 1T,之前的笔记本电脑已经力不从心了，出于对联想品牌的信任和国补的加持，果断入手小新pro14。看配置参数性价比可以说非常高，京东物流就是快，拿到后包装完好，机器外观圆润光滑，是大众喜欢的深灰色金属外壳。马上开机试用，激活过程毫无困难，屏幕显示清晰明亮，运行速度很快，平衡模式使用中听不到一点散热风扇的声音，机器背部发热很小。机器接口很全，小身材却有大功能，配备了100w的充电器，满血速度很快，也还预装了正版的office，对于小白来说用户来说非常省劲。总之对这款笔记本电脑还是很满意的，希望能多用几年不,0,否,5,24G,1T,14
566,芥***5,2025-03-26,【性能大屏】Pro16英寸 2.5K高刷 标压酷睿Ultra 5|32G 1T,小新pro16配备酷睿Ultra 新型芯片，16英寸屏幕看着太舒服了，性能强，容量大，运行声音很小。独立数字键盘使用方便。国补价格很实惠。整机质量2公斤以内，一只手也拿得起，方便出差携带。京东自营物流送货上门，快递小哥很负责。,0,否,5,32G,1T,16
567,m***i,2025-04-07,【超能轻薄】Pro14英寸 2.8K高刷 标压酷睿Ultra 5|32G 1T,这款电脑性能不错，处理器很好，‘酷睿Ultra‘的核心，浅薄随身，颜值超高，超强续航全时可靠，质感非常好，整个颜色搭配也比较好，14寸的屏幕用起来正好，京东送货也比较给力。,2,该店铺购买≥2次,5,32G,1T,14
568,j***阳,2025-03-27,【性能大屏】Pro16英寸 2.5K高刷 标压酷睿Ultra 5|32G 1T,这台小新16pro搭载酷睿Ultra真的很不错??！高清屏幕、性能也不错，无论是办公还是游戏都能胜任??。手感也很舒服，外观颜值也是很不错，强烈推荐给小伙伴们！,0,该店铺购买≥2次,5,32G,1T,16
569,天***鱼,2025-02-19,14英寸酷睿版 标压酷睿Ultra 5|32G 1T,酷睿Ultra5作为一个电脑的门外汉，就是看起来很好看，用起来很舒服屏幕效果：特别高清外形外观：很喜欢轻薄程度：很轻其他特色：键盘很好看，打字时候很舒服,3,否,5,32G,1T,14
570,3***e,2025-02-20,【超能轻薄】Pro14英寸 2.8K高刷 标压酷睿Ultra 5|32G 1T,这款小新pro14确实很不错，搭载的是最新处理器‘酷睿UItra’，开机速度很快，而且外观也好看，配色简洁大方，续航能力也很强，机身比较轻薄，适合女生办公使用,0,否,5,32G,1T,14
571,S***Y,2025-05-01,【2025新款】Pro16英寸 OLED高刷 标压酷睿2代Ultra 5|32G 1T,建议购买联想国产顶级品牌的一流笔记本。反应速度非常快！正版操作系统可随意升级，这已是第五次购买联想笔记本！非常稳定！静音！,1,该店铺购买≥2次,5,32G,1T,16
572,晓***家,2025-04-30,【性能大屏】Pro16英寸 2.5K高刷 标压酷睿Ultra 5|32G 1T,性能怪兽，性价比很高，这款酷睿Ultra质量非常好，性能超乎想象。卖家服务态度很棒，发货速度快，非常满意！强烈值得推荐！非常不错，美中不足的是有一点重，要是能再轻点就更好了。,6,该店铺购买≥2次,5,32G,1T,16
573,张***吗,2025-03-17,【性能大屏】Pro16英寸 2.5K高刷 标压酷睿Ultra 5|32G 1T,酷睿Ultra这个机器做功课做了很久，一直想买一个能用很久的轻薄本，起初买的时候，我不喜欢这个灰色，想要银色，但是当我收到的时候，特别惊艳，灰色真的好高级，而且联想是我一直喜欢的品牌，因为还没用，所以我就单说外观，我真的很喜欢，客服也很有耐心，期待与它度过的一年又一年,0,该店铺购买≥2次,5,32G,1T,16
574,j***b,2025-07-26,14英寸酷睿版 标压酷睿Ultra 5|32G 1T,运行速度：还不错屏幕效果：还不错散热性能：还不错外形外观：还可以轻薄程度：比较薄散热能力：还可以运行速度：目前还行第一次买的无法开机，售后换货啦 ，换货收到的电脑可以正常开机，感觉很不错。,0,该店铺购买≥2次,5,32G,1T,14
575,j***3,2025-03-20,【超能轻薄】Pro14英寸 2.8K高刷 标压酷睿Ultra 5|32G 1T,我购买的是联想小新14pro，酷睿Ultra，目前使用电脑触感很不错。运行速度：也很快散热性能：很好，没有感觉到电脑热，也没有声音屏幕效果：看着很舒服，清晰外形外观：如果能设计不同皮肤颜色的电脑就更好了轻薄程度：挺轻的，拿着不重,0,该店铺购买≥2次,5,32G,1T,14
576,j***e,2025-02-17,【超能轻薄】Pro14英寸 2.8K高刷 标压酷睿Ultra 5|32G 1T,酷睿Ultra 5系列谈谈感受:样子比较稳重，配置性价比高，又有国补非常划算的系列。主要是日常使用，对显卡要求不高，日常是没问题的。屏幕显示比较清晰，速度也比较快。个人非常满意！,0,该店铺购买≥2次,5,32G,1T,14
577,L***8,2025-02-06,【性能大屏】Pro16英寸 2.5K高刷 标压酷睿Ultra 5|32G 1T,联想的酷睿Ultra笔记本，价格很合适，非常不错，很推荐大家购买，国补还有优惠运行速度：非常的快屏幕效果：很好，很鲜艳散热性能：很安静，不卡顿外形外观：很好看轻薄程度：不错,0,否,5,32G,1T,16
578,一***圈,2025-03-03,【性能大屏】Pro16英寸 2.5K高刷 标压酷睿Ultra 5|32G 1T,这个联想笔记本电脑小新Pro16 AI超能本 高性能高，机身轻薄，屏幕够大，很舒服，酷睿Ultra5 内存硬盘 容量足够大，性价比高运行速度：快屏幕效果：好散热性能：好,0,该店铺购买≥2次,5,32G,1T,16
579,张***0,2025-02-19,【性能大屏】Pro16英寸 2.5K高刷 标压酷睿Ultra 5|32G 1T,联想小新16pro 酷睿Ultra运行速度：开机很快，电脑运行软件很快屏幕效果：分辨率和色彩都很好散热性能：风扇运行稳定外形外观：颜色好看轻薄程度：很薄，重量很轻,0,该店铺购买≥2次,5,32G,1T,16
580,j***e,2025-07-01,16英寸锐龙版 标压锐龙7 H 255|24G 1T,R7H255，新cpu，8核16线程，加速频率高达4.9GHz，完全不输R7 8745H。核显是780M，虽然没有NPU，但在日常办公和轻度游戏上表现非常出色。内存还可以自己更换拓展，扩展性非常强。办公无敌，即使是打打游戏，不是顶级3A大作也能应付一下。内存和硬盘配置也很给力，24GB DDR5内存和1TB PCIe 4.0 SSD，多任务处理毫无压力。硬盘是长江的，国产骄傲，电池是BYD的，惊喜不断，堆料满满啊。价格方面当然国补后更香。,2,该店铺购买≥2次,5,24G,1T,16
581,迷***静,2025-02-26,【性能大屏】Pro16英寸 2.5K高刷 标压酷睿Ultra 5|32G 1T,联想小新Pro16的外观设计简约大方，金属质感强烈，给人一种高端大气的感觉。同时，它的接口也非常丰富，可以满足各种外设连接需求。联想小新Pro16是一款轻薄高效的笔记本电脑，搭载强大的Core Ultra 5 125H处理器，性能卓越。屏幕分辨率高，色彩鲜艳，视觉效果极佳。,0,该店铺购买≥2次,5,32G,1T,16
582,jd_沿阶草9,2026-01-26,16英寸酷睿版 标压酷睿2代Ultra 5|32G 1T,以前有一只联想的小新，好多年前了，现在换，屏幕大很多，运行速度非常快，用起来流畅方便，内存大，可以存很多东西，屏幕大，看文件不会鸡肋，颜色好,0,否,5,32G,1T,16
583,Forever生命之风,2026-01-26,16英寸酷睿版 标压酷睿2代Ultra 5|32G 1T,笔记本还不错，做工优良，屏幕素质不错，就是有点反光，键盘打字手感也不错，续航可以达到平均水平，大品牌值得信赖，售后也不用担心，满意。,0,该店铺购买≥2次,5,32G,1T,16
584,买***野,2026-01-26,14英寸酷睿版 标压酷睿Ultra 5|32G 1T,京东入的小新Pro14，机身轻薄颜值也在线，2.8K屏看着超舒服，日常办公追剧都够用。就是软件打开速度稍慢了点，整体用着还行，物流也快，自营店买着放心～,0,该店铺购买≥2次,5,32G,1T,14
585,4***4,2025-11-12,14英寸酷睿版 标压酷睿2代Ultra 5|32G 1T,这款产品的质量真的很不错！物流速度也很快，包装完好无损。收到货后马上使用了，效果很满意??。推荐给有需要的大家。?,0,否,5,32G,1T,14
586,丙***气,2026-01-25,16英寸酷睿版 标压酷睿2代Ultra 5|32G 1T,联想小新Pro16真的让我挺满意的。它的屏幕特别出色，16英寸的大屏幕，分辨率很高，色彩鲜艳又清晰，无论是看视频还是处理图片，都能带来很棒的视觉体验。而且屏幕的刷新率也不错，在浏览网页或者玩游戏的时候画面很流畅，完全没有卡顿的感觉。电脑的性能也很强劲，日常办公软件运行起来毫无压力，多开几个程序也不会出现卡顿。对于我这种偶尔会玩玩游戏的人来说，它的显卡性能也能满足需求，像一些主流的网游都能流畅运行，帧率很稳定。它的键盘设计很合理，按键的触感舒适，回弹有力，长时间打字也不会觉得累。触控板也很,0,该店铺购买≥2次,5,32G,1T,16
587,2***7,2025-11-11,16英寸酷睿版 标压酷睿2代Ultra 5|32G 1T,运行速度：快到666666外形外观：亮亮亮亮屏幕效果：高清2.8K屏轻薄程度：轻薄本,0,该店铺购买≥2次,5,32G,1T,16
588,jd152325ybj,2025-10-19,16英寸酷睿版 标压酷睿2代Ultra 5|32G 1T,这款商品的质量真的很棒！外观时尚，内在实用，而且质量过硬，太喜欢了！总体来说，确实很不错，客服的服务态度也很棒，说话几乎马上就会回消息，物超所值，真心推荐,0,该店铺购买≥2次,5,32G,1T,16
589,jd_159617xez,2026-01-02,14英寸酷睿版 标压酷睿2代Ultra 5|32G 1T,这款笔记本电脑非常好，大品牌，京东自营，值得信赖，同型号比线下实体店优惠多了，外观漂亮，运行速度很快，一点都不卡，散热效果好，续航持久，物流小哥服务好,0,否,5,32G,1T,14
590,j***k,2026-01-09,14英寸酷睿版 标压酷睿5 220H|24G 1T|绿,这款电脑性价比很高，运行速度也挺快，屏幕清晰度还不错很清晰，处理器还可以很适合办公用，打游戏也还挺流畅的，总体很满意，喜欢,0,该店铺购买≥10次,5,24G,1T,14
591,j***t,2026-01-21,16英寸酷睿版 标压酷睿Ultra 5 135H |24G 1T,电脑很不错，手感外观都挺喜欢的，质量棒棒哒！非常实用的办公学习电脑推荐购买?o?o???,0,否,5,24G,1T,16
592,j***f,2026-01-26,14英寸酷睿版 标压酷睿2代Ultra 5|32G 1T,窄边框，比我上一部同样尺寸的小了一点。运行流畅，科技感强,0,该店铺购买≥2次,5,32G,1T,14
593,j***2,2025-02-23,16英寸酷睿版 标压酷睿Ultra 5|32G 1T,酷睿Ultra运行速度：开机速度非常快，运行了常用软件基本都是秒开。屏幕效果：感觉屏幕高大尚视觉效果很好瞬间就有豁然开朗，色彩很正。散热性能：目前没出现风扇狂转的情况，运行很稳定。轻薄程度：很薄拿着也很便捷也很美观。,3,该店铺购买≥2次,5,32G,1T,16
594,阿***i,2025-03-31,【性能大屏】Pro16英寸 2.5K高刷 标压酷睿Ultra 5|32G 1T,运行速度：内置“酷睿Ultra”新型芯片，处理器性能强劲搭在酷睿系列处理器，满足办公，玩游戏二合一。外形外观：金属的外观真的太好看了，不论颜色还是手感都是我喜欢的感觉，又轻又薄，出门携带方便。散热性能：散热能力也很好，底部做了垫高的防滑垫，能更好的散热。运行内存32g?1T的大内存，不用担心内存不够,1,否,5,32G,1T,16
595,南***叔,2025-03-30,【性能大屏】Pro16英寸 2.5K高刷 标压酷睿Ultra 5|32G 1T,电脑比我预料的还好，拿来回来更新下东西，操作简便，这酷睿UItraCPU运行就是顺畅，开机速度快，16寸的大屏配以16:10的屏幕比例，看起来很爽，护眼模式屏幕让人看起来不累。设置人脸识别开机，方便又快，内置AI助手，很溜！还有，京东物流就是快，头天下午下单，第二天上午就送到手了！??,1,否,5,32G,1T,16
596,u***w,2025-02-26,16英寸酷睿版 标压酷睿Ultra 5|32G 1T,因为最近办公需要，主要做后台运营类，切屏不卡顿，非常棒，推荐购买。商品：商品非常好，推荐购买物流运输：非常快，晚上下单中午收到。散热性能：非常好，试用了下基本够用运行速度：运营效果非常流畅屏幕效果：不伤眼睛，有护眼模式外形外观：外形非常时尚，上午办公网店剪辑视频类推荐购买轻薄程度：很轻薄,2,否,5,32G,1T,16
597,Y***8,2025-02-23,16英寸酷睿版 标压酷睿Ultra 5|32G 1T,运行速度：使用流畅运行丝滑屏幕效果：显卡效果完美匹配散热性能：待机长时间散热好外形外观：金属外壳很有质感轻薄程度：轻巧简便便携方便其他特色：屏幕又大又清晰，看视频流畅，打游戏顺手，有国家补贴后，性价比非常高，值得大家入手！,1,该店铺购买≥2次,5,32G,1T,16
598,伟***情,2025-04-27,14英寸酷睿版 标压酷睿Ultra 5|32G 1T,在京东商城选了好长的时间，对比了几款，还是选了联想的这款小新 Pro 14 IMH9，小巧方便携带，这款是酷睿ultra5 32G 1T 2.8K高刷LCD屏，运行速度快，AI运算加持，高性能核显轻薄本，散热出众，散热风扇声音小，屏显护眼，无闪烁，色彩很丰富，双扬声器，立体效果出众，看视频听音乐声音饱满悦耳，大电量电池，配100W快充套装，外出学习足够使用了，暂时没有发现有什么缺点，有国补优惠，价格便宜不少，京东送货很快，上门服务，给正在上大学的孩子买的，很喜欢。,30,否,5,32G,1T,14
599,妮***人,2025-03-27,16英寸酷睿版 标压酷睿Ultra 5|32G 1T,联想小新pro16 ultla5 收到了 ，电脑太惊喜了，质量非常好，性价比很高，真是出乎我的意料！加上国补，太香了！！！运行速度：32g内存非常快屏幕效果：2.5k分辨率特别清晰散热性能：风扇静音效果好,4,否,5,32G,1T,16
600,j***l,2025-02-17,【性能大屏】Pro16英寸 2.5K高刷 标压酷睿Ultra 5|32G 1T,运行速度：很快，运行代码速度杠杠的，基本秒开屏幕效果：很清晰，不刺眼，分辨率高散热性能：运行几个项目也不热，全身纯金属的，散热速度嘎嘎的外形外观：好看，很高端，16寸的屏幕用着也太爽了这个价格能买到最新的处理器 酷睿Ultra 简直太棒了。还是16寸的，非常满意。,0,该店铺购买≥2次,5,32G,1T,16
601,香***舞,2025-03-25,【超能轻薄】Pro14英寸 2.8K高刷 标压酷睿Ultra 5|32G 1T,刚到手联想小新14pro，轻薄14寸，便于携带外观美观大方大小，刚好自带系统.酷睿Ultra5.流畅度和画面都非常满意，内存够大，性价比很高，携带方便值得购买，非常满意，店铺服务也非常好，前几天刚到手还联系了服务解答满意。,2,该店铺购买≥2次,5,32G,1T,14
602,l***3,2025-02-26,【超能轻薄】Pro14英寸 2.8K高刷 标压酷睿Ultra 5|32G 1T,凌晨1点下单，17点就收到，从看中至拿到手上相差16个小时。京东让客户的体验感是很好的！颜色选了深空灰，旺我的颜色。机身轻薄，开机12秒，背景灯亮蓝紫色的火焰光，超炫！屏幕显示不错，高刷分辨率好，键盘触感也不错，风扇声音轻微，2024年12月生产的。14寸也够用了，偶尔回家加个班看个剧啥的。能放进我的托特包里！国补20%非常值得购买！,0,否,5,32G,1T,14
603,j***i,2025-02-19,【超能轻薄】Pro14英寸 2.8K高刷 标压酷睿Ultra 5|32G 1T,总体来说使用体验感还是很不错的。相对于其他品牌价格还是很有优势的，而且这款搭载的是最新的处理器 酷睿 ultra，开机开机时间短，总体来说运行速度还是很快的，总体重量还是很轻的大小也不大，适合女生和办公人士进行使用，这款机器的整体配置比较均衡，内置了“酷睿Ultra”新型芯片，性能上应该三年之内都不用担心。外观上全金属机身，很有时尚气质，貌似商务机又不失灵动。,2,否,5,32G,1T,14
604,爱看书的贾贾,2026-01-11,14英寸酷睿版 标压酷睿2代Ultra 5|32G 1T,运行速度：很快屏幕效果：色彩呈现很好散热性能：收到开机插电用了一会，装了些软件，没有发热问题，风扇声音也很小外形外观：在14和16之间纠结了很久，出于便携的考虑还是买了14，很喜欢轻薄程度：很轻很薄，女生轻松拿捏,0,否,5,32G,1T,14
605,L***照,2025-02-16,【性能大屏】Pro16英寸 2.5K高刷 标压酷睿Ultra 5|32G 1T,运行速度：运行速度特别快，第一次使用的时候，上面有提示首次操作信息。屏幕效果：屏幕效果很好，很清晰，也是研究很久了，才买的这款电脑。散热性能：散热性能好，没有听见声音。还是很稳定的外形外观：外观包装完好轻薄程度：比较轻薄，容易携带其他特色：屏幕特别舒服，清晰度高散热能力：散热能力好，用着也不热运行速度：在京东上看了很久，看了很多品牌，最终选择的这款酷睿Ul,0,否,5,32G,1T,16
606,w***4,2025-03-21,【性能大屏】Pro16英寸 2.5K高刷 标压酷睿Ultra 5|32G 1T,国补后的酷睿Ultra，性价比超高。拿到手几天了，电脑不错。运行速度：运行速度很快，开机运行软件都不错屏幕效果：屏幕很大，画质也很好散热性能：散热性能不错外形外观：外观看着特别时尚轻薄程度：电脑比较轻薄散热能力：散热能力没的说,0,该店铺购买≥2次,5,32G,1T,16
607,小***3,2025-03-08,【性能大屏】Pro16英寸 2.5K高刷 标压酷睿Ultra 5|32G 1T,外形外观:简直就是高颜值设计，金属感机身十足，轻薄又便携。屏幕效果:色彩鲜艳，细节清晰，无论看电影还是办公，都能带来极佳的视觉体验运行速度:酷睿Ultra处理器运行速度也很快，超高性价比。,0,否,5,32G,1T,16
608,t***g,2025-03-23,【性能大屏】Pro16英寸 2.5K高刷 标压酷睿Ultra 5|32G 1T,心心念念终于入手了联想小新Pro 16！外观简约大方，质感超棒，轻薄便携，日常带着出门毫无负担。性能更是让我惊喜！搭载酷睿Ultra5 125H处理器，多任务处理流畅丝滑，不管是开多个办公软件，还是同时运行设计软件，都不卡顿。18线程的强大配置，处理复杂任务效率超高。7467MHz的内存频率，数据读写速度飞快。,2,该店铺购买≥2次,5,32G,1T,16
609,航***0,2025-03-31,【超能轻薄】Pro14英寸 2.8K高刷 标压酷睿Ultra 5|32G 1T,家人们谁懂啊！新入手的这台搭载酷睿Ultra的笔记本电脑，简直是生产力救星。之前用旧电脑处理文档、做设计，卡到想砸电脑。这台酷睿Ultra本反应超快，多软件同时运行也不卡顿，机身轻薄方便携带，续航也很顶，外出办公一天电量都够，狠狠爱上了  ！  人脸解锁超级快！再也不用输入密码了！！！,1,否,5,32G,1T,14
610,jd_0690p2spjmc53c,2025-11-09,14英寸酷睿版 标压酷睿2代Ultra 5|32G 1T,颜值和性能双在线的笔记本！简约大气的设计，放在桌面超耐看，配置完全能满足我的需求，多开软件、处理文件都很丝滑，没有卡顿闪退的情况，散热效果也不错，长时间使用机身不会发烫，音响音质清晰，接口也够用，连接外设很方便，客服态度也超好，有问题及时解答，真心推荐入手！,0,否,5,32G,1T,14
611,j***L,2025-03-31,【超能轻薄】Pro14英寸 2.8K高刷 标压酷睿Ultra 5|32G 1T,家人们，挖到宝了！最近入手联想小新Pro14 AI超能本，体验超绝。它机身超轻薄，方便携带，日常通勤、出差无负担。性能强劲，搭载酷睿Ultra5处理器，32G运行内存与1T大容量存储，日常办公软件秒开，多任务处理流畅，游戏加载速度飞快，运行稳定不掉帧。2.8K高刷屏色彩鲜艳、画面清晰，追剧、游戏沉浸感拉满。AI功能超实用，能自动优化画面，快速总结文档要点。散热出色，高负载使用时，机身温度也不会过高，风扇噪音小。续航能力也不错，外出一整天，电量基本能满足需求。总之，联想小新Pro14 AI超能本颜,3,该店铺购买≥2次,5,32G,1T,14
612,jd_6e2ead5409be7,2025-11-15,14英寸酷睿版 标压酷睿2代Ultra 5|32G 1T,1.外观 外观完美，漂亮，轻薄，外出办公好搭档。颜值在线。2.性能 处理器相当强大，屏幕清晰，开机速度只有15秒，堪称强大，内存运行速率高。3.使用性能，在这几天的使用过程中，没有遇到什么问题，比原来电脑好太多了。,0,否,5,32G,1T,14
613,j***a,2025-05-09,【2025新款】Pro16英寸 OLED高刷 标压酷睿2代Ultra 5|32G 1T,之前也一直在用联想电脑，专业，这次挑选很久，选中这款机型，有国补，性价比高，U5 233H处理器，开机运行很快，智能，比之前再过的联想其它型号电脑更好，没选错，联想值得信赖，以后还会选联想，下午6点拍，中间隔一送货上门了，线下门店购买，机型疑问都能解答，这种方式很好。,9,否,5,32G,1T,16
614,j***7,2025-02-27,【性能大屏】Pro16英寸 2.5K高刷 标压酷睿Ultra 5|32G 1T,物流很快更新及时，用了国补价格很合适，而且快递小哥对于国补物流很上心。这款产品开机速度很快，体验感很好，键盘按键手感很舒服（用过几天之后来评价的），酷睿Ultra处理器是比较高性能处理器，合适办公，学生党用，而且自带的office用起来也很流畅，打工人很受用，产品的AI加速和产品本身体验散热很不错，新机嘛，速度也很流畅，颜色很大众的银色，不突兀，比较轻薄，体验感满分。,0,否,5,32G,1T,16
615,j***0,2025-04-12,【性能大屏】Pro16英寸 2.5K高刷 标压酷睿Ultra 5|32G 1T,‘酷睿Ultra’系统超牛使用后的的第一感觉：16寸屏幕真的很香！！！重量做到了1.91kg，一只手轻松拿走，键盘自带背光键盘，真的很炫酷，平时在暗光环境下，也不用担心看不清键盘。IPS屏幕+2.5k分辨率+120hz刷新率，可谓是把颜值和性能做到了极致。关键是它还有7个小时的超长续航，平时外出用来办公打游戏再也不用到处找电源了！,0,该店铺购买≥2次,5,32G,1T,16
616,俊***5,2025-02-17,【性能大屏】Pro16英寸 2.5K高刷 标压酷睿Ultra 5|32G 1T,酷睿UItra真的是太棒了，正好赶上国补了，刚好可以入手一台。内存条和固态的大小都让我非常满意。好多了真的，超乎想象。运行速度：运行速度非常快屏幕效果：屏幕画质细腻散热性能：挺好的外形外观：时尚大气,0,该店铺购买≥2次,5,32G,1T,16
617,r***6,2025-06-13,16英寸锐龙版 标压锐龙7 H 255|24G 1T,特意用了10多天才来评价，屏幕显示效果非常棒，办公看word文档，PDF文档显示的非常细腻，看着非常舒服。其次，电池的续航效果也非常棒，一天轻度办公使用的话10个小时完全够用。运行速度：运行速度也非常快，这10多天基本没有卡顿过，软件都是秒开。散热性能：散热的话也非常强，我使用word，excel，PPT这些软件的话，风扇基本都没有转过，很安静，适合办公族。轻薄程度：在16寸的大屏笔记本当中算是很轻薄的，外出带着办公很方便。总体来说还是非常,3,否,5,24G,1T,16
618,j***u,2025-04-30,【超能轻薄】Pro14英寸 2.8K高刷 标压酷睿Ultra 5|32G 1T,单位配的就是联想小新，我对Lenovo情有独钟，这次自己需要一台，选择了小新pro14，足够用，轻便，速度快携带方便，没有跑分，显卡没看，不好意思运行速度：很快屏幕效果：极好散热性能：好外形外观：美观大方轻薄程度：重量轻，携带方便,6,否,5,32G,1T,14
619,h***n,2025-07-06,14英寸酷睿版 标压酷睿2代Ultra 5|32G 1T,这款比较轻薄，携带方便，外观手感也不错，键盘背光灯特别好看，很高档感觉，键盘回弹也不错。显示器清晰度很舒服，亮度高，但是不刺眼。很清晰。cpu速度很快，用起来很爽。端口十分齐全，连接设备十分方便，想的周到。很好的一款笔记本电脑，推荐。,6,否,5,32G,1T,14
620,9***x,2025-03-16,【超能轻薄】Pro14英寸 2.8K高刷 标压酷睿Ultra 5|32G 1T,国补期间购买联想笔记本电脑小新Pro14很合适 ，还是AI高轻薄笔记本，性能很好！配置很好！系统很流畅，酷睿Ultra5，32G 1T足够日常办公使用， 2.8K高刷屏幕效果好，电池续航也很不错，总体很好很满意！,0,该店铺购买≥2次,5,32G,1T,14
621,u***6,2025-04-02,16英寸酷睿版 标压酷睿Ultra 5|32G 1T,联想小新Pro 16，使用酷睿ultra 5，反应迅速快捷，16寸的屏幕120赫兹高刷屏2.5k像素，办公使用非常好，可以用夜间模式减少蓝光伤眼，雷电4.0USB插口。如果是固态硬盘之间的传输，秒传。国家补贴经济实惠。,0,否,5,32G,1T,16
622,比***尾,2025-03-31,【性能大屏】Pro16英寸 2.5K高刷 标压酷睿Ultra 5|32G 1T,1、大屏+2k确实很爽2、有数字小键盘和全高方向键超级好评，对我这样打数字多的人真的很方便3、本人基本不打游戏，性价很不错4、续航不错，办公看剧大概有8h左右5、酷睿ultra真的是高性能，用起来非常流畅顺滑，没有任何卡顿。,0,该店铺购买≥2次,5,32G,1T,16
623,我***好,2025-02-05,【性能大屏】Pro16英寸 2.5K高刷 标压酷睿Ultra 5|32G 1T,这款联想小新笔记本电脑使用了几次，感受确实可以，比我家之前买的一体台式电脑好用多了。这款笔记本电脑机身超薄，适合小女生使用，方便携带使用了最新的处理器酷睿ultra，开机时间超级快，人脸识别功能也很实用方便，体验感超级好，还是很推荐购买的。,0,该店铺购买≥2次,5,32G,1T,16
624,5***c,2025-02-28,【性能大屏】Pro16英寸 2.5K高刷 标压酷睿Ultra 5|32G 1T,酷睿Ultra核心联想小新Pro16超能轻薄本，高性能酷睿Ultra5处理器，32G内存1T固态硬盘，开机速度超快，超薄金属机身低温不发热，外观优雅超高颜值，搭配加购了官方推荐的联想小新蓝牙无线充电鼠标Plus，京东配送安全快捷放心!,0,该店铺购买≥2次,5,32G,1T,16
625,j***f,2025-03-01,【性能大屏】Pro16英寸 2.5K高刷 标压酷睿Ultra 5|32G 1T,这款联想小新Pro16 2024酷睿Ultra版搭载酷睿Ultra5 125H处理器，32G大内存和1TB固态的组合，无论是处理文档还是剪辑视频都游刃有余，多任务切换丝滑流畅。金属机身质感在线，雷电4接口扩展性强，这个价位能买到酷睿Ultra AI加持的全能本，果断推荐！散热性能：极风神散热系统让野兽模式下的性能释放稳如泰山，键盘区域完全不烫手。屏幕效果：16英寸的2.5K 120Hz屏幕色彩饱满，350尼特亮度在户外也能清晰显示，配合杜比全景声追剧体验拉满。,0,否,5,32G,1T,16
626,小***辉,2025-02-07,【超能轻薄】Pro14英寸 2.8K高刷 标压酷睿Ultra 5|32G 1T,联想小新Pro14酷睿Ultra版轻薄本性能强劲，搭载酷睿Ultra 9 185H处理器与Xe核显，多线程处理流畅，AI加速高效，轻松应对办公与创作需求。14英寸2.8K 120Hz OLED屏色彩细腻，HDR显示效果出众，搭配84Wh大电池续航超10小时，100W氮化镓快充便捷耐用，金属机身轻薄便携，散热设计静音高效，性价比直逼万元旗舰！,1,否,5,32G,1T,14
627,1***v,2025-02-16,【性能大屏】Pro16英寸 2.5K高刷 标压酷睿Ultra 5|32G 1T,一直要买台笔记本电脑，碰到国补必须拿下，外观呈灰色，简单大气上档次，看起来很舒服，酷睿Ultra5运行流畅，运行非常快速!内存够大，很好用，使用体验感非常强，买它!使用感满满的，续航也很好!!!,0,该店铺购买≥2次,5,32G,1T,16
628,y***瑜,2025-03-06,【性能大屏】Pro16英寸 2.5K高刷 标压酷睿Ultra 5|32G 1T,终于收到我的新电脑啦，迫不及待的来分享一下我的使用感受。外形外观：外观设计非常漂亮超出预期，金属机身质感高级时尚潮流，总之非常满意。屏幕效果：屏幕使用感受就是，炒鸡棒，运行速度：运行速度非常流畅，打大型游戏不在话下。散热性能：运打游戏一天，一点不热。,1,该店铺购买≥2次,5,32G,1T,16
629,种***0,2025-04-29,【性能大屏】Pro16英寸 2.5K高刷 标压酷睿Ultra 5|32G 1T,运行速度：很快很丝滑屏幕效果：屏幕很好质感很好很清晰散热性能：散热效果非常好，性能很强最新一代的CPU很厉害外形外观：外观很精致质感很好做工很棒轻薄程度：很轻薄其他特色：颜色很好看散热能力：散热很强运行速度：风扇声音很小很静音,1,否,5,32G,1T,16
630,j***l,2025-04-30,14英寸酷睿版 标压酷睿Ultra 5|32G 1T,「酷睿Ultra」性能太强了！2025.04.25下单的小新Pro 14（100109152429）到货飞快，国家补贴20%后性价比爆表。Ultra5处理器运行大型软件毫无压力，32G内存+1TB固态同时开多个虚拟机也流畅，2.8K高刷屏色彩细腻，办公娱乐两不误。机身轻薄便携，续航给力，AI智能调度功能很实用，这次购物超满意！,15,该店铺购买≥2次,5,32G,1T,14
631,u***z,2025-04-26,【性能大屏】Pro16英寸 2.5K高刷 标压酷睿Ultra 5|32G 1T,强烈推荐，1.电脑外观简约大方，酷睿Ultra性能强劲，使用起来非常舒适。2. 电脑屏幕非常清晰，色彩鲜艳，观影效果非常棒。3.电脑键盘手感非常好，打字起来非常舒适，而且按键反应灵敏。4. 电脑音响效果非常出色，声音清晰，音量大，非常适合听音乐和看电影。5:物流速度：京东快递没得说6:包装：很严实,0,否,5,32G,1T,16
632,梭***了,2025-02-04,【性能大屏】Pro16英寸 2.5K高刷 标压酷睿Ultra 5|32G 1T,【联想小新Pro 16晒单】新机到手太惊喜！酷睿Ultra处理器性能超强，多开软件毫无卡顿，16英寸2.5K大屏追剧修图超清晰，金属机身轻薄又有质感。续航给力，带出门办公一整天没问题，键盘手感也很舒适，这个价位真的值了！,1,该店铺购买≥2次,5,32G,1T,16
633,j***E,2025-03-04,16英寸酷睿版 标压酷睿Ultra 5|32G 1T,挑了很久，最终选了小新pro16 酷睿Ultra 5 125H 32G极速内存，84W性能释放，120Hz高刷显示器，长时间续航，办公学习，平面设计，外出携带极其方便，正版office，性价比机型运行速度：快屏幕效果：高清散热性能：不错外形外观：美观轻薄程度：超薄其他特色：大品牌,0,该店铺购买≥2次,5,32G,1T,16
634,j***g,2025-02-11,【性能大屏】Pro16英寸 2.5K高刷 标压酷睿Ultra 5|32G 1T,"这款机器的整体配置比较高，内置了""酷睿UItra""新型芯片，性能很强大，速度很快，办公画图做资料都没问题，外观上全金属机身，很时尚高端，杜比音效效果挺好的，16寸用起来不大，尺寸刚刚好，整机质量能控制在两公斤以内，水平杠杠的，挺好的。",0,该店铺购买≥2次,5,32G,1T,16
635,wlb1314,2025-11-12,14英寸酷睿版 标压酷睿2代Ultra 5|32G 1T,这款商品真是物美价廉，性价比超高！质量很棒，性能也很强劲，非常满意的一次购物体验。运行速度：很快屏幕效果：清晰散热性能：很好外形外观：漂亮轻薄程度：非常轻薄其他特色：全能选手散热能力：很好运行速度：很快,0,否,5,32G,1T,14
636,j***5,2025-05-01,【性能大屏】Pro16英寸 2.5K高刷 标压酷睿Ultra 5|32G 1T,用了一段时间联想小新pro16 Ultra5，真的太香了！酷睿Ultra处理器性能超给力，多任务处理毫无压力，无论是办公还是偶尔玩点小游戏都很流畅。16寸大屏观感舒适，画面清晰，办公追剧都超爽，续航也完全能满足长时间的使用，真心推荐！,7,否,5,32G,1T,16
637,u***j,2025-02-02,【性能大屏】Pro16英寸 2.5K高刷 标压酷睿Ultra 5|32G 1T,联想小新Pro16 AI超能本 高性能轻薄本酷睿Ultra    5 32G 1T 2.5K高刷屏电脑收到货了！物流真的快，今天下单明天就到了，惊喜！收到货第一时间验货，全新没问题！玩了游戏半天，顺畅清晰，电池很给力！满意！总的来说真的是一个性价顶顶的机器！,0,否,5,32G,1T,16
638,梨***嚟,2025-03-03,【性能大屏】Pro16英寸 2.5K高刷 标压酷睿Ultra 5|32G 1T,运行速度：开机速度很快屏幕效果：屏幕应该是开了护眼模式是偏黄的散热性能：风扇声音很小，我是放在废纸上用的，屋里还开了暖气，电脑摸着还是冷的，不会和我的游戏本一样烫手外形外观：外形还比较满意，只是这个型号没法指纹解锁，而是使用面部识别轻薄程度：很轻薄，比我之前的游戏本轻太多了其他特色：内置了deepseek，办公期间可以赛博算命了，使用感挺好的运行速度：运行速度：搭配 酷睿,0,该店铺购买≥2次,5,32G,1T,16
639,jd_188905iuv,2025-11-20,16英寸酷睿版 标压酷睿2代Ultra 5|32G 1T,自己设的壁纸经常黑屏，不知道为什么，还有就是刚刚拿到的时候激活的时候死机了，总体也还可以吧，,0,否,3,32G,1T,16
640,x***d,2025-02-21,【性能大屏】Pro16英寸 2.5K高刷 标压酷睿Ultra 5|32G 1T,"性能很好的酷睿Ultra处理器，运行流畅不卡顿，颜值也高,背光键盘漂亮，开机就几秒钟，办公游戏绰绰有余，真的好用，性价比高，对比了很多品牌最后拿下这款。发货神速，一天到手，惊讶到我。值得推荐。",0,否,5,32G,1T,16
641,冷***琴,2025-03-11,【性能大屏】Pro16英寸 2.5K高刷 标压酷睿Ultra 5|32G 1T,家人们，联想小新pro16简直是我的梦中情本！酷睿Ultra性能强劲，不管是日常办公处理文档、表格，还是运行一些专业软件，都流畅得不像话。2.5K高分辨率屏幕，画面清晰细腻，色彩鲜艳。酷睿Ultra散热也做得很好，不用担心电脑“发烧”。而且续航给力，出门在外也不怕没电。外观简约时尚，轻薄便携。真的太爱了，入手不亏！,0,否,5,32G,1T,16
642,j***d,2025-02-09,【性能大屏】Pro16英寸 2.5K高刷 标压酷睿Ultra 5|32G 1T,爱了爱了，这款机器外形美观，整体配置比较均衡，内置了“酷睿UⅠtra＂新型芯片，性能上应该三年之内都不用担心，外观上全金属机身，很有时尚气质，貌似商务机又不失灵动，拥有一块很能打的120赫兹的高刷屏幕，全尺寸大键盘，独立数字键，散热的布局在两侧和底部都有比较合适，杜比音响效果认证，最重要的是16寸的大屏，整机质量能控制在两公斤以内，水平是优秀的??????,0,否,5,32G,1T,16
643,o0y57l6y7wcg94,2025-10-17,14英寸酷睿版 标压酷睿Ultra 5|32G 1T,买的14英寸的，小巧轻薄适合外出时候随时携带办公，触屏，按键用着都很舒服，这些年家用电脑都是在京东购买的，发货售后都很方便。,0,该店铺购买≥2次,5,32G,1T,14
644,l***闺,2025-08-07,14英寸酷睿版 标压酷睿Ultra 5|32G 1T,超级喜欢这个电脑公司采购了20台左右了吧！反正这批电脑让大家全部更换新机了，好用，比其他品牌好用太多了，之前总是反应不好用，这款大家都喜欢！公司放心采购,0,该店铺购买≥2次,5,32G,1T,14
645,B***T,2025-10-19,14英寸酷睿版 标压酷睿Ultra 5|32G 1T,运行速度：不愧是联想嘎嘎快运行流畅，挺小巧的方便又快捷，我是平时用来办公用的，现在还偶尔打一下cf,0,否,5,32G,1T,14
646,u***q,2025-03-28,【超能轻薄】Pro14英寸 2.8K高刷 标压酷睿Ultra 5|32G 1T,买了酷睿Ultra，体验极佳。产品质量上乘，卖家服务周到，发货迅速，强烈推荐给大家！之前用的联想拯救者，这次换商务笔记本了，屏幕效果：视觉效果好运行速度：流畅不卡顿散热性能：散热无声,1,该店铺购买≥2次,5,32G,1T,14
647,高***秋,2025-04-12,14英寸酷睿版 标压酷睿Ultra 5|32G 1T,我美的我买的这款全新小新Pro 14 UItra标压板，我简单从几个方面说一下吧，运行速度：开机相当迅速，运行了常用的软件基本都是秒开，很流畅。屏幕效果：屏幕分辨率很高，很清晰，在家看电影也能看出4K高清的效果。轻薄程度：很薄，拿着很便捷，比之前用的电脑轻便很多。,17,该店铺购买≥2次,5,32G,1T,14
648,jd_136071lkx,2025-11-12,14英寸酷睿版 标压酷睿Ultra 5|32G 1T,运行速度：可以，小巧便于携带，速度不错，就是11，用起来比较不习惯，配了个蓝牙鼠标，不错。散热性能：好外形外观：好看轻薄程度：轻其他特色：配了膜，键盘膜，看着还是挺好的，鼠标包包嗯，就是京东店没有配，总的来说价格还是比较美好的。相对抢到一个低价很满意。,0,否,5,32G,1T,14
649,j***l,2025-05-04,16英寸酷睿版 标压酷睿2代Ultra 5|32G 1T,从第一台笔记本电脑就在用联想，第一台用了10年，这次义无反顾必须选择联想，收到货以后迫不及待打开，非常轻薄，设计很漂亮，散热系统很好，它有一个很用心的设计就是底面有一个稍高的突起，既能很好的散热又能很好的使用，屏幕和键盘很大气，用起来很舒服，我是晚上开机激活的，它会根据周围的光线调节亮度，真的很赞，运行速度很快，键盘打字很舒服，触摸板也很灵敏很高端，人离开以后它会自动息屏，人来了又会自动感知打开，添加了AI设计，真的很棒，买电脑选联想就是正确选择。,15,否,5,32G,1T,16
650,8***n,2025-02-24,【性能大屏】Pro16英寸 2.5K高刷 标压酷睿Ultra 5|32G 1T,"性能表现处理器：酷睿Ultra,多任务处理轻松应对，运行聊天软件、浏览器、在线视频软件等切换无卡顿 。屏幕：16英寸大屏加上100%sRGB色域，观影娱乐视觉体验佳。使用体验外观设计：全金属机身，灰色很有质感，大气，颜值高，机身看起来很有档次。开机速度：开机速度快，人脸识别方便，进入系统后运行流畅，安装CAD和Photoshop等软件运行无卡顿死机现象。音效：大音腔沉浸音响，支持杜比全景声音效，观影时能带来出色的听觉享受。联想小新Pro16是一款非常值得购买的笔记本电脑，在性能、",0,该店铺购买≥2次,5,32G,1T,16
651,byDtxeZcbRMJ,2025-11-11,16英寸酷睿版 标压酷睿Ultra 5|32G 1T,运行速度：超级喜欢超级快屏幕效果：视觉效果非常完美散热性能：超级好外形外观：闺女非常喜欢这款产品轻薄程度：非常适合其他特色：非常喜欢这款产品，非常满意！散热能力：超强运行速度：非常的好用，给孩子买的第一台电脑，价格合理，质量好。会继续支持这个品牌。,0,否,5,32G,1T,16
652,j***w,2025-06-17,【2025新款】Pro16英寸 OLED高刷 标压锐龙7 H 255|24G 1T,电脑使用几天了，很不错，自带正版系统，京东物流????速度快，包装完好，产品轻薄，易携带收纳，可惜商家小气，便宜外接 鼠标都不送一个??，自己 去杂物间翻了一个旧的 用。总之各方面体验不错。给好评运行速度：好屏幕效果：很好散热性能：非常好,1,否,5,24G,1T,16
653,尹传娣,2025-11-11,14英寸酷睿版 标压酷睿Ultra 5|32G 1T,运行速度：很快，杠杠的屏幕效果：很舒服，不累眼睛，很喜欢散热性能：很不错，声音小外形外观：很好看，送给表妹的，很喜欢轻薄程度：轻便，买了联想的鼠标，搭在一起更配哦其他特色：都很不错，很开心的一次购物,1,该店铺购买≥2次,5,32G,1T,14
654,jellyfish-gz,2025-11-23,14英寸酷睿版 标压酷睿2代Ultra 5|32G 1T,oled 屏幕 看着超舒服，莱茵护眼认证久坐不累眼。32GB 大内存 + 1TB 固态，多开软件、存资料都够用。1.4kg 机身超便携，84Wh 大电池续航抗打，接口齐全不用扩展坞，办公、学习、轻度创作全 hold 住，性价比拉满～,0,该店铺购买≥2次,5,32G,1T,14
655,j***d,2025-09-16,16英寸酷睿版 标压酷睿2代Ultra 5|32G 1T,运行速度：很流畅屏幕效果：16寸大屏，2.8k很清晰散热性能：还是有点小热外形外观：大气，这个颜色和金属材质很搭轻薄程度：还是有点重了，配的充电器也笨重其他特色：键盘摸着很舒服，要是配送个无线鼠标就完美了散热能力：后台运行多的时候还是有点热度的运行速度：嘎嘎的,0,该店铺购买≥2次,5,32G,1T,16
656,j***u,2025-10-21,16英寸酷睿版 标压酷睿2代Ultra 5|32G 1T,运行速度：32g的运行速度，流畅够快。轻薄程度：重量很轻，拿起来不会说很重。屏幕效果：屏幕够大够好而且还有120的高刷。散热性能：散热性能强，散热风扇不会很大声。总结：这个价位非常不错的了，通勤用非常合适。,2,该店铺购买≥2次,5,32G,1T,16
657,jd_nf27278k006x8j,2026-01-21,16英寸酷睿版 标压酷睿Ultra 5 135H |24G 1T,宝贝收到了，16寸的大屏幕用起来就非常的舒服，运行内存是24g硬盘的储存量是1 TB的，还能够扩展，还有一个数字小键盘，办公学习都很方便，你也可以追剧哦，国补之后的价格更香，有需求的小伙伴不妨看一看,0,该店铺购买≥10次,5,24G,1T,16
658,6***m,2025-11-02,14英寸酷睿版 标压酷睿Ultra 5|32G 1T,外观耐看，工艺细节到位。尺寸刚刚好，不过大也不显小。一开始上手觉得有点重，习惯就好了。运行速度非常快，还可以一展开就自动开机，电池功率超级大。接口超级多，很方便办公。屏幕清晰度刚刚好，不刺眼也不会觉得模糊。综合各维度是一款性价比很高的笔记本，希望大卖！！！,0,该店铺购买≥2次,5,32G,1T,14
659,泥土天空,2025-10-17,14英寸酷睿版 标压酷睿Ultra 5|32G 1T,运行速度：非常流畅，联想国产大品牌；屏幕效果：很清晰，非常不错；散热性能：很静，几乎没有声音；外形外观：很好看，比较高级；轻薄程度：还可以，比较轻薄；给家里小孩买的，上大学了，孩子很喜欢！,0,否,5,32G,1T,14
660,烤烟型,2025-11-06,16英寸酷睿版 标压酷睿2代Ultra 5|32G 1T,新电脑到手太惊喜了!外观简约大方，性能强劲，使用起来非常舒适;屏幕非常清晰，色彩鲜艳，观影效果非常棒;电脑键盘手感非常好，打字起来非常舒适，而且按键反应灵敏;音响效果非常出色，声音清晰，音量大，非常适合听音乐和看电影，客服服务也很贴心，体验满分!,0,该店铺购买≥2次,5,32G,1T,16
661,L***y,2025-02-26,【超能轻薄】Pro14英寸 2.8K高刷 标压酷睿Ultra 5|32G 1T,一直用联想电脑，这次换了这款联想小新Pro14非常满意，这款电脑采用了酷睿Ultra处理器，性能非常不错。运行速度：开机非常快屏幕效果：拥有120赫兹高刷，色彩不错外形外观：外观很商务大气，轻薄便携总体来说很满意！,0,否,5,32G,1T,14
662,jd_HJwajbCimxVP,2025-12-30,14英寸酷睿版 标压酷睿Ultra 5|32G 1T,电池续航的话，如果一直亮屏，大概也就睡两个多小时吧，感觉还行吧，运行速度也还可以存储空间的话，对于我来讲还是够的了，键盘手感感觉不错，就是看到整个电脑整机的话相当迷你P几年前买的那个也是小新小小很多感觉还是挺不错的，非常的喜欢就是价格方面有点小贵,0,该店铺购买≥2次,5,32G,1T,14
663,猪***a,2025-12-27,14英寸酷睿版 标压酷睿Ultra 5|32G 1T,已经了买两个小新笔记本，两个小新迷你主机了，补贴到手非常划算。换了oled屏后小新的屏幕色彩更加绚丽了，看视频体验又提升了不少。32G+1T的固态存储直接拉满，系统运行也贼快。联想的东西只要价格到位简直找不到缺点，非常满意。,0,该店铺购买≥2次,5,32G,1T,14
664,泪***儿,2025-10-17,16英寸酷睿版 标压酷睿2代Ultra 5|32G 1T,这款笔记本电脑体验超预期屏幕色彩均衡，无论是办公做表还是追剧看片，画面都很细腻真实；运行速度飞快，多任务切换毫无卡顿，开大型软件也很顺畅；散热性能良好，长时间高负载运行也不会发烫；外形外观设计舒适，握持和携带时都很趁手；而且机身轻薄，放在包里几乎不占空间，真心推荐！,0,否,5,32G,1T,16
665,jd_pzxd06tctx198k,2025-08-24,16英寸酷睿版 标压酷睿Ultra 5|32G 1T,在京东商城选了好长的时间，对比了几款，还是迭了联想的这款小新 Pro 14 IMH9，小巧方便携带，这款是酷睿ultra5 32G 1T 2.8K 高刷LCD屏，运行速度快，Al运算加持，高性能核显轻薄本，散热出众，散热风扇声音小，屏显护眼，无闪烁，色彩很丰富，双扬声器，立体效果出众，看视频听音乐声音饱满悦耳，大电量电池，配10ow快充套装，外出学习足够使用了，暂时没有发现有什么缺点，有国补优惠，价格便宜不少，京东送货很快，上门服务，给正在上大学的孩子买的，很喜欢。,41,否,5,32G,1T,16
666,魅力种草机,2025-11-17,16英寸酷睿版 标压酷睿2代Ultra 5|32G 1T,这款机器颜色好看，手感很好，有磨砂的质發開后感，摸上去很舒服，耐刮，不容易脏污。屏幕效果：屏幕刷新率很高，显示细腻，颜色纯正。运行速度：最新款的酷睿处理器日常运行无压力，偶尔还可以剪辑个视频也不在话下，速度很快。这款机器买之前对比了很久了，主要看中了联想大品牌，售后有保障，以后用着会非常安心，非常满意的一次购物。,0,该店铺购买≥2次,5,32G,1T,16
667,jd_g6d38o2c7xveor,2025-11-14,14英寸酷睿版 标压酷睿2代Ultra 5|32G 1T,已经观察了很长时间了。去实体店也看过货，并多次货比三家。最后还是选择了京东。大小合适，运行速度：快屏幕效果：不错散热性能：很好外形外观：好看轻薄程度：适合其他特色：适合出差、好用散热能力：好运行速度：快,1,该店铺购买≥2次,5,32G,1T,14
668,jd_u1dr2so193wz7h,2025-12-01,14英寸酷睿版 标压酷睿2代Ultra 5|32G 1T,14英寸的小的笔记本还是不错的，颜值比较高，运行速度非常快，设计也非常合理，键盘也很顺手，非常不错的选择，笔记本的大小非常合适，可以上班，或者是出去旅游，携带都非常方便，我们普通的手提包里也非常顺手，下次还购买小新品牌，色彩非常鲜艳,0,该店铺购买≥2次,5,32G,1T,14
669,清茶一杯_称心x4193,2026-01-04,14英寸酷睿版 标压酷睿2代Ultra 7|32G 1T,运行速度：开关机及运行办公速度超级快、大型游戏没测试、主要买这款机器以办公为主：屏幕效果：色彩清晰、无色差、不刺眼散热性能：最新的散热器、运行起来笔记本不烫外形外观：简单大气、不臃肿轻薄程度：非常轻薄、放电脑包里背在肩膀上重量可以忽略不计国产大品牌、值得信赖,0,否,5,32G,1T,14
670,无***兽,2025-11-06,14英寸酷睿版 标压酷睿Ultra 5|32G 1T,做工质量都非常不错。非常安静，散热好。可以看出A面和C面是金属的，D面不太能确定。整体质感非常的沉稳。支持了HDMI，两个C口，两个A口。也不需要用转换口和扩展坞了。支持摄像头人脸识别，系统登录更方便。这款笔记本的总体体验还是很好的。,0,否,5,32G,1T,14
671,mimin1,2025-12-29,16英寸酷睿版 标压酷睿2代Ultra 5|32G 1T,运行速度：快，散热性能：好，轻薄程度：不算薄。屏幕效果：好。键盘手感：非常好，带光。非常好按。外形外观：大方，好看，电他续航够用，任务打开比有多少，还未知道卡不卡。在储空间1T，感觉还可以。,0,该店铺购买≥2次,5,32G,1T,16
672,82lg26e8zhb255,2025-11-13,16英寸酷睿版 标压酷睿2代Ultra 5|32G 1T,小新Pro16 2025太惊艳！OLED屏2.8K+120Hz画质绝了，1100nits亮度通透。32G+1T够流畅，2代酷睿Ultra5办公娱乐都稳，轻薄机身手感好，国家补贴入手超划算！,0,该店铺购买≥10次,5,32G,1T,16
673,suzhaopo,2025-10-14,16英寸酷睿版 标压酷睿2代Ultra 5|32G 1T,1.?联想小新Pro16的2.5K 120Hz高刷屏太惊艳，不管是看剧还是滚动文档，画面丝滑又清晰，视觉体验直接拉满。2.?搭载的标压处理器性能释放很足，多开办公软件、做轻度视频剪辑都不卡顿，兼顾性能和轻薄，对办公族超友好,3,该店铺购买≥2次,5,32G,1T,16
674,j***c,2025-07-28,16英寸锐龙版 标压锐龙7 H 255|24G 1T,运行速度：非常给力，追剧一点都不卡顿！屏幕效果：像素画质感非常好！散热性能：非常好，声音也很小声！外形外观：得体大气上档次！轻薄程度：非常的薄，拿在手上感觉很轻！其他特色：比我预想的性价比都高，你值得拥有！散热能力：非常棒，真的很快！运行速度：也非常给力！,2,否,5,24G,1T,16
675,jd大耳朵图图jd,2025-10-21,14英寸酷睿版 标压酷睿Ultra 5|32G 1T,湖光青配色太戳我！2.8K全面屏显示超清晰，看网课、记笔记眼睛不疲劳，120Hz高刷滑动超丝滑。8+256GB内存够装学习软件和资料，日常用完全不卡顿。重量轻、续航久，带出门学习很方便，华为生态联动也流畅，学生党闭眼入不亏！,0,否,5,32G,1T,14
676,残***空,2025-11-21,16英寸酷睿版 标压酷睿Ultra 5|32G 1T,联想小新Pro16真的是5000元档轻薄本天花板！16英寸2.8K OLED大屏色彩精准，120Hz刷新率丝滑护眼，办公追剧都超爽。酷睿Ultra处理器+32GB大内存，多开文档、剪视频无卡顿，AI功能还超实用。1.91kg轻薄机身便携不压肩，84Wh大电池续航够撑一整天，接口齐全不用转接头，性能、颜值、续航全在线，学生党和办公族闭眼冲！性价比高，非常推荐购买！,0,该店铺购买≥2次,5,32G,1T,16
677,M***h,2025-12-21,16英寸酷睿版 标压酷睿Ultra 5|32G 1T,千挑万选，终于选定了这款笔记本电脑。首先是颜值，非常高，手感也很好，显示器不背光，柔和护眼然后是电池续航非常赞，特意选了16寸的大电池，用半天没问题，多任务目前不卡。但也出现过一次失灵。再观察看看然后就是我非常看重的散热和静音效果，简直了，太好！我上一部电脑8k米，但是散热很响很烫，把我折磨坏了，这次选到这款超赞。接下来，我可能要说一个没人提到的问题：我当初看重16寸有右侧的数字键盘，方便我工作使用。但后来发现，因为有数字键盘导致整体打字键盘格左移，所以我打字的时候手和身体也会左歪，另外,0,该店铺购买≥2次,5,32G,1T,16
678,j***修,2025-11-19,16英寸酷睿版 标压酷睿2代Ultra 5|32G 1T,2 代酷睿 Ultra5 处理器超能打，32G 大内存 + 1T 固态，多开软件、存海量资料都丝滑不卡顿。2.8K OLED 屏色彩逼真，120Hz 高刷 + 护眼调光，办公追剧久用不累眼。机身轻薄便携，续航超给力，全天外出不用带充电器。AI 功能实用，散热稳定，接口齐全，学习办公娱乐全 hold 住，同价位性价比拉满！,0,否,5,32G,1T,16
679,X***n,2025-12-29,16英寸酷睿版 标压酷睿2代Ultra 5|32G 1T,给老婆买的，因为她是财务，所以特意选了16寸的，带数字键盘！运行速度：酷睿 Ultra 5，运行速度杠杠滴屏幕效果：OLED面板，屏幕效果很赞轻薄程度：厚度只有14-18mm，在金属机身的笔记本里绝对算轻便的了,1,否,5,32G,1T,16
680,达***2,2026-01-05,14英寸锐龙版 标压锐龙7 H 255|24G 1T,联想小新14Pro太香了！屏幕清晰色彩正，高刷新率看着超舒服，办公追剧无压力。性能稳定不卡顿，日常办公、轻度设计都能打，续航给力出门不用总带充电器。机身轻薄便携，颜值在线手感好，散热效果超出预期，运行安静不吵人。接口齐全够用，性价比拉满，学生党办公党闭眼入，真心满意！,0,否,5,24G,1T,14
681,哈米小印,2025-11-23,14英寸酷睿版 标压酷睿2代Ultra 5|32G 1T,性能强劲（酷睿 Ultra 5 处理器）、屏幕素质高（2.8K 120Hz OLED）、续航出色（14.5 小时），接口丰富，适合办公、学习和娱乐，性价比突出。 尤其屏幕 简直无敌 色彩非常给力,0,该店铺购买≥2次,5,32G,1T,14
682,亲丶我又来拍了,2025-11-04,14英寸酷睿版 标压酷睿Ultra 5|32G 1T,纠结许久入手这款全能轻薄本，没想到游戏体验远超预期，办公、娱乐无缝切换太香了！深空灰金属机身质感拉满，不足 1.5kg 的重量塞进背包毫无压力，日常通勤携带轻松，放在桌面也尽显简约高级。游戏性能完全在线，酷睿 Ultra5 处理器搭配英特尔 ARC 核芯显卡，性能释放强劲，主流网游如《英雄联盟》《原神》都能流畅运行，高画质下帧率稳定，画面无撕裂卡顿。32G 超大内存 + 1T 固态硬盘，加载大型游戏秒开，多任务切换丝滑，边玩游戏边下载文件也不影响体验。2.8K 高刷屏堪称视觉盛宴，120Hz,1,该店铺购买≥10次,5,32G,1T,14
683,jd_teVvVOVaPPxe,2025-10-17,14英寸酷睿版 标压酷睿2代Ultra 5|32G 1T,第一印象?开箱就被它的精致感打动，金属机身泛着低调的哑光质感，轻薄得不像一台性能本。键盘敲击安静且回弹舒适，背光在暗光环境下刚刚好不刺眼。?实际感受?屏幕色彩饱满鲜活，看视频修图都很享受，高刷新率让滑动操作格外跟手。日常办公同时开十几个网页、文档也完全流畅，风扇声几乎听不见，连续使用几小时也只是微微温热。?贴心细节?续航足够支撑全天移动办公，快充能快速回血。接口配置合理，外接设备很方便。系统优化得很聪明，能自动调节资源分配，省去手动设置,0,该店铺购买≥2次,5,32G,1T,14
684,jd_155492qhh,2025-12-20,16英寸酷睿版 标压酷睿Ultra 5|32G 1T,非常满意！首先，外观设计简约时尚，金属机身质感十足，轻薄便携，无论是出差还是日常通勤都非常方便。屏幕显示效果清晰细腻，色彩还原真实，追剧和办公都很享受。性能方面更是没得说，搭载最新处理器，运行流畅不卡顿，多任务处理也毫无压力。续航时间也很给力，充满电可以用一整天。另外，开机速度超快，散热效果也不错，键盘手感舒适，打字体验很棒。总的来说，这款笔记本性价比超高 收起,0,该店铺购买≥2次,5,32G,1T,16
685,jd_182520pvu,2025-11-17,14英寸酷睿版 标压酷睿2代Ultra 5|32G 1T,运行速度：快屏幕效果：好散热性能：好外形外观：挺好的颜值与便携双在线，铝合金机身质感拉满，霜雪银、深空灰等配色简约高级，14英寸机型仅1.46kg重、16.9mm薄，16英寸款也能轻松塞进背包，通勤上课毫无负担???。拿在手里不笨重，放在桌面也尽显格调，完全长在年轻人的审美点上。性能硬核不卡顿，从标压i5、锐龙R7到酷睿Ultra系列处理器全覆盖，32GB高频内存+1TB大硬盘是主流配置，多开文档、虚拟机、设计软件都流畅丝滑,0,该店铺购买≥2次,5,32G,1T,14
686,LQYXYCYL,2026-01-04,14英寸酷睿版 标压酷睿2代Ultra 5|32G 1T,这个小新的屏速度是非常快的，而且屏幕是o l e d的那显示的非常细腻，而且非常好用。嗯，14 寸的非常轻薄，续航的能力也非常棒，因为用的是u初25 2代的c p u哈，非常棒，性能非常棒,0,该店铺购买≥2次,5,32G,1T,14
687,啊澈呢,2025-10-29,16英寸酷睿版 标压酷睿Ultra 5|32G 1T,研究对比了很久，最终选择了小新 Pro 16酷睿版，果然没有让我失望！1.屏幕惊艳：16英寸的2.5K大屏幕，看文档、处理表格可以同时显示更多内容，效率倍增。下班后看高清电影，色彩和细腻度也是一种享受。2. 性能强悍：我主要用于办公和编程，同时打开几十个浏览器标签、IDE和微信，机器依然非常流畅，完全没有卡顿。偶尔玩玩《英雄联盟》，画质全开也能稳定高帧率。3. 续航给力：80Wh的大电池，带去图书馆或咖啡馆，不插电用一下午毫无压力，彻底告别电量焦虑。4.细节贴心：键盘手感很好，还有独立数,0,该店铺购买≥2次,5,32G,1T,16
688,小AndyJ,2025-11-10,16英寸酷睿版 标压酷睿Ultra 5|32G 1T,16英寸大屏轻薄本首选！2.8K OLED屏色彩惊艳、120Hz刷新率丝滑，峰值1100尼特亮度无惧强光。85W性能释放+双风扇散热，办公剪辑无压力，离电性能也能打。接口大满贯+硬盘可拓展，1.73kg机身便携，84Wh续航够用，AI功能加持超实用！,0,该店铺购买≥2次,5,32G,1T,16
689,你的真人模特,2025-12-13,16英寸酷睿版 标压酷睿Ultra 5|32G 1T,运行速度：很流畅屏幕效果：很惊艳散热性能：很散热外形外观：很好看轻薄程度：很轻薄其他特色：方方正正八角尖尖散热能力：散热效果比想象中要好，运行着没啥问题运行速度：速度还不错，比预期高了一点点，总之还可以的,0,该店铺购买≥2次,5,32G,1T,16
690,u_l5zvrlnrhpeb,2026-01-13,16英寸酷睿版 标压酷睿2代Ultra 5|32G 1T,运行速度开机一般就是1 2秒，120高刷流畅，储存空间也够用了，因为我是16寸的，所以我自己准备了一个背包，还是便于携带吧。最好的一点就是他带了正版的office软件，性价比也不错，0LED也挺好。,0,否,5,32G,1T,16
691,jd_vnv0902f9d4h2b,2025-11-13,14英寸酷睿版 标压酷睿2代Ultra 5|32G 1T,吹爆这款电脑！纠结半天果然没选错！观望了小新Pro 14好久，趁着活动终于下手了！收到后真的被惊艳到了！金属机身摸起来手感超棒，键盘打字也很舒服。最让我惊喜的是它的屏幕，之前的老笔记本根本没法比，现在每天工作都成了一种享受。性能就更不用说了，开关机速度快到飞起，再也不用浪费时间等待了。卖家发货神速，包装得特别结实，一点磕碰都没有。客服“小新”（不知道是不是这个名字）态度超好，有问必答。总之是一次完美的购物体验，这台电脑我太爱了！,0,否,5,32G,1T,14
692,xiaoqiu702,2025-11-17,14英寸酷睿版 标压酷睿2代Ultra 5|32G 1T,这款电脑外观时尚大气，材质坚固耐用，做工非常精细，没有任何瑕疵。功能也很强大，完全满足我的需求。使用起来非常方便，操作简单。性价比超高。物流速度更是没得说，下单后第二天就收到了。京东的服务也一如既往地好，客服态度热情周到。强烈推荐给大家!,0,否,5,32G,1T,14
693,b***j,2025-08-29,16英寸锐龙版 标压锐龙7 H 255|24G 1T,对于我偶尔打游戏想用来大学入门学理工的合适了 很顺 根本没有别人说的那些亮一两天就莫名其妙黑屏 电脑肯定需要好好的打理啊 而且你要是坐办公室搞代码肯定自己要认真选办公电脑啊而不是选这些 总之这个颜色很简约高级呢运行速度：很快很好 一点都不卡散热能力：挺好的,5,否,5,24G,1T,16
694,5c8kxqg913tm1a,2025-11-25,16英寸酷睿版 标压酷睿Ultra 5|32G 1T,??这款笔记本外观简洁大方，银色机身很有质感～???屏幕显示清晰，色彩还原度高，办公娱乐都流畅！?????键盘手感舒适，打字很顺手，触控板灵敏准确～????快递包装严实，送货速度快，配送员态度超好！????整体体验非常满意，值得推荐！????,0,否,5,32G,1T,16
695,缤***爽,2025-07-26,16英寸锐龙版 标压锐龙7 H 255|24G 1T,小新16Pro到手一周太香了！16英寸2.5K高刷屏追剧办公都超清晰，色彩细腻不刺眼。多开文档、PS修图完全不卡顿，散热也给力，长时间用机身只是微温。轻薄机身单手能拎，续航够撑大半天。接口齐全不用额外带拓展坞，学生党和职场人闭眼入不亏！,4,该店铺购买≥2次,5,24G,1T,16
696,940pn74kpg8xq2,2025-12-14,16英寸酷睿版 标压酷睿2代Ultra 5|32G 1T,我还是比较喜欢这个16寸的屏幕，看起来真的非常有感觉，而且电脑的性能也不错，果然，这种大牌子还是需要从京东上买，其次，这个电脑适合固定在一个位置，必须要插着电用，如果不插着电的话，不仅毁电池，同时也没有多少续航，不太建议那种经常拿着电脑外出的人买这一款。,0,该店铺购买≥2次,5,32G,1T,16
697,e***y,2025-08-23,16英寸酷睿版 标压酷睿2代Ultra 5|32G 1T,非常不错，现在还没联网，这样才能七天无理由退货。我们要自己懂得保护自己的消费者权益。验了一下机，真的是正品，而且这个价格同学也是很羡慕我的。性价比超级高！屏幕看起来我验了一下，没有坏点，至于重量还是有点分量的。总的来说，这是一次不错的购物体验！,3,否,5,32G,1T,16
698,7en5034aq413gy,2025-10-22,16英寸酷睿版 标压酷睿Ultra 5|32G 1T,联想小新16 寸笔记本电脑屏幕大，质感好，重量比较轻，适合女生使用价格比较便宜，性价比极高。它带有两个多功能，u s b插pe c接口，一个h d m i接口，一个音频插口一个s d插槽，两个u s b标准，a型接口接口比较丰富正在进行更,0,否,5,32G,1T,16
699,wh22b4d07w6l9c,2025-11-27,16英寸酷睿版 标压酷睿Ultra 5|32G 1T,京东物流非常快，晚上下单第二天就能收到，实在是太方便了。京东商城价格实惠，物流快捷，商品品质好，确实值得支持。这款笔记本搭配补贴价比很高，比同类产品便宜一大截。外观精致，性能良好，运行流畅，值得购买。,0,否,5,32G,1T,16
700,4***i,2026-01-01,14英寸酷睿版 标压酷睿Ultra 5|32G 1T,该笔记本电脑小巧精致，颜色也很好看，比较有质感，价格也实惠，功能基本够用，大学生配备的，在网上官网购买，虽然不会是最低价，但是也不会担心价格过高，网上购买方便快捷，购物体验良好，用一段时间之后再做追评.,0,该店铺购买≥2次,5,32G,1T,14
701,jd_t13w75z9g3y26l,2025-09-18,16英寸酷睿版 标压酷睿2代Ultra 5|32G 1T,用了一段时间才来评价，这电脑真的太让我惊喜了！外观简约时尚，金属机身质感满满，工艺细节处理到位，颜值超高。开机速度飞快，秒开不是夸张，办公软件瞬间启动，多任务处理轻松无压力，运行如丝般顺滑，从没出现过卡顿。屏幕显示效果超棒，色彩鲜艳，细节清晰，无论是看高清电影还是处理图片，都能带来极致视觉享受。而且续航能力也很出色，外出办公一整天都不用焦虑电量。散热性能也不错，长时间使用也只是温热。总之，这台电脑各方面表现都很出色，性价比超高，强烈推荐！,0,该店铺购买≥2次,5,32G,1T,16
702,e***2,2025-09-13,16英寸酷睿版 标压酷睿2代Ultra 5|32G 1T,这款电脑真的太棒了，这个价位的电脑我对比了一圈选中了这款。外观时尚大气，做工非常精细，没有瑕疵。价格合理，使用方便，操作简单。物流很给力，下单后第二天就到了，京东物流一直没的说。强烈推荐！,2,该店铺购买≥2次,5,32G,1T,16
703,耶***啊,2025-10-19,16英寸酷睿版 标压酷睿Ultra 5|32G 1T,这款电脑性能强劲，运行速度快，让我高效完成各种任务。外观设计简洁大方，携带方便。使用过程中，散热效果出色，噪音低，给我带来舒适的使用体验。总体而言，这是一款非常出色的电脑，强烈推荐给追求高效与便携的朋友们。,1,该店铺购买≥2次,5,32G,1T,16
704,田***卿,2026-01-22,16英寸酷睿版 标压酷睿2代Ultra 5|32G 1T,外形外观：很薄，外观漂亮，16寸大小合适！运行速度：非常顺畅！屏幕效果：颜色炫亮！散热性能：可以，不感觉热！轻薄程度：非常薄！散热能力：基本感觉不到热！运行速度：很快，剪辑视频没压力！其他特色：电池耐用！,0,该店铺购买≥2次,5,32G,1T,16
705,骄***炮,2025-08-03,16英寸酷睿版 标压酷睿2代Ultra 5|32G 1T,亲戚家女儿的高考礼物，其实小新这个配色男女都是合适的，我是觉得对于女生来说16寸有点大，但是亲戚女儿就要16寸，留给她买了，也很喜欢。小新电脑没得说吧，质量颜值都是一流，性价比也高，推荐选购。我两年高考的礼物都是买的小新16pro。,0,该店铺购买≥2次,5,32G,1T,16
706,8vq6158ky2py5g,2025-09-03,16英寸酷睿版 标压酷睿2代Ultra 5|32G 1T,简直越用越爱！外观简约又大气，金属机身摸起来很有质感，重量和厚度也控制得很好，装在书包里背着去实验室或者教室，完全不觉得累赘。真心推荐给需要一台“全能型”轻薄本的朋友！,0,否,5,32G,1T,16
707,j***f,2025-03-29,16英寸酷睿版 标压酷睿Ultra 5|32G 1T,运行速度：快屏幕效果：清晰细腻散热性能：不会发热联想笔记本电脑小新Pro16 AI超能本 高性能轻薄本酷睿Ultra5 32G 1T 2.5K高刷屏 ，性能稳定可靠，屏幕显示清晰细腻，运行速度还是比较快的，然后也不会发热，非常不错，一直在用联想的笔记本电脑稳定可靠商务游戏首选,4,该店铺购买≥2次,5,32G,1T,16
708,巧克力1317,2025-11-07,14英寸酷睿版 标压酷睿2代Ultra 5|32G 1T,对比了市面上同价位的各种品牌的笔记本电脑，最后选择了这款小新14proc，首先是颜值方面设计的很好看 一看就很符合年轻的定位 其次这款的配置性能很好 是最新的处理器 可以保证长时间的流畅使用 整体性能很强 推荐购买！,0,该店铺购买≥2次,5,32G,1T,14
709,h_h-h梦缘兮,2025-11-12,14英寸酷睿版 标压酷睿Ultra 5|32G 1T,入手联想小新Pro14太值啦！酷睿Ultra5性能强劲，办公多开、追剧打游戏都丝滑流畅～2.8K 120Hz高刷屏显示超细腻，84Wh大电池续航超抗打，32G + 1T大存储完全不用纠结存啥。政府补贴后价格巨香，京东服务（上门退换、价保）也很贴心，轻薄机身通勤无负担，后悔没早点冲！,0,否,5,32G,1T,14
710,j***h,2025-04-25,【性能大屏】Pro16英寸 2.5K高刷 标压酷睿Ultra 5|32G 1T,"酷睿UItra5 32g 1T,开机速度快，外观是我喜欢的简约风格，外观颜色还比较好看灰色，2.8k高画质玩游戏都可以做到很清晰，重量方面找个袋子一只手就可以提起来，出远门或者办公还是蛮适合的，赶上了国补，价格也很美丽。运行速度：开机速度快,一点也不卡，运行时声音也不大。屏幕效果：画质很高，色素很正，2.8k高刷新屏幕。散热性能：玩半天游戏也不会发热，风扇也没什么声音，非常的安静，可以看得出来，质量很不错。",14,否,5,32G,1T,16
711,u***5,2025-06-24,【2025新款】Pro16英寸 OLED高刷 标压锐龙7 H 255|24G 1T,联想这个电脑非常好，屏幕大高清，然后呢，他那个反应速度很快，运行比较流畅，特别是我喜欢的放他那个听歌，电影音质也不错。嗯，不管是办公了用了还是玩游戏呀，其他的呢上网用呢还是比较嗯好的，嗯，给个五星好评。另外一个是这个电脑，它的内存也超大一t的哈1000 g的这个容量哈，使用也下载什么电影呢？各基本都已经非常满足了我的需求。东西很好，物流很快，东西很给力，性价比很高！下次买电脑还是会买联想这个大品牌！,5,否,5,24G,1T,16
712,jd_jysg5a5f873d44,2025-12-23,14英寸酷睿版 标压酷睿2代Ultra 5|32G 1T,运行速度：非常棒，非常快。屏幕效果：清晰度高。散热性能：用久不发烫。外形外观：非常时尚。轻薄程度：方便捷代。其他特色：软件多样，背景好看，音质非常好。散热能力：飞常好。运行速度：非常快，并且从来都不会卡,0,否,5,32G,1T,14
713,e***a,2025-04-04,【超能轻薄】Pro14英寸 2.8K高刷 标压酷睿Ultra 5|32G 1T,"联想小新pro14酷睿Ultra版用起来丝滑真不错，搭载酷睿Ultra5处理器，32G大内存+1TB SSD,多任务运行无压力，120HZ高刷屏流畅细腻，办公娱乐两不误，尤其是续航也很给力，而且轻薄便携。性价比超高。待我再使用一段时间再分享更多细节。",1,该店铺购买≥2次,5,32G,1T,14
714,34g315oup1ryi3,2025-10-20,14英寸酷睿版 标压酷睿Ultra 5|32G 1T,工作效率的提升器！因为工作需要，经常要同时打开很多网页和办公软件，这台电脑处理起来游刃有余，完全没有卡顿。固态硬盘的读写速度超快，开机和打开大型文件都是秒开，大大节省了我的时间。键盘手感也很舒服，打字是一种享受。非常满意,0,该店铺购买≥2次,5,32G,1T,14
715,zmut5760sb8yo9,2025-12-16,16英寸酷睿版 标压酷睿2代Ultra 5|32G 1T,联想小新Pro16 轻薄笔记本电脑 2代酷睿Ultra5 32G 1T 2.8K OLED 120Hz 1100nits【国家补贴】这款联想笔记本电脑真不错，取代台式机，买了一台真不错，键盘手感很好，颜色色彩鲜艳，打开多个任务，速度非常快，不卡顿，小巧方便携带，运行速度很快，屏幕效果不错，散热性能比较好，外形外观设计很不错，轻薄本，很轻巧，散热能力强，运行速度超级快。不错的选择。,0,该店铺购买≥2次,5,32G,1T,16
716,又***了,2025-05-02,【2025新款】Pro16英寸 OLED高刷 标压酷睿2代Ultra 5|32G 1T,运行速度：联想16Pro  酷睿ultra 5 处理器非常强劲，32+1T内存和容量足够日常使用屏幕效果：显示非常出色，16存屏幕厚大散热性能：轻薄笔记本散热做工也非常好，外形外观：看起来高端大气上档次轻薄程度：薄,14,该店铺购买≥2次,5,32G,1T,16
717,72s005jrlz12tr,2026-01-01,14英寸酷睿版 标压酷睿2代Ultra 5|32G 1T,真的很喜欢，完全超出期望值，发货速度非常快，机子还是挺漂亮的，这个处理器简单办公够用了。包装非常仔细、严实，运送速度很快，很满意的一次购物这质量真是太意外了，实物美美哒，触感很好，很推荐哦~,0,该店铺购买≥2次,5,32G,1T,14
718,韩无风,2026-01-18,14英寸酷睿版 标压酷睿Ultra 5|32G 1T,京东物流超神速，隔天就收到了！联想小新颜值质感双在线，金属机身简约耐看还抗指纹。开机秒启，运行流畅不卡顿，多开办公软件、追剧都无压力，16英寸护眼屏看着超舒服。续航给力，轻薄便携，学生党、职场人都适配，性价比拉满，真心推荐，工作第九个年头，买了平板希望一切都好，稳定。,0,否,5,32G,1T,14
719,燕***物,2025-02-03,【性能大屏】Pro16英寸 2.5K高刷 标压酷睿Ultra 5|32G 1T,联想小新Pro16配上Core Ultra处理器，酷睿Ultra的性能是真的杠，多任务切换起来毫不费力。16英寸的大屏幕，2.5K的高清分辨率，清楚得不行，颜色也特别真实。办公、追剧、玩游戏，画面很流畅。而且散热也做得挺好，就算玩得久一点也不怕烫手。总的来说，这款笔记本用起来是真香！,0,否,5,32G,1T,16
720,l***6,2025-12-25,16英寸酷睿版 标压酷睿2代Ultra 7|32G 1T,联想小新Pro16 AI元启 轻薄笔记本电脑真不错好用。外观轮廓流线型并且很轻薄，屏幕自动感应，开关机自动人脸识别，散热性能不错，运行速度快，接口够用，键盘大小刚好，手感舒适，用起来很方便，居家办公已经足够用。体积小，重量轻，外出携带非常方便。价格也很实惠，性价比很高，强烈推荐！,0,该店铺购买≥2次,5,32G,1T,16
721,j***u,2025-03-28,【性能大屏】Pro16英寸 2.5K高刷 标压酷睿Ultra 5|32G 1T,酷睿Ultra开机运行速度非常快，运行常用软件秒开屏幕色彩鲜艳分辨率极高外观设计很轻薄便携，很方便出差携带音频音质也很棒让人有种身临其境的感觉。机器性价比非常高，联想老品牌值得信赖运行时风扇没声音机器很安静散热性能：好外形外观：高端又时尚屏幕效果：色彩鲜艳很赞运行速度：很快轻薄程度：薄,0,否,5,32G,1T,16
722,吸***啊,2025-03-09,【超能轻薄】Pro14英寸 2.8K高刷 标压酷睿Ultra 5|32G 1T,联想小新Pro14真是超出预期！酷睿Ultra处理器性能强劲，多任务处理毫无压力，14英寸2.8K屏幕色彩细腻，追剧修图效果惊艳。机身轻薄便携，续航能力很强，剪辑视频时风扇噪音几乎没啥声音，接口也够用。这个价位能买到带酷睿Ultra的质感本子，性价比拉满！,0,否,5,32G,1T,14
723,葛润泽elax,2025-10-30,16英寸酷睿版 标压酷睿Ultra 5|32G 1T,联想小新Pro16：办公与娱乐的全能之选入手联想小新Pro16这段时间，彻底被它的全能表现圈粉，堪称同价位轻薄本中的标杆之作。外观设计戳中审美点，深灰磨砂金属机身质感十足，低调又显档次，17.5mm的厚度搭配约1.91kg的重量，不管是出差通勤还是去图书馆，拎在手里毫无负担，单手开合的设计也格外顺手 。性能更是远超预期。我选的32GB+1TB版本，搭配锐龙R7处理器，日常处理多份文档、表格毫无压力，偶尔剪辑短视频也能流畅运行，甚至轻度玩《英雄联盟》这类游戏都很顺畅 。双风扇加双,0,该店铺购买≥2次,5,32G,1T,16
724,DJcc1,2025-12-22,16英寸酷睿版 标压酷睿Ultra 5|32G 1T,好评真的要吹爆联想小新Pro！拿到手第一感觉就是质感绝了，金属机身摸起来超舒服，轻薄得塞进背包完全没负担。屏幕素质更是惊艳，2.8K高刷屏看剧办公都丝滑，色彩准到修图都不用外接显示器。搭载的处理器性能完全够用，日常多开文档、浏览器，偶尔剪个短视频也毫无压力，续航还特别顶，充一次电办公一整天妥妥的。散热也超出预期，长时间用机身都只是温温的，风扇噪音几乎听不到。性价比直接拉满，学生党和职场打工人闭眼冲，绝对是同价位里的六边形战士！,0,该店铺购买≥2次,5,32G,1T,16
725,j***d,2025-07-26,16英寸酷睿版 标压酷睿2代Ultra 5|32G 1T,这款联想小新Pro16轻薄便携，搭载2代酷睿Ultra5处理器运行流畅，2.8KOLED屏幕显示清晰色彩精准。76%买家提到电脑运行速度极快，多任务处理流畅不卡顿，办公效率显著提升。有买家提到“处理器强劲，多任务处理流畅不卡顿，办公效率直线提升”,0,该店铺购买≥2次,5,32G,1T,16
726,j***g,2025-02-27,【性能大屏】Pro16英寸 2.5K高刷 标压酷睿Ultra 5|32G 1T,酷睿酷睿Ultra’强烈推荐，1.电脑外观简约大方，性能强劲，使用起来非 常舒适。2.电脑屏幕非常清晰，色彩鲜艳，观影效果非常棒。3.电脑键盘手感非常好，打字起来非常舒适，而且按键反应灵敏。4.电脑音响效果非常出色，声音清晰，音量大，非常适合听音乐和看电影。服务态度:好物流速度:快包装:好性价比:高,1,该店铺购买≥2次,5,32G,1T,16
727,z***8,2025-05-03,16英寸酷睿版 标压酷睿2代Ultra 5|32G 1T,这是我用过联想里外都很棒的笔记本。外观简洁，金属机身质感高级，几乎不留指纹，键盘手感很好，开机速度快，系统响应迅速，多任务流畅性没得说，视野开阔画质细腻，数据读写真的感觉到了高速，色彩还原准确，清晰度高，看1080p视频很舒服。丰富的接口干啥啥行，重量轻便于携带。100瓦的充电器配比大容量电池，短时间充满电满足外边需求。蓝牙灵敏。扬声器也不错。正版office用的踏实。在线客服对新机开机过程几个小问题解答的清醒透彻。对这款机器我是很满意。自1999年因公用了联想昭阳笔记本开始，我的联想笔记本开端,23,否,5,32G,1T,16
728,天洪5607,2025-12-28,16英寸酷睿版 标压酷睿Ultra 5|32G 1T,"这款产品真的超级棒无论是性能还是外观设计都让人满意使用起来非常流畅，玩游戏再也不用担心卡顿了。包装也很精致，打开后迫不及待地想要组装。而且售后服务也非常周到，给力,总的来说，买它绝对不会后悔",0,否,5,32G,1T,16
729,9***O,2025-05-07,16英寸锐龙版 标压锐龙7 H 255|24G 1T,小新16pro尺寸合适，性能完全满足日常需求。笔记本超薄，适合日常使用携带，玩游戏也完全够用。强烈推荐：1.电脑外观简洁大方，性能强劲，使用起来非常舒适。 2.电脑屏 幕非常 清晰，色彩鲜艳，观影效果非常棒。3.电脑键盘手感非常好，打字起来非常舒适，而且 按键反应灵敏。 4.电脑音响效果非常出色，声音 清晰，音量大，非常适合听音乐和看电影。服务态度:好物流速度:快包装:好性价比：高！,133,该店铺购买≥2次,5,24G,1T,16
730,z***2,2025-03-04,16英寸酷睿版 标压酷睿Ultra 5|32G 1T,‘酷睿Ultra’家人们谁懂啊！我最近入手了2024款联想小新16pro笔记本，真的好用到哭！它搭载了酷睿Ultra处理器，AI性能超强，像运行剪映进行智能抠像时，速度超快，效率大大提高。32GB的大内存搭配1TB的高速固态硬盘，多任务处理和文件读写都非常流畅，完全不卡顿。16英寸2.5K高分辨率、120Hz高刷新率的屏幕，显示清晰，画面流畅，不管是办公还是看剧、玩游戏，视觉体验都超棒。而且它接口丰富，日常外接设备很方便，还有3D人脸识别功能，开机解锁超迅速。续航能力也很,1,否,5,32G,1T,16
731,拒***3,2025-03-05,【性能大屏】Pro16英寸 2.5K高刷 标压酷睿Ultra 5|32G 1T,这款“联想笔记本电脑小新Pro16 AI超能本 高性能轻薄本酷睿Ultra5 32G 1T 2.5K高刷屏 ”笔记本电脑用起来得心应手！运行速度：很快！屏幕效果：清晰！散热性能：优秀！外形外观：美观大方！轻薄程度：薄厚适中！,0,该店铺购买≥2次,5,32G,1T,16
732,晴***_,2025-03-02,【性能大屏】Pro16英寸 2.5K高刷 标压酷睿Ultra 5|32G 1T,"酷睿Ultra处理器很流畅，全能本用这个处理器也算是顶配了，联想AI功能很强大，oled屏幕很鲜艳，特别适合看剧,杜比全景声也很震撼，充电速度快，充电头也很小巧，特别是机身的重量也很小巧。",0,否,5,32G,1T,16
733,j***x,2025-01-27,【性能大屏】Pro16英寸 2.5K高刷 标压酷睿Ultra 5|32G 1T,这款‘酷睿Ultra’联想小新16，拿到手感觉很薄，很有质感，开机时间短，配置也很好，同价位性价比很高，挺适合办公。屏幕效果：良好外形外观：好看，长在审美上了轻薄程度：超薄运行速度：快,0,否,5,32G,1T,16
734,u_z2aw88d626bd,2025-10-18,16英寸酷睿版 标压酷睿2代Ultra 5|32G 1T,联想小新pro16外观很漂亮，高端大气上档次。16寸的屏幕显示很清晰，看视频舒服。开机的速度非常快，性能强劲，运行流畅，不卡顿。轻薄机身携带特别方便，散热效果好，续航时间很长，是一款性价比很高的电脑，推荐给大家。,0,该店铺购买≥2次,5,32G,1T,16
735,j***2,2025-10-16,16英寸锐龙版 标压锐龙7 H 255|24G 1T,运行速度：运行速度那肯定是没的说，新一代英特尔酷睿Ultra，性能跟不错。  屏幕效果：屏幕清晰清楚。性价比高。  散热性能：电脑基本上没什么声音，散热性能一流。  外形外观：外观精致，很有特色。  轻薄程度：重量很轻，笔记本也很轻，一点也不笨重，出差商务完全没压力。  其他特色：客服“蛋卷”我非常满意，态度很好，专业能力很强，且能快速有效地解决我所遇到的问题。非常棒！,0,该店铺购买≥2次,5,24G,1T,16
736,StoneJDID,2025-10-30,14英寸酷睿版 标压酷睿2代Ultra 5|32G 1T,运行速度：速度很快，运行流畅，办公效率大大提高。屏幕效果：运行流畅、屏幕效果好。轻薄程度：轻薄便携，小巧精致。其他特色：适合人群：大学生、职场新人、商务办公用户以及轻度创意工作者，能够满足日常办公、学习和轻度娱乐需求,0,否,5,32G,1T,14
737,j***7,2026-01-04,16英寸锐龙版 标压锐龙7 H 255|24G 1T,这款联想的笔记本CPU相比英特尔的会性价比高一点，然后亮点是这个笔记本的屏幕是16英寸的，比较大，而且它是OLED屏幕，那种鲜艳感非常强烈，看的东西非常高清的感觉，所以感觉主要是亮点是这个屏幕，然后性价比还算比较高，总体来说的话，你要做工也大品牌也都还可以，如果不是特别追求其他的一些特别的性能或者特别用途的话，这款笔记本在办公，玩玩游戏，上上网各方面的都还可以，特别是喜欢看一些高清的电影的话，这个CPU还有屏幕都是可以胜任的。,0,否,5,24G,1T,16
738,孟可,2025-10-18,14英寸酷睿版 标压酷睿Ultra 5|32G 1T,机器没问题，也是9月份生产的，就是刚激活国补就优惠500,1,否,3,32G,1T,14
739,y***4,2025-11-04,16英寸酷睿版 标压酷睿Ultra 5|32G 1T,宝贝收到了，孩子上学要用，联想电脑品牌口碑挺多的。京东物流速度很快，京东自营店商品品质有保障。一直在京东自营店购物，用的放心，希望京东越来越好！以后用了以后的体验追评。,0,该店铺购买≥2次,5,32G,1T,16
740,H***圆,2025-03-18,【性能大屏】Pro16英寸 2.5K高刷 标压酷睿Ultra 5|32G 1T,入手了酷睿Ultra笔记本电脑，真的人赞了！它的性能超级强劲，酷睿Ultra处理器应对多任务处理游力有余，不管是同时打开多个办公软件，还是畅玩丰流游戏，都丝毫不会卡顿，运行速度超快。外观设计也很亮眼，简约又不失时尚感，轻薄的机身携带起来特别方便，出门放在包里一点都不觉得累赘。而且屏幕显示效果超棒，色彩还原度高，看着很舒服，长时间使用眼睛也不会太累。散热方面也做得相当出色，长时间使用下来机身也不会过热。总之，酷睿UItra笔记本电脑各方面很出色,0,否,5,32G,1T,16
741,j***s,2025-05-05,【2025新款】Pro16英寸 OLED高刷 标压酷睿2代Ultra 5|32G 1T,在使用过程中，这款电脑的处理器强大，运行速度快，无论是日常办公还是高强度的工作任务都能轻松应对。屏幕显示效果出色，色彩鲜艳且对比度高，对于需要处理图像和视频的专业人士来说，这是一个很大的优点。电脑的散热性能也相当不错，长时间使用也不会出现过热的情况。总体来说，联想小新Pro16 GT2025是一款性价比高的产品。如果你需要一台既能满足日常办公需求，又能应对专业工作的高性能笔记本电脑，那么这款产品绝对值得推荐。,13,该店铺购买≥2次,5,32G,1T,16
742,5***9,2025-02-25,【性能大屏】Pro16英寸 2.5K高刷 标压酷睿Ultra 5|32G 1T,酷睿Ultra，性能与便携的完美结合！最近入手了这款搭载酷睿Ultra处理器的产品，真的让我惊艳！无论是日常办公还是娱乐追剧，都能轻松应对，性能强劲的同时，机身轻薄便携，完全不挑场景。打开电脑的那一刻，就被它的屏幕显示效果和流畅的操作体验惊艳到了！无论是多任务处理还是影音娱乐，都能丝滑运行，完全满足了我的需求！外观设计也很出色，简约大气，无论是商务场合还是日常使用，都能hold住全场。真的是一台让人爱不释手的电脑！如果你正在寻找一款性能强劲且便携性极佳的笔记本，这款搭载酷睿Ult,1,该店铺购买≥2次,5,32G,1T,16
743,nhl_522,2025-10-24,16英寸酷睿版 标压酷睿2代Ultra 5|32G 1T,这款电脑真的超出预期！拿到手就被它的轻薄质感惊艳到，开机速度飞快，运行起来也很流畅，多任务处理毫无压力。屏幕色彩细腻，视觉体验绝佳，用来办公或者追剧都很舒服。散热表现也很出色，长时间使用也不会发烫。而且外观简约大气，很有档次感。总之，无论是性能、外观还是使用感，都值得五星推荐，买它就对了！,0,该店铺购买≥10次,5,32G,1T,16
744,黢***姐,2025-08-16,14英寸酷睿版 标压酷睿Ultra 5|32G 1T,准大衣特别想购买一款性价比比较高的电脑，做了很多功课，最后选了这一款联想小新14 虽然没有薅上国补的毛，但是拿到手这一刻还是很开心,1,否,5,32G,1T,14
745,yi18m95ml5gbxy,2025-11-13,16英寸酷睿版 标压酷睿Ultra 5|32G 1T,联想电脑是中国的老品牌，我也不知道买什么品牌，就用ai问了一下自己的用途，哎呀又推荐了其中的这一款，我结合了一下它的相关的一些功能数据，觉得也可以用了,0,该店铺购买≥2次,5,32G,1T,16
746,P***A,2025-12-04,14英寸酷睿版 标压酷睿2代Ultra 7|32G 1T,这款笔记本电脑性能强劲，运行流畅，无论是办公还是娱乐都能轻松应对。屏幕显示效果出色，色彩鲜艳细腻，视觉体验极佳。键盘手感舒适，打字输入很轻松。外观设计简约时尚，轻薄便携，非常适合外出携带。电池续航也很给力，满足一整天的使用需求。总之，这是一款性价比超高的笔记本电脑，非常满意！,0,该店铺购买≥10次,5,32G,1T,14
747,真武大帝06,2025-08-15,16英寸酷睿版 标压酷睿2代Ultra 5|32G 1T,这款联想小新笔记本电脑，我收到包装的时候焕然一新，并且拆封之后电脑几乎做到完好无损。对于一位准大一男学生来说，这个体积十分合适也好携带。我选的这款笔记本电脑对于大学学习管够用，但是玩一些配置高的游戏就有可能带不动了。总之这款笔记本电脑性价比还是很高的，很值得入手。运行速度：流畅屏幕效果：护眼散热性能：良好外形外观：耐看轻薄程度：较薄,1,否,5,32G,1T,16
748,聪GGGG哥,2025-11-12,16英寸酷睿版 标压酷睿Ultra 5|32G 1T,这一款联想小新pro162025款的轻薄本电脑还不错，颜值外观都很高很达标，28GB1TB的内存挺大的，重量也不重，性能也不错，学习办公都绰绰有余了，想耍游戏也还可以不过久了之后散热系统不是很好，所以还是建议要打游戏买个游戏本，这款笔记本?总体来说还不错?,0,该店铺购买≥2次,5,32G,1T,16
749,jd_8fj38a05zdr1sn,2025-12-17,14英寸酷睿版 标压酷睿Ultra 5|32G 1T,这款电脑真的让我非常满意！首先，它行能很强大，无论是处理文档还是玩游戏都能轻松应对。其次，它的外观设计非常精美，线条流畅，色彩撘配也很时尚。此外，它还配备非常丰富的接口和快捷键，让我们使用过场中十分方便。总之，我非常推荐这款电脑给需要高性能、高品质的朋友,0,该店铺购买≥2次,5,32G,1T,14
750,jd_m5002vb9mz2h6t,2025-12-09,16英寸酷睿版 标压酷睿2代Ultra 5|32G 1T,这款笔记本电脑性能出色，运行流畅无卡顿。其轻 薄设计便于携带，长时间使用手腕也不会感到疲 劳。屏幕色彩鲜艳，无论是工作还是娱乐都能带来 极佳的视觉体验。电池续航能力强，减少频繁充电 的麻烦。总体来说，是一款性价比很高的优质产 品，值得推荐！,0,该店铺购买≥2次,5,32G,1T,16
751,C***M,2025-12-15,14英寸酷睿版 标压酷睿Ultra 5|32G 1T,这款笔记本电脑真的太赞了！机身轻薄便携，单手就能轻松拿起，通勤路上塞进背包毫无压力。屏幕显示细腻清晰，色彩还原度超高，无论是追剧还是处理文档都让人眼前一亮。性能也完全在线，多任务运行流畅不卡顿，日常办公和轻度娱乐都能轻松应对。续航能力更是惊喜，充满电用一整天毫无问题，再也不用时刻担心电量焦虑。整体体验下来，从外观到实用性都无可挑剔，是一款非常值得入手的好产品。,0,该店铺购买≥2次,5,32G,1T,14
752,梅次故事,2025-09-18,16英寸锐龙版 标压锐龙7 H 255|24G 1T,联想电脑真的超棒!运行速度飞快，多任务处理毫无压力。散热效果出色，长时间使用也不发烫。外观简约时尚，轻薄便携，办公娱乐都很合适，售后及综合感受型，买联想电脑太明智啦!性能强劲，日常办公、追剧都不在话下。而且售后服务很贴心，有问题能及时解决。推荐朋友们使用。,1,该店铺购买≥2次,5,24G,1T,16
753,lzsv,2025-11-29,16英寸锐龙版 标压锐龙7 H 255|24G 1T,使用这款笔记本电脑已经半年，整体体验非常满意。轻薄设计便于携带，性能强劲，多任务处理流畅无卡顿。电池续航时间长，适合长时间工作或学习。屏幕显示清晰，色彩鲜艳，适合日常办公和娱乐。总体评价：这款笔记本电脑性价比高，值得推荐。,0,该店铺购买≥2次,5,24G,1T,16
754,jd_184034wom,2025-12-09,16英寸酷睿版 标压酷睿Ultra 5|32G 1T,这款笔记本电脑，感觉非常好!首先，它的屏幕尺寸非常大，非常适合用来观看高清视频和图片。其次，它的键盘手感非常舒适，长时间打字也不会感到疲劳。此外，它的操作系统也相当稳定 。总之，我非常满意这款笔记本电脑，强烈推荐给大家 电脑直心不错,0,否,5,32G,1T,16
755,l***外,2025-09-28,16英寸酷睿版 标压酷睿Ultra 5|32G 1T,联想，几十年的老品牌，又是京东自营，绝对值得信赖和推荐。京东物流速度快，笔记本电脑外观漂亮，开机运行流畅，运行速度：运行流畅，速度快屏幕效果：屏幕显示舒服。散热性能：散热好，不发烫外形外观：漂亮，好看。,0,否,5,32G,1T,16
756,京宝宝1号,2025-11-17,14英寸酷睿版 标压酷睿Ultra 5|32G 1T,联想电脑是兼顾实用与适配性的优质之选。产品线覆盖广，小新系列性价比能打，2.8K高刷屏+大电池满足学生党与办公族；拯救者系列靠顶级处理器、强劲散热稳抗3A大作。部分机型有AI辅助功能，售后体系完善。虽少数用户反馈续航或小故障问题，但整体性能、品控与适配性表现均衡，是闭眼入的靠谱选择。,0,该店铺购买≥2次,5,32G,1T,14
757,忘***方,2025-08-31,16英寸锐龙版 标压锐龙7 H 255|24G 1T,以下几种不同侧重点的评价供你参考：_性能体验型_联想电脑真的超棒!运行速度飞快，多任务处理毫无压力，大型游戏也能流畅运行。散热效果出色，长时间使用也不发烫。外观简约时尚，轻薄便携，办公娱乐都很合适，爱了!_售后及综合感受型_买联想电脑太明智啦!性能强劲，日常办公、追剧都不在话下。而且售后服务很贴心，有问题能及时解决。质量也可靠，用了这么久没出过毛病，必须给个五星好评!_设计与使用体验型_联想电脑的设计太戳我了，金属质感机身，精致又耐用。屏幕显示清晰，色彩还原度高。键盘手感,4,该店铺购买≥2次,5,24G,1T,16
758,小小鸡脚,2025-11-09,16英寸酷睿版 标压酷睿Ultra 5|32G 1T,小新笔记本真是让我惊喜连连！这款笔记本的性能超乎想象，无论是处理速度还是图形渲染能力都异常出色。设计上轻薄便携，却不失时尚感，外出携带方便极了。键盘手感舒适，打字时声音低沉悦耳，触控板精准灵敏，整体使用体验绝对一流。长时间使用也不会感到不适，非常推荐给需要高效办公或学习的朋友们。,0,否,5,32G,1T,16
759,V***7,2025-12-23,14英寸酷睿版 标压酷睿2代Ultra 5|32G 1T,选了很久，，，，，，最终还是买的小新14Pro，，，，，，没什么游戏需求，，，，简简单单办公使用，，，，，性能足够了。。。,1,否,5,32G,1T,14
760,M***1,2025-12-16,14英寸酷睿版 标压酷睿Ultra 5|32G 1T,联想大品牌，值得信赖的好企业，在线下逛了很多商场，才决定买的联想品牌，十年前的电脑品牌就是联想，很好用。价格实惠。值得购买。,0,该店铺购买≥2次,5,32G,1T,14
761,代号3155,2025-10-27,14英寸酷睿版 标压酷睿Ultra 5|32G 1T,联想笔记本在用户中广受好评，?尤其在小新Pro14和ThinkPad X13 R7等型号上，用户称赞其性能强劲、设计精致、便携性高以及用户体验出色?。充电器小巧易携带，搭配蓝牙鼠标提升使用体验,0,否,5,32G,1T,14
762,e***4,2026-01-26,14英寸酷睿版 标压酷睿2代Ultra 5|32G 1T,用了一个月，质量正常,0,否,5,32G,1T,14
763,b74marq42i0wom,2025-10-19,16英寸酷睿版 标压酷睿2代Ultra 5|32G 1T,整体来看还不错，手感和眼缘都挺好，电源适配器及包装都很严实，唯一不足的是没有鼠标和键盘膜。系统检查和买的配置也一直，整体还不错。,0,否,5,32G,1T,16
764,购***者,2026-01-27,14英寸酷睿版 标压酷睿2代Ultra 5|32G 1T,联想小新Pro1送货快，今天下单第二天晚上送到。体检下才来评价，轻便又好用，适合对屏幕素质、性能释放有较高要求，且注重便携性和日常办公。总体来说不错的选择。,0,否,5,32G,1T,14
765,jd_151015yfvr,2026-01-27,16英寸酷睿版 标压酷睿Ultra 5 135H |24G 1T,商品很不错，一直很喜欢联想小新系列，上一个电脑也是用的小新，很实用，很耐用，下次还选择小新系列。,0,该店铺购买≥2次,5,24G,1T,16
766,jd_m7vlpzd2uxy080,2026-01-27,16英寸酷睿版 标压酷睿Ultra 5 135H |24G 1T,电脑非常不错，拿在手里分量、质感十足，运行也快，总体来说比较满意。,0,否,5,24G,1T,16
767,v***姐,2026-01-27,16英寸酷睿版 标压酷睿Ultra 5 135H |24G 1T,这个电脑用起来真心不错 画质清晰 配上朱迪的屏保非常耐看  运行速度一般 但是相比我之前用的老机器是快多了 总体还可以 毕竟也没用几天呢。用一段时间再看到底好不好,0,该店铺购买≥2次,5,24G,1T,16
768,流年1812,2026-01-27,16英寸酷睿版 标压酷睿Ultra 5|32G 1T,这款笔记本电脑外观简约时尚，轻薄便携。性能强劲，运行流畅，多任务处理也毫无压力。续航能力不错，能满足日常使用。散热表现良好，价格也比较合理，值得购买。,0,该店铺购买≥2次,5,32G,1T,16
769,u_m816nb2pzsyu,2026-01-27,16英寸酷睿版 标压酷睿Ultra 5 135H |24G 1T,收到货了，反应迅速质量过硬，好东西值得推荐，下次还会回购,0,否,5,24G,1T,16
770,顶级风力神,2026-01-27,16英寸酷睿版 标压酷睿Ultra 5|32G 1T,东西设计很出彩，质量上乘，材质舒适。商家服务细致入微，上身效果佳，物流迅速，性价比高，还会再来！商家服务态度一流，有问必答，态度和蔼。配货速度杠杠的。商品也挑不出一点毛病，完美！,0,该店铺购买≥2次,5,32G,1T,16
771,山珠凉桃,2026-01-26,14英寸酷睿版 标压酷睿Ultra 5|32G 1T,激活简单，轻薄本，用起来很好,0,该店铺购买≥2次,5,32G,1T,14
772,j***n,2026-01-27,14英寸酷睿版 标压酷睿Ultra 5|32G 1T,此用户未及时填写评价内容,0,否,5,32G,1T,14
773,爱***鱼,2025-03-01,【性能大屏】Pro16英寸 2.5K高刷 标压酷睿Ultra 5|32G 1T,这次购买的酷睿Ultra，作为一个挑剔的消费者，这次购物体验简直完美。商品符合预期，无可挑剔。配货速度快如闪电。服务质量更是细致入微，满意了。运行速度：质量上乘没得辩，价格合理心无怨。物流快速运，商家服务佳，售后无风险！,0,否,5,32G,1T,16
774,jdautopeofw,2025-11-22,16英寸酷睿版 标压酷睿2代Ultra 7|32G 1T,非常先进的一台电脑，价格要相当美丽！物流很快，??产品很快就收到了，比想象中还好，不错不错！希望能耐用。实用性和颜值都非常的赞，我很喜欢，还会再来买的真的很好，性价比也很高，质量也很好，物流也快啊！一天就到货了！质量很好，收到货第一时间打开看了，很不错，很满意,0,否,5,32G,1T,16
775,洋洋喜哇哇,2025-11-13,16英寸酷睿版 标压酷睿2代Ultra 5|32G 1T,这款笔记本电脑真是太棒了！?? 键盘手感很不错，按键反馈非常灵敏?。而且屏幕的动态显示效果也很出色，办公和娱乐都能轻松胜任??。整体来说，性价比超高，强烈推荐给大家！??,0,该店铺购买≥2次,5,32G,1T,16
776,高雪超6666,2025-11-08,14英寸酷睿版 标压酷睿Ultra 5|32G 1T,电脑性能很强大，散热很好，外观很漂亮，外观很好看，颜色也很正，很满意。宝贝物超所值，很喜欢，下次还会来的宝贝收到了，很惊喜，质量非常好，很满意的一次购物。我会继续回购的，店家值得信赖,0,否,5,32G,1T,14
777,j***4,2026-01-26,14英寸酷睿版 标压酷睿Ultra 5|32G 1T,此用户未及时填写评价内容,0,否,5,32G,1T,14
778,kdc9943kd1ugmu,2026-01-17,14英寸酷睿版 标压酷睿2代Ultra 5|32G 1T,本人是京东的老用户了，这次购物依然很满意。首先物流必须点赞，下单第二天就送到了，快递小哥服务态度也很好。商品方面，经过仔细检查，质量上乘，做工精细，用料扎实，使用起来非常顺手/舒适。功能/设计方面也很人性化，满足了我的需求。价格在同类产品中也很有竞争力。总之，这是一次物超所值的购物体验，值得推荐。,0,该店铺购买≥2次,5,32G,1T,14
779,gpf182*****776,2025-11-20,16英寸酷睿版 标压酷睿Ultra 5|32G 1T,尺寸刚刚好，质量也非常好，店家的包装太用心了，值得推荐！很满意的一次购物，商家服务好，发货神速，物流也很给力，宝贝收到后非常喜欢，买得放心，用得安心外观设计漂亮，尺寸大小合适，包装仔细完整，宝贝手感不错，感觉很好，发货速度快，服务态度一流，给力！5星好评！这次购物超级满意，商品实惠好用，质量绝佳。物流高效，商家服务热情，售后无忧。,6,否,5,32G,1T,16
780,op2st9cc34c0ug,2025-11-15,14英寸酷睿版 标压酷睿2代Ultra 5|32G 1T,这款电脑颜值高，非常漂亮，运行快，价位合适，物美价廉，用起来顺手，质量好，速度快，键盘颜色好看，推荐大家入手，好用好用好用！！！,0,否,5,32G,1T,14
781,u***j,2026-01-27,14英寸酷睿版 标压酷睿2代Ultra 5|32G 1T,此用户未填写评价内容,0,否,5,32G,1T,14
782,jd_3xiwsa88x7e0oq,2025-10-16,16英寸酷睿版 标压酷睿2代Ultra 5|32G 1T,商品价格美丽，质量优秀。物流快捷，商家服务热情，售后服务周到。外观设计漂亮，尺寸大小合适，包装仔细完整，宝贝手感不错，感觉很好，发货速度快，服务态度一流，给力！5星好评！,0,否,5,32G,1T,16
783,范***楷,2025-12-28,14英寸酷睿版 标压酷睿Ultra 5|32G 1T,??这款笔记本真的超乎期待！??接口丰富，多任务运行流畅不卡顿～??电池续航给力，日常使用完全够用！??存储空间也足够大，装软件和文件都不用担心。??快递包装很结实，送货速度飞快??，配送员服务态度也特别好??。整体体验满分，强烈推荐！????,0,该店铺购买≥2次,5,32G,1T,14
784,若晴0422,2025-11-06,14英寸酷睿版 标压酷睿Ultra 5|32G 1T,?这款笔记本真的太好用了！携带轻便，出差旅行都方便??。手感细腻，打字超顺滑??。屏幕色彩鲜艳，看着特别舒服??。存储空间也够大，完全满足日常需求??。整体体验满分，强烈推荐！????,0,否,5,32G,1T,14
785,鹏达001,2025-11-06,14英寸酷睿版 标压酷睿2代Ultra 5|32G 1T,感觉实物比图片更好看，价格和质量成正比，这次购物非常满意，喜欢的宝宝赶紧下手  办公家用都适合不得不赞，质量真的好，包装物流也不错。真心喜欢，入手后不会让你后悔的！,0,该店铺购买≥2次,5,32G,1T,14
786,jd_nzf6415p9twb8e,2026-01-08,16英寸酷睿版 标压酷睿2代Ultra 7|32G 1T,?这款产品真的超乎期待！接口丰富，多任务运行流畅不卡顿??，携带轻便，随时随地办公无压力??。键盘手感极佳，打字如行云流水??。快递包装严实，送货飞快??，配送员服务贴心又专业??。整体体验满分，强烈推荐！????,0,该店铺购买≥2次,5,32G,1T,16
787,jd_183cd27bb1v8bs,2025-10-20,14英寸酷睿版 标压酷睿2代Ultra 5|32G 1T,这款联想笔记本电脑真是太棒了??！外观时尚大气，性能非常强大，用起来特别顺手??。无论是办公还是娱乐，都能轻松应对，完全满足我的需求????。强烈推荐给大家！,0,该店铺购买≥2次,5,32G,1T,14
788,h33x9t66hrzpcm,2025-11-13,14英寸酷睿版 标压酷睿2代Ultra 5|32G 1T,对比多家后选择了这款，价格实惠，质量却毫不逊色。功能齐全，能满足各种需求，性价比超高，是一次非常成功的购物！这款商品真的让我捡到宝了品质上乘，无论是自用还是送人都很合适，整体表现堪称完美！,0,该店铺购买≥2次,5,32G,1T,14
789,1***q,2025-10-19,14英寸酷睿版 标压酷睿2代Ultra 5|32G 1T,这款笔记本电脑真的太棒了！??外观设计时尚简约，屏幕清晰细腻，使用起来非常流畅。键盘手感也非常不错，特别适合打字和办公??。整体来说，性价比很高，强烈推荐给大家！,0,否,5,32G,1T,14
790,_***_,2025-10-19,14英寸酷睿版 标压酷睿Ultra 5|32G 1T,能联想小新pro16英特尔酷睿Ultra 超能本:轻薄设十轻薄便携的设计，无论是日常办公还是学习娱乐，都能轻松应对，毫无压力。而且，它的性能表现也非常出色，无论是多任务处理还是大型软件运行，都能游刃有余。再加上它出色的屏幕显示效果和舒适的键盘手感，让人更加欢喜！,0,否,5,32G,1T,14
791,j***x,2025-07-26,16英寸锐龙版 标压锐龙7 H 255|24G 1T,商品非常满意，质量上乘，摸起来手感很好。卖家服务态度热情周到，发货速度快，包装仔细。强烈推荐！尺寸刚刚好，质量也非常好，店家的包装太用心了，值得推荐！特别特别特别好，没有任何破损的地方，外观也好看，好评！质量没得说！无论是材质的质感还是整体的做工，都让人眼前一亮。使用起来效果绝佳，真心赞！物流超级超级快！质量也非常不错，的确物有所值,0,否,5,24G,1T,16
792,离***_,2026-01-21,16英寸酷睿版 标压酷睿Ultra 5 135H |24G 1T,它的外观设计简洁又不失时尚，如同一件精致的艺术品，让我每次看到都心情愉悦。细节之处更是处理得恰到好处，仿佛工匠大师精心雕琢的杰作。质地摸起来细腻顺滑，握在手里的感觉超棒，品质感直接拉满。实用性能方面，它简直无敌。完全满足了我的各种需求。而且用起来超稳定，完全不用担心会出岔子，妥妥的省心小帮手。,0,该店铺购买≥2次,5,24G,1T,16
793,freakwin,2025-11-06,16英寸锐龙版 标压锐龙7 H 255|24G 1T,这款笔记本电脑充电器设计简洁大方，颜色经典，非常适合现代家居风格。充电效率高且稳定，使用时感觉不到明显的温度升高。整体来说，性价比很高，推荐给需要频繁充电的你??????。,0,该店铺购买≥2次,5,24G,1T,16
794,Mr_许-,2025-11-12,16英寸酷睿版 标压酷睿2代Ultra 5|32G 1T,这台电脑的整体表现非常出色！??显卡性能强劲，屏幕显示效果也非常清晰，完全满足我的游戏需求。操作系统也相当流畅，体验感极佳！??性价比超高，强烈推荐给大家！,0,否,5,32G,1T,16
795,笑看人生_88,2025-10-24,16英寸酷睿版 标压酷睿Ultra 5|32G 1T,商品完全符合描述，小二服务热情耐心，使用体验超棒，外观设计新颖独特，产品质量过硬，物流服务迅速，性价比极高，非常满意！此次购买的商品完全符合预期描述，小二服务热情周到，使用体验舒适便捷，外观设计独具匠心，产品质量上乘，性价很高，强烈推荐！,0,否,5,32G,1T,16
796,79ld1o66so24gl,2025-11-08,14英寸酷睿版 标压酷睿2代Ultra 5|32G 1T,这款笔记本电脑真是太棒了！?? 性能优越，运行流畅，玩游戏、办公都很棒！屏幕清晰，键盘手感也很好。整体来说，性价比超高，强烈推荐！??,0,否,5,32G,1T,14
797,苏蜜糖214,2025-08-30,14英寸锐龙版 标压锐龙7 H 255|24G 1T,好！非常好！质量好，和实体店一样，颜色正，是我喜欢的整体来说还是很不错的，店家服务态度很好，而且质量也很好，没有异味包装很好，质量非常棒，宝贝完全符合卖家的描述，可以放心购买??感谢??挺好的，和想象中一样，随意搭都很好看，满意！,3,该店铺购买≥10次,5,24G,1T,14
798,王三岁很棒棒,2025-10-22,16英寸酷睿版 标压酷睿Ultra 5|32G 1T,外观设计简约时尚：整体外观简洁大方，线条流畅，通常采用金属材质，质感较好，不仅美观而且耐用，能适应不同的使用场景和用户审美需求。,0,该店铺购买≥10次,5,32G,1T,16
799,jdtangxiirt,2025-11-13,14英寸酷睿版 标压酷睿2代Ultra 5|32G 1T,?? 惊喜！这款商品太棒了！质量超乎预期，手感极佳，颜色也非常正。使用了一段时间，效果很好，性价比超高！推荐大家入手，绝对不会失望??。快来体验吧！??,0,否,5,32G,1T,14
800,h***g,2026-01-22,16英寸酷睿版 标压酷睿2代Ultra 5|32G 1T,掌柜态度很专业热情，有问必答，回复也很快，我问了不少问题，他都不觉得烦，都会认真回答我，这点我向掌柜表示由衷的敬意，这样的好掌柜可不多。再说宝贝，正是我需要的，收到的时候包装完整，打开后让我惊喜的是，宝贝比我想象中的还要好！不得不得竖起大拇指,0,该店铺购买≥2次,5,32G,1T,16
801,S***满,2025-11-24,14英寸酷睿版 标压酷睿2代Ultra 7|32G 1T,超出预期，质量很好，做工精细，满意??收到立马打开看了一下，非常不错，质量超好，颜值又高??，推荐推荐????收到立马打开看了一下，非常不错，质量超好，颜值又高??，推荐推荐??,0,该店铺购买≥2次,5,32G,1T,14
802,bzgh3yk5261due,2025-12-04,16英寸酷睿版 标压酷睿Ultra 5|32G 1T,风格一：科技党硬核安利风这款笔记本真的戳中性能党！酷睿处理器+大内存，多开设计软件、玩轻度游戏都丝滑无卡顿，加载速度快到惊喜～ 续航超顶，外出办公一天不用带充电器，咖啡店里敲文档、传文件全程在线。金属机身质感拉满，轻薄便携还抗造，出差塞进背包毫无压力，颜值和实力双在线，闭眼冲不亏！风格二：小红书生活美学风谁懂啊！这款笔记本的颜值直接长在我的心巴上～ 简约莫兰迪配色+窄边框设计，摆在哪都是氛围感担当！日常追剧、修图超清晰，性能也完全够用，写论文、剪vlog不卡顿。最绝的是续航，周,0,该店铺购买≥2次,5,32G,1T,16
803,小***_,2025-11-02,16英寸酷睿版 标压酷睿Ultra 5|32G 1T,商品质量超出预期！做工精细，材质厚实，和卖家描述完全一致。发货速度超快，包装也很用心，客服态度特别好，解答问题耐心又专业。性价比超高，这个价格能买到这样的品质，真的值！,0,该店铺购买≥2次,5,32G,1T,16
804,Dfindren,2026-01-02,14英寸酷睿版 标压酷睿Ultra 5|32G 1T,质量杠杠的，设计美观大方，商家服务赞，穿上体验很棒，物流服务好，性价比高，爱了爱了！商品物超所值，质量没毛病。物流迅速，商家服务热情，售后服务周到。,0,否,5,32G,1T,14
805,你***光,2025-10-27,16英寸酷睿版 标压酷睿2代Ultra 7|32G 1T,这个是真的好，材料和做工都特别精致，做工真的非常棒，我觉着我可以推荐给我朋友买不得不说，这商品太值了，物美价廉，质量出色。物流快，商家服务周到，售后有保障。,0,该店铺购买≥2次,5,32G,1T,16
806,北极星是那,2025-11-12,16英寸酷睿版 标压酷睿Ultra 5|32G 1T,这款产品真的很棒！?? 外观设计时尚，颜色搭配让人眼前一亮?。材质摸起来很舒服，质感非常好??。而且做工精细，细节处理得非常到位??。使用体验也很不错，操作简单方便??。总之，性价比超高，强烈推荐给大家！无论是自用还是送礼都非常合适哦??。,0,否,5,32G,1T,16
807,l***5,2025-11-29,16英寸酷睿版 标压酷睿2代Ultra 5|32G 1T,商品物美价廉，质量让人惊喜。物流很棒，商家服务贴心，售后处理也让人满意。到货就迫不及待打开了，果真没有让我失望，质量特别好，颜值也相当高，满意的一次购物,0,否,5,32G,1T,16
808,燃***Z,2025-12-01,16英寸酷睿版 标压酷睿2代Ultra 5|32G 1T,质量没得说！无论是材质的质感还是整体的做工，都让人眼前一亮。使用起来效果绝佳，真心赞！物超所值，话不多说，这四个字已经说明了一切,0,该店铺购买≥2次,5,32G,1T,16
809,jd159185pzl,2025-10-19,16英寸锐龙版 标压锐龙7 H 255|24G 1T,商品质量非常好，与描述完全一致，物流速度也很快，非常满意的一次购物体验。物流很快，商品完好无损，使用起来非常方便，完全符合我的预期。卖家服务很周到，商品质量也很好，完全符合我的需求，非常满意。商品做工精细，材质也很环保，使用起来非常舒适，物有所值。,0,该店铺购买≥2次,5,24G,1T,16
810,超级蜘蛛侠111,2025-11-23,14英寸酷睿版 标压酷睿Ultra 5|32G 1T,这个是真的好，材料和做工都特别精致，做工真的非常棒，我觉着我可以推荐给我朋友买~不得不赞，质量真的好，包装物流也不错。真心喜欢，入手后不会让你后悔的！！,0,该店铺购买≥2次,5,32G,1T,14
811,jd_134323wkwo,2025-11-19,16英寸酷睿版 标压酷睿Ultra 5|32G 1T,这款商品的质量真的很棒！外观时尚，内在实用，而且质量过硬，太喜欢了！商品质量无可挑剔，价格亲民，真是物超所值。物流顺畅，商家服务贴心，售后有保障，太棒了！,0,否,5,32G,1T,16
812,苏蜜糖214,2025-09-03,16英寸锐龙版 标压锐龙7 H 255|24G 1T,尺寸刚刚好，质量也非常好，店家的包装太用心了，值得推荐！不得不赞，质量真的好，包装物流也不错。真心喜欢，入手后不会让你后悔的！,0,该店铺购买≥10次,5,24G,1T,16
813,jd_5u0137pf8nndhd,2025-11-01,14英寸酷睿版 标压酷睿Ultra 5|32G 1T,??买到了超级赞的东西啦！这款产品简直是物超所值，质量特别好，用了几天都没有任何问题。外观设计也很时尚，细节处理得很到位。使用起来非常方便，操作简单易上手。性能方面更是没话说，完全满足我的需求，性价比超高！推荐给身边的朋友们后都很满意?。物流速度也很快，包装很严实，配送人员态度很和善??。整体购物体验非常愉快，以后还会继续回购这家店的产品！????感谢商家的好服务，祝生意兴隆！??,0,该店铺购买≥2次,5,32G,1T,14
814,j***s,2025-12-09,14英寸酷睿版 标压酷睿Ultra 5|32G 1T,真的很喜欢，完全超出期望值，发货速度非常快，包装非常仔细、严实，运送速度很快，很满意的一次购物这质量真是太意外了，实物美美哒，触感很好，很推荐哦~,0,否,5,32G,1T,14
815,死亡的小丑1,2025-11-08,16英寸酷睿版 标压酷睿Ultra 5|32G 1T,这个电脑性价比真的高，也很流畅，比一般的品牌机要合算的多。店家人也很好，物流很快就到了。2、电脑买回来用了几天，感觉还不错，还是比较流畅，性能还是可以。外观比较好看这个电脑性价比真的高，也很流畅，比一般的品牌机要合算的多。店家人也很好，物流很快就到了。2、电脑买回来用了几天，感觉还不错，还是比较流畅，性能还是可以。外观比较好看,0,该店铺购买≥2次,5,32G,1T,16
816,Cui_joke,2025-11-21,16英寸酷睿版 标压酷睿Ultra 5|32G 1T,这款产品简直令人惊艳！设计独具匠心，品质卓越非凡，使用起来流畅至极。服务团队更是贴心周到，有问必答，让人倍感温暖。整体体验超乎预期，绝对是值得拥有的好物，强烈推荐给大家，一起享受这份美好！,0,该店铺购买≥2次,5,32G,1T,16
817,jd_189613isb,2025-11-20,14英寸酷睿版 标压酷睿Ultra 5|32G 1T,挺好的，价格适中，质量看着不错产品质量，客服服务态度特别好，很喜欢，好评商品质量没毛病，价格实惠到家。物流快如闪电，商家服务耐心，售后负责，真心不错！实用性和颜值都非常的赞，我很喜欢，还会再来买的,0,该店铺购买≥2次,5,32G,1T,14
818,迷死他老豆,2025-12-02,16英寸酷睿版 标压酷睿2代Ultra 7|32G 1T,细节非常完美??，整体来说真的很不错。性价比很高??，下次还会继续光顾??！款式很大方，质量非常好??，价钱也很合理。好,0,该店铺购买≥2次,5,32G,1T,16
819,0***0,2025-07-29,16英寸酷睿版 标压酷睿2代Ultra 5|32G 1T,商品品质非常有保障，使用过程中没有出现过任何问题，非常满意。质量绝佳，价格亲民。物流满意，商家服务好，售后处理也很妥当！宝贝物超所值，很喜欢，下次还会来的,0,否,5,32G,1T,16
820,j***h,2025-11-10,16英寸酷睿版 标压酷睿Ultra 5|32G 1T,特别特别特别好，没有任何破损的地方，外观也好看，好评！??从没想过这么实惠的价格，??能买到这么好的宝贝，??性价比非常高，我很喜欢哦??,0,否,5,32G,1T,16
821,j***c,2025-10-24,14英寸酷睿版 标压酷睿Ultra 5|32G 1T,1、质量很好，客服态度也特好，会再次光顾的，物流非常快。2、很热情的卖家，下次还来。质量非常好真出乎我的意料。包装非常仔细。祝生意兴隆。3、出现问题能很好的处理，是可以信赖的好店家，以后有机会我们再合作！4、质量非常好，与卖家描述的完全一致，完全超出期望值，包装非常仔细，很满意的一次购物。,0,该店铺购买≥10次,5,32G,1T,14
822,妖婧的小尾巴,2025-10-27,14英寸酷睿版 标压酷睿Ultra 5|32G 1T,这款产品总体来说还不错??，外观看起来挺时尚的??，使用起来也非常顺手。颜色和材质都很好看，质量不错??。唯一遗憾的是物流有点慢，希望以后能更快一些。其他方面都很满意！??会继续关注其他款式，期待更好的体验！,0,否,5,32G,1T,14
823,j***u,2025-08-06,16英寸酷睿版 标压酷睿2代Ultra 5|32G 1T,这款产品真的超赞??！使用起来非常舒适，质量很不错，性价比高，物流也很快??。强烈推荐给各位小伙伴试试看哦！,1,该店铺购买≥2次,5,32G,1T,16
824,jd_692232613,2026-01-26,16英寸酷睿版 标压酷睿Ultra 5 135H |24G 1T,包装严实无损，细节处理到位，体验感很好。开箱体验太丝滑了！包装扎实得像保险箱，每个边角都保护得超到位。开箱体验太丝滑了！包装扎实得像保险箱，每个边角都保护得超到位。开箱体验太丝滑了！包装扎实得像保险箱，每个边角都保护得超到位。,0,否,5,24G,1T,16
825,威082229威,2026-01-08,14英寸酷睿版 标压酷睿Ultra 5|32G 1T,"京东商城发货就是快，价格优惠，非常给力，质量可以说是非常好了，与卖家描述的完全一致，非常满意,真的很喜欢，完全超出期望值，发货速度非常快，包装非常仔细、严实，物流公司服务态度很好，运送速度很快，很满意的一次购物",0,否,5,32G,1T,14
826,j***K,2025-11-13,16英寸酷睿版 标压酷睿Ultra 5|32G 1T,真心觉得这次购物太棒了，商品性价比超高，质量可靠。物流高效，商家服务贴心，售后让人满意。包装很好，颜值不错，质量也没有问题质量挺好，物流也很快，赞！,0,否,5,32G,1T,16
827,-***-,2025-11-11,14英寸酷睿版 标压酷睿2代Ultra 5|32G 1T,质量没得说！无论是材质的质感还是整体的做工，都让人眼前一亮。使用起来效果绝佳，真心赞！，宝贝质量很好，卖家服务态度热情，发货速度快，非常满意！特意使用了好久才来评价，特别好用，有机会还会再次购买，买正品就上京东自营旗舰店！,0,该店铺购买≥10次,5,32G,1T,14
828,小鑫饿着了,2025-10-19,14英寸酷睿版 标压酷睿Ultra 5|32G 1T,真的超级喜欢，质量非常好，与卖家描述的一致！质量好得不得了，价格低得让人惊喜。物流快如飞，商家服务优，售后靠谱！一次很好的购物体验，服务周到，物流快速，配送也很周到，态度也很好，好评！,0,否,5,32G,1T,14
829,清楚永不言弃,2026-01-14,14英寸酷睿版 标压酷睿2代Ultra 7|32G 1T,感觉实物比图片更好看，价格和质量成正比，这次购物非常满意，喜欢的宝宝赶紧下手特别特别特别好，没有任何破损的地方，外观也好看，好评！,0,该店铺购买≥2次,5,32G,1T,14
830,407t6m5jys8d04,2025-10-30,16英寸酷睿版 标压酷睿Ultra 5|32G 1T,这款商品真是太棒了！?? 质量好到令人惊艳，完全没有失望。颜色非常鲜艳，手感也很不错??。物流速度也很快??，满意的一次购物体验！强烈推荐给各位小伙伴！?,0,否,5,32G,1T,16
831,我想当大牛,2025-10-17,14英寸酷睿版 标压酷睿Ultra 5|32G 1T,这款产品真是太好了！外观精致，手感也非常不错??。使用起来非常顺手，性能也很稳定，整体体验满分??。强烈推荐给大家！,0,该店铺购买≥2次,5,32G,1T,14
832,哈***朗,2025-11-18,16英寸酷睿版 标压酷睿Ultra 5|32G 1T,这款商品包装完好??，生产日期和保质期清晰可见??。物流速度也很快??，包装内无破损。整体购物体验很满意，希望下次还能继续享受到这样的优质服务！??,0,该店铺购买≥2次,5,32G,1T,16
833,jd_183571ndd,2025-11-14,14英寸酷睿版 标压酷睿2代Ultra 5|32G 1T,货真价实，高颜值，高品质，一分钱一分货，材质外观和质量一看就很上档次，非常喜欢??????????????,0,该店铺购买≥10次,5,32G,1T,14
834,苏蜜糖214,2025-08-30,16英寸锐龙版 标压锐龙7 H 255|24G 1T,质量很棒，价格优惠，太划算了。物流迅速，商家服务友好，售后及时处理，好评如潮！商品质量不错，细节、品质、做工都非常好，发货贼快，快递也给力，棒棒哒~??????价格实惠，质量杠杠的，非常好的一次购物，下次还来,2,该店铺购买≥10次,5,24G,1T,16
835,少年心321,2025-12-17,16英寸酷睿版 标压酷睿Ultra 5|32G 1T,品牌质量，值得信赖。外形美观，赏心悦目。使用便捷，老少皆宜。功能强大，满足你的一切要求。价格合理，物有所值。如有必要，还会回购。财源滚滚，大吉大利。,0,该店铺购买≥2次,5,32G,1T,16
836,jd_152293cvm,2025-11-20,16英寸酷睿版 标压酷睿Ultra 5|32G 1T,质量绝佳，价格亲民。物流满意，商家服务好，售后处理也很妥当！质量非常好，完全超出期望值，发货速度非常快，包装非常仔细、严实，很满意的一次购物,0,否,5,32G,1T,16
837,382jdbisc74bi4,2025-10-20,16英寸酷睿版 标压酷睿Ultra 5|32G 1T,联想笔记本电脑小新Pro16AI超能本高性能轻薄本酷睿Ultra5 32G1T2.5K高刷·116英寸酷睿版；标压酷睿Ultra 5132G 1T这款电脑真的太棒了！外观时尚大气，材质坚固耐用，做工非常精细，没有任何瑕疵。功能也很强大，完全满足我的需求。使用起来非常方便，操作简单。而且价格合理，性价比超高。物流速度更是没得说，下单后第二天就收到了。京东的服务也一如既往地好，客服态度热情周到。强烈推荐给大家!,0,否,5,32G,1T,16
838,jd_879008716,2025-12-07,16英寸锐龙版 标压锐龙7 H 255|24G 1T,这次购物非常愉快！商品实惠好用，质量上乘。物流迅速，商家服务热情，售后无忧。这次购物体验超棒，商品性价比高，质量优秀。物流高效快捷，商家服务周到，售后完善。,0,该店铺购买≥2次,5,24G,1T,16
839,j***8,2026-01-12,16英寸酷睿版 标压酷睿Ultra 5|32G 1T,电脑收到了，还没开始用，物流快,0,否,3,32G,1T,16
840,j***v,2025-12-21,14英寸酷睿版 标压酷睿Ultra 5|32G 1T,"品质保证，质量上乘，良心产品，良心商家，物美价廉，非常满意的一次购物体验，下次还会回购的，会推荐朋友来的，希望商家生意兴隆，财源广进。好评好评好评。真的超级喜欢，非常支持，质量非常好，与卖家描述的完全一致，非常满意,真的很喜欢，完全超出期望值，发货速度非常快，包装非常仔细、严实，物流公司服务态度很好，运送速度很快，很满意的一次购物。先说商品质量：产品总体不错，包装严实。再说商家服务：点赞啦。最后点评快递：发货很快。其他就是感谢店家打折送券活动，毕竟便宜好货更实在。希望店家多多优",0,否,5,32G,1T,14
841,M-a-o,2026-01-27,全能电竞Y7000 【新】U7-255HX/RTX5060/16G 1T,键盘手感很好，抱起也不会太大，很好用。我是玩游戏兼顾博图，两者任意切换毫无压力,0,该店铺购买≥2次,5,16G,1T,UNK
842,龟***移,2026-01-27,全能电竞Y7000 【新】U7-255HX/RTX5060/16G 1T,此用户未及时填写评价内容,0,该店铺购买≥2次,3,16G,1T,UNK
843,猫蛋爱吃肉,2026-01-27,全能电竞Y7000 【新】U7-255HX/RTX5060/16G 1T,电脑颜值很高，玩游戏很丝滑，孩子非常喜欢，强烈推荐大家用这款好电脑，过年打算再过来买一个自己玩游戏用！,0,该店铺购买≥2次,5,16G,1T,UNK
844,d***1,2026-01-27,全能电竞Y7000 【新】U7-255HX/RTX5060/16G 1T,灯光酷炫，外观也好看，运行速度快，流畅游玩玩大型游戏。,0,该店铺购买≥2次,5,16G,1T,UNK
845,SkyLine1019,2026-01-27,全能电竞Y7000 【新】U7-255HX/RTX5060/16G 1T,速度非常快，外观也非常漂亮，看着就非常给力，已经在京东买啦五六台笔记本电脑啦，每次都非常愉快，省去自己去实体店跑，质量有保障。,0,否,5,16G,1T,UNK
846,j***n,2026-01-27,全能电竞Y7000 【新】U7-255HX/RTX5060/16G 1T,送货很快，有提前联系，包装很好，挺好,0,否,5,16G,1T,UNK
847,j***h,2026-01-26,全能电竞Y7000 RTX5060/16核i7/2.5K屏,非常的好，实用性很强，建议购买！,0,否,5,UNK,UNK,UNK
848,aju6mzc8p23gb5,2026-01-26,全能电竞Y7000 【新】U7-255HX/RTX5060/16G 1T,品控在线，双烤CPU稳得很，肤感机身手感绝佳，尺寸合心意，比螺丝松动的Thinkbook16P靠谱多了；唯一不足是螃蟹网卡+镁光颗粒。,0,否,5,16G,1T,UNK
849,jd_136532lhh,2026-01-26,全能电竞Y7000 RTX5060/16核i7/2.5K屏,"联想拯救者绝对是性能猛兽!RTX显卡运行3A大作丝滑流畅，高刷屏视觉冲击力爆表。散热系统非常给力，长时间游戏也能保持""冷静""。键盘手感舒适，设计硬核，性价比超高，游戏玩家的不二之选!",0,该店铺购买≥10次,5,UNK,UNK,UNK
850,难眠意,2026-01-26,全能电竞Y7000 RTX5060/16核i7/2.5K屏,联想Y7000性能十足，大品牌靠谱省心平时日常体验完全够用。,0,否,5,UNK,UNK,UNK
851,毓***-,2026-01-26,全能电竞Y7000 【新】U7-255HX/RTX5060/16G 1T,外观还不错，手感触感很好，屏幕也很大，用起来很舒适。,0,否,5,16G,1T,UNK
852,j***x,2026-01-26,全能电竞Y7000 【新】U7-255HX/RTX5060/16G 1T,重量还可以，大小还可以，服务还可以，用起来还可以，懂的都懂，不懂也懂，懂不懂都懂,0,该店铺购买≥2次,4,16G,1T,UNK
853,o***2,2026-01-26,全能电竞Y7000 【新】U7-255HX/RTX5060/16G 1T,一直用联想的本，黑色的质感很好，家用办公都行，一直关注的国产品牌，用的几个本本都是联想的。值得入手,0,否,5,16G,1T,UNK
854,iFrankey,2026-01-26,全能电竞Y7000 【新】U7-255HX/RTX5060/16G 1T,智能模式运行CAD20流2+天正T20v82畅。显示效果和音质挺好。智能模式下电脑不发烫。真的比手上的DELL安静。唯一不足的就是续航只有两个小时左右，但可接受。,0,该店铺购买≥2次,5,16G,1T,UNK
855,j***N,2026-01-26,全能电竞Y7000 【新】U7-255HX/RTX5060/16G 1T,联想拯救者笔记本大学生用足够了，就是实际用上的礼品不送，送什么垃圾会员什么的,0,否,5,16G,1T,UNK
856,很牛逼的牛,2026-01-26,全能电竞Y7000 【新】U7-255HX/RTX5060/16G 1T,此用户未填写评价内容,0,否,5,16G,1T,UNK
857,j***y,2026-01-26,全能电竞Y7000 【新】U7-255HX/RTX5060/16G 1T,好用,0,否,5,16G,1T,UNK
858,2***k,2026-01-26,全能电竞Y7000 【新】U7-255HX/RTX5060/16G 1T,包装保护：包装完好无损外形外观：轻巧便携画面品质：运行流畅，2.5k超竟屏，画质清晰，触感很好,0,否,5,16G,1T,UNK
859,jdwangzhxcd,2026-01-26,全能电竞Y7000 【新】U7-255HX/RTX5060/16G 1T,用了三个星期，整体感觉挺好，联想大品牌还是值得信赖的。,0,否,5,16G,1T,UNK
860,买宝宝哥哥,2026-01-26,全能电竞Y7000 【新】U7-255HX/RTX5060/16G 1T,公司买的就是给品牌部的人做设计，用性能还是很好的，速度也挺快，希望不会越用越慢。大牌子还是有保障的，还买了那个几年内免费换新的服务，京东自营有保障,0,该店铺购买≥2次,5,16G,1T,UNK
861,5***j,2026-01-25,全能电竞R7000 RTX5060/锐龙?7 H 255/16G 512G,非常喜欢,0,该店铺购买≥2次,5,16G,512G,UNK
862,无***熙,2026-01-25,全能电竞Y7000 【新】U7-255HX/RTX5060/16G 1T,刚买回来，目前使用没啥问题，开机速度也快，打开文件得响应速度也比较快。样子基本比较满意的配置也是研究很久了，然后买的，总的来看，挺好的。,0,该店铺购买≥2次,5,16G,1T,UNK
863,小海123123123,2026-01-25,全能电竞Y7000 【新】U7-255HX/RTX5060/16G 1T,拯救者Y7000性能强劲，运行流畅，散热优秀，外观简约大气，屏幕清晰，使用体验非常满意，性价比高。,0,该店铺购买≥2次,5,16G,1T,UNK
864,4***7,2026-01-25,全能电竞Y7000 【新】U7-255HX/RTX5060/16G 1T,看着质感不错，也很有分量，期待使用起来的感受。,0,否,5,16G,1T,UNK
865,6***f,2026-01-25,全能电竞Y7000 RTX5060/16核i7/2.5K屏,使用了几天后来评价的，参加国补后价格很香，高性能笔记本，值得收藏购买。,0,否,5,UNK,UNK,UNK
866,浅笑安然xy,2026-01-25,全能电竞Y7000 RTX5060/16核i7/2.5K屏,散热出色久用不烫，升级简单、接口充足，运行流畅稳定，值得推荐,0,否,5,UNK,UNK,UNK
867,jd_h482h07805,2026-01-25,全能电竞Y7000 RTX5060/16核i7/2.5K屏,联想拯救者笔记本到货了，颜值爆表性能更好真的不错值得推荐购买，亲测好用性能在线京东有活动价格也不错。好??,0,该店铺购买≥10次,5,UNK,UNK,UNK
868,jd_h482h07805,2026-01-25,全能电竞Y7000 RTX5060/16核i7/2.5K屏,联想拯救者笔记本到货了，颜值爆表性能更好真的不错值得推荐购买，亲测好用性能在线京东有活动价格也不错。,0,该店铺购买≥10次,5,UNK,UNK,UNK
869,郭聪abc,2026-01-25,全能电竞Y7000 RTX5060/16核i7/2.5K屏,联想拯救者笔记本信价比高颜值爆表非常不错的产品质量很好，颜值在线是大学生的不二选择，值得推荐购买。赞??,0,该店铺购买≥10次,5,UNK,UNK,UNK
870,郭聪abc,2026-01-25,全能电竞Y7000 RTX5060/16核i7/2.5K屏,联想拯救者笔记本信价比高颜值爆表非常不错的产品质量很好，颜值在线是大学生的不二选择，值得推荐购买。,0,该店铺购买≥10次,5,UNK,UNK,UNK
871,j***6,2026-01-25,全能电竞Y7000 【新】U7-255HX/RTX5060/16G 1T,拯救者Y7000性能强劲，散热给力，3A游戏流畅，办公设计都轻松，外观硬朗，性价比超高，非常满意！,0,该店铺购买≥2次,5,16G,1T,UNK
872,哲学家孔子,2026-01-25,全能电竞Y7000 【新】U7-255HX/RTX5060/16G 1T,此用户未填写评价内容,0,该店铺购买≥2次,5,16G,1T,UNK
873,jd_185155kyj,2026-01-25,全能电竞Y7000 【新】U7-255HX/RTX5060/16G 1T,外形外观：低调大气，灯光也足够黑色的又时尚又商务包装保护：包装特别到位，亲手送到运行速度：大品牌值得信赖速度快游戏效果：专为游戏而生非常力量,0,该店铺购买≥2次,5,16G,1T,UNK
874,jd_55nhrk31m2x794,2026-01-25,全能电竞Y7000 【新】U7-255HX/RTX5060/16G 1T,送的快，用起来非常方便性价比很好,0,否,5,16G,1T,UNK
875,j***4,2026-01-25,全能电竞Y7000 RTX5060/16核i7/2.5K屏,简洁版（适合快速晒单）拯救者真香！2.5K 240Hz高刷屏视觉拉满，满血独显+锐龙/酷睿处理器，玩3A、剪视频全程丝滑无卡顿。散热超稳，野兽模式下也不烫手，接口齐全不用转接器，金属机身质感在线，办公游戏双拿捏，国补入手性价比直接拉满，安全下车超满意！,0,该店铺购买≥10次,5,UNK,UNK,UNK
876,S***晨,2026-01-25,全能电竞Y7000 RTX5060/16核i7/2.5K屏,英特尔酷睿i7的兼容性太强了！装黑苹果、跑Linux、用虚拟机全无压力，拯救者这代BIOS开放了更多英特尔酷睿的调校选项，极客玩家狂喜！,0,该店铺购买≥2次,5,UNK,UNK,UNK
877,jd_138107awy,2026-01-25,全能电竞Y7000 【新】U7-255HX/RTX5060/16G 1T,外观好看，游戏都很丝滑,0,该店铺购买≥2次,5,16G,1T,UNK
878,Y波鲁克,2026-01-25,全能电竞Y7000 RTX5060/16核i7/2.5K屏,入手联想这款电脑真的太值了！老牌大厂的品控果然没话说，机身做工扎实，细节设计特别贴心，不管是办公还是娱乐都能完美适配，用起来超省心。性能方面完全不拉胯，多开办公软件丝滑不卡顿，玩游戏也能有流畅的体验，散热表现超出预期，长时间使用机身也不会发烫，噪音控制得也很好。屏幕画质清晰、色彩饱满，键盘敲击手感舒适，接口配置也很齐全，日常外接设备根本不用额外带拓展坞。而且续航能力在线，出门办公不用频繁找插座，再加上联想遍布全国的售后网点，后续使用也超有保障。性价比直接拉满，不管是学生党还是职场人，选它都不踩雷,0,该店铺购买≥2次,5,UNK,UNK,UNK
879,IUYUB,2026-01-25,全能电竞Y7000 RTX5060/16核i7/2.5K屏,全新正品，散热快，速度快。灯光效果炫酷，三角洲完美运行。,0,该店铺购买≥2次,5,UNK,UNK,UNK
880,吃瓜子的汪汪汪,2026-01-25,全能电竞Y7000 【新】U7-255HX/RTX5060/16G 1T,上一部电脑是 2018 年的拯救者，体验还不错，6 年过去了，继续买新一款的拯救者，希望越做越好，速度很快这台拯救者笔记本真是“老当益壮”，六年用下来依旧稳如老狗，这次换新机更是速度飞起！开机快得像闪电，运行流畅得仿佛在滑冰，键盘手感也超舒服?，拍照还自带“办公氛围感”。继续支持国产硬核装备，下次再冲！,0,该店铺购买≥2次,5,16G,1T,UNK
881,sYAyaaquTEEU,2026-01-25,全能电竞Y7000 【新】U7-255HX/RTX5060/16G 1T,对比其他游戏本 机身很轻 追番打游戏不会卡顿 安全下车,0,否,5,16G,1T,UNK
882,jd_130023nmk,2026-01-25,全能电竞Y7000 RTX5060/16核i7/2.5K屏,包装保护：保护完好外形外观：外观设计好看，符合游戏本外观画面品质：画质清晰洗,0,否,5,UNK,UNK,UNK
883,jd_n7t73fd4mum2jc,2026-01-24,全能电竞Y7000 【新】U7-255HX/RTX5060/16G 1T,用了快一个月了，安全下车，太满意了！真的是我的梦中情机！工科硕士需要带得动计算的电脑，我又经常出差有便携需求，y7000完美地满足了我的要求，就像轻薄本的小型工作站，真的太惊喜了！而且模具设计得也很好手感超好！,0,该店铺购买≥2次,5,16G,1T,UNK
884,空_-_,2026-01-24,全能电竞R7000 RTX5060/锐龙?7 H 255/16G 512G,每次在京东购物都超省心，平台商品种类丰富，轻松就能找到想要的。价格透明实惠，还常有超值优惠。收货快，售后也有保障，遇到问题迅速解决，购物零烦恼，这就是我一直信赖京东的原因，必须好评奉上，依然继续选择京东购物。,0,该店铺购买≥2次,5,16G,512G,UNK
885,c***c,2026-01-24,全能电竞Y7000 【新】U7-255HX/RTX5060/16G 1T,性能很强，玩大型游戏没问题。不过风扇在全速运行时声音还是比较明显的，键盘中间区域会发热，但能接受。屏幕是180Hz不是顶配的240Hz，但实际观感和流畅度已经非常出色了。作为游戏本，它的表现符合我的预期。,0,该店铺购买≥2次,5,16G,1T,UNK
886,橘汁,2026-01-24,全能电竞Y7000 【新】U7-255HX/RTX5060/16G 1T,调了三四天 选择联想拯救者 有国补 性能可以 给朋友外甥买的希望不要让我们失望啊 联想 正在买笔记本外设 到了直接上最高画质黑神话悟空！！,0,该店铺购买≥2次,5,16G,1T,UNK
887,u_2nk4woxlu5tx,2026-01-24,全能电竞Y7000 【新】U7-255HX/RTX5060/16G 1T,包装保护非常到位，很酷的电源键。期待使用！,0,否,5,16G,1T,UNK
888,83g240kf51lrut,2026-01-24,全能电竞Y7000 【新】U7-255HX/RTX5060/16G 1T,物流很快，客服很热心，为我解答所有问题，很满意的一次购物，,0,否,5,16G,1T,UNK
889,th10dno4bz5rw7,2026-01-24,全能电竞Y7000 【新】U7-255HX/RTX5060/16G 1T,联想拯救者Y7000真的绝了！外观硬朗大气，配置十分给力，游戏运行流畅不卡顿，散热也相当不错，是我用过超棒的电脑！,0,否,5,16G,1T,UNK
890,福崽ll,2026-01-24,全能电竞Y7000 【新】U7-255HX/RTX5060/16G 1T,超赞！这台全能电竞Y7000真的太香了。性能强劲，野兽模式完美驾驭大型游戏；日常低功耗模式续航也够用。散热系统给力，长时间使用也不烫。接口丰富，外接设备超级方便。而且机身只有2公斤，在游戏本里算非常轻巧了，携带无压力。黑色机身颜值高，质感满满，绝对是高性能与便携性的完美结合！,0,否,5,16G,1T,UNK
891,养乐怡之福,2026-01-24,全能电竞Y7000 【新】U7-255HX/RTX5060/16G 1T,价格合理，性能好，颜色及手感很好。办公用很合适反应快速方便清晰。送货很快包装很好。,0,该店铺购买≥2次,5,16G,1T,UNK
892,jd135611brl,2026-01-24,全能电竞Y7000 【新】U7-255HX/RTX5060/16G 1T,该型号有息屏死机问题，而且激活不退不换,0,否,1,16G,1T,UNK
893,9***x,2026-01-24,全能电竞Y7000 【新】U7-255HX/RTX5060/16G 1T,好用，好看，灯光酷炫，玩游戏流畅，接口够用，时长时间使用还好不烫,0,否,5,16G,1T,UNK
894,jd_45z9g3a7w3g4fn,2026-01-24,全能电竞Y7000 RTX5060/16核i7/2.5K屏,已经看了好久了，昨天才拿下的，5060非常牛逼啊2k随便玩,0,否,5,UNK,UNK,UNK
895,李奕成1,2026-01-24,全能电竞Y7000 RTX5060/16核i7/2.5K屏,女会六已购全能电竞 Y7000【新】 … 2025-12-28很喜欢，很满意，客服态度超好 很有耐心，电脑几乎隔天就到，包装很到位，电脑也很快，基本可以运行超级多的3a大作，外观也很好看，也不是很重，不管办公还是玩游戏 都很方便，满意好评,0,该店铺购买≥2次,5,UNK,UNK,UNK
896,嘉欣科技**,2026-01-24,全能电竞Y7000 RTX5060/16核i7/2.5K屏,联想的这个笔记 大品牌  拯救者游戏本 用过一台了 效果很好 再次购买这个品牌  配置够高  显卡也比较好 打游戏特别流畅 温度也很低  效果不错  第二次购买台,0,该店铺购买≥10次,5,UNK,UNK,UNK
897,g7587ie7a09q10,2026-01-23,全能电竞Y7000 【新】U7-255HX/RTX5060/16G 1T,18年我的第一台笔记本电脑就是Y7000，陪伴了我整整七年，前段时间弟弟中考练习打字，才将它退役。从1050T进化到5060的感觉真不错。,0,否,5,16G,1T,UNK
898,-***-,2026-01-23,全能电竞Y7000 【新】U7-255HX/RTX5060/16G 1T,这次购物体验太棒了！商品质量上乘，卖家服务态度热情周到，发货速度快得惊人，非常满意！这次购物体验太棒了！商品质量上乘，卖家服务态度热情周到，发货速度快得惊人，非常满意！这次购物体验太棒了！商品质量上乘，卖家服务态度热情周到，发货速度快得惊人，非常满意！,0,否,5,16G,1T,UNK
899,jd_92w366l2w20u93,2026-01-23,全能电竞Y7000 【新】U7-255HX/RTX5060/16G 1T,外观精致，运营速度挺快的，图形处理非常高清，总体来说很满意。,0,否,5,16G,1T,UNK
900,爱莉的喵喵o,2026-01-23,全能电竞R7000 RTX5060/锐龙?7 H 255/16G 512G,拯救者R7000体验超预期！性能释放足，多任务处理不卡顿，屏幕色彩准，键盘手感佳，散热噪音控制优秀，颜值在线，性价比拉满，真心推荐！?闭眼入的拯救者R7000！锐龙芯+独显性能强悍，高刷大屏观感超棒，霜刃散热压得住高负载，轻薄便携，办公游戏全能打，同档机型首选！,0,否,5,16G,512G,UNK
901,j***0,2026-01-23,全能电竞Y7000 【新】U7-255HX/RTX5060/16G 1T,已收到货，发货迅速，外观美观,0,否,5,16G,1T,UNK
902,Alsa呀,2026-01-23,全能电竞Y7000 RTX5060/16核i7/2.5K屏,联想拯救者Y7000性价比超赞，酷睿+RTX4060性能能打，3A游戏、生产力都流畅。霜刃散热控温稳，接口丰富还能拓展，就是续航一般、机身略沉，6K档游戏本超值得入手。,0,该店铺购买≥2次,5,UNK,UNK,UNK
903,wuyiqixi,2026-01-23,全能电竞Y7000 【新】U7-255HX/RTX5060/16G 1T,联想拯救者笔记本电脑使用体验超出预期。搭载的高性能处理器与独立显卡，图形处理能力强劲，运行大型游戏和设计软件都很流畅。散热系统表现出色，长时间高负载使用也不会过热。接口丰富且布局合理，外接设备方便快捷。屏幕画质清晰，色彩还原准确。整体性能均衡，是游戏和生产力需求用户的优质选择。,0,该店铺购买≥2次,5,16G,1T,UNK
904,jd_LfNmGlMRkWRU,2026-01-23,全能电竞R7000 RTX5060/锐龙?7 H 255/16G 512G,刚买几天就降价将近1000元，找他们报价说是国补，我说我退了重买，说激活了不能退，总之很生气。,0,该店铺购买≥2次,1,16G,512G,UNK
905,是***王,2026-01-23,全能电竞R7000 RTX5060/锐龙?7 H 255/16G 512G,?这款笔记本真的超乎期待！??散热表现很稳，长时间使用也不烫手，运行速度飞快，办公游戏两不误～??快递包装严实，??送货准时，配送员态度也特别好??整体体验满分，强烈推荐！??????????,0,否,5,16G,512G,UNK
906,jd_w0af65r3t2zag0,2026-01-23,全能电竞Y7000 RTX5060/16核i7/2.5K屏,这款笔记本散热非常好 非常快 外接显示器也是非常的高清搭载5060新款的显卡使我们在使用中非常的nice,0,该店铺购买≥2次,5,UNK,UNK,UNK
907,j1j789uq2en2v8,2026-01-23,全能电竞Y7000 RTX5060/16核i7/2.5K屏,宝贝收到了！非常出乎意料，非常惊喜！下次还会来的～好卖家，继续关注！全五分好评！长时间使用温度适中，接口挺多的,0,否,5,UNK,UNK,UNK
908,zzzzy0414,2026-01-23,全能电竞R7000 RTX5060/锐龙?7 H 255/16G 512G,性价比可以，一线品控好，屏幕显示清晰，外观比上一代好看，物流速度快,0,否,5,16G,512G,UNK
909,j***n,2026-01-22,全能电竞Y7000 RTX5060/16核i7/2.5K屏,棒！！！！！！！！??非常好用啊啊啊啊,0,否,5,UNK,UNK,UNK
910,不送货上门就不要发,2026-01-22,全能电竞Y7000 【新】U7-255HX/RTX5060/16G 1T,买来工作加打游戏，尺寸非常适合我，电脑不卡，处理速度。十分流畅，屏幕很清楚，非常满意,0,否,5,16G,1T,UNK
911,郁海鹏123,2026-01-22,全能电竞Y7000 RTX5060/16核i7/2.5K屏,联想电脑，质量有保证，值得购买，性能稳定，外观设计好看,0,该店铺购买≥10次,5,UNK,UNK,UNK
912,3***9,2026-01-22,全能电竞Y7000 【新】U7-255HX/RTX5060/16G 1T,很好  值得购买 好评 需要再来,0,否,5,16G,1T,UNK
913,j***2,2026-01-22,全能电竞Y7000 RTX5060/16核i7/2.5K屏,电脑性能强劲，运行流畅，外观时尚，超赞??配置高端，响应超快，轻薄便携，爱了爱了??屏幕清晰，散热给力，使用便捷，值得入手??续航持久，办公娱乐皆佳，这电脑太牛啦??品质出色，操作丝滑，颜值与实力并存的电脑??,0,该店铺购买≥10次,5,UNK,UNK,UNK
914,墨***涵,2026-01-22,全能电竞Y7000 RTX5060/16核i7/2.5K屏,电脑性能强劲，运行流畅，外观时尚，超赞??配置高端，响应超快，轻薄便携，爱了爱了??屏幕清晰，散热给力，使用便捷，值得入手??续航持久，办公娱乐皆佳，这电脑太牛啦??品质出色，操作丝滑，颜值与实力并存的电脑??,0,该店铺购买≥10次,5,UNK,UNK,UNK
915,琪***1,2026-01-22,全能电竞Y7000 RTX5060/16核i7/2.5K屏,电脑性能强劲，运行流畅，外观时尚，超赞??配置高端，响应超快，轻薄便携，爱了爱了??屏幕清晰，散热给力，使用便捷，值得入手??续航持久，办公娱乐皆佳，这电脑太牛啦??品质出色，操作丝滑，颜值与实力并存的电脑??,0,该店铺购买≥10次,5,UNK,UNK,UNK
916,j***s,2026-01-22,全能电竞Y7000 RTX5060/16核i7/2.5K屏,电脑性能强劲，运行流畅，外观时尚，超赞??配置高端，响应超快，轻薄便携，爱了爱了??屏幕清晰，散热给力，使用便捷，值得入手??续航持久，办公娱乐皆佳，这电脑太牛啦??品质出色，操作丝滑，颜值与实力并存的电脑??,0,该店铺购买≥10次,5,UNK,UNK,UNK
917,x***b,2026-01-22,全能电竞Y7000 RTX5060/16核i7/2.5K屏,电脑性能强劲，运行流畅，外观时尚，超赞??配置高端，响应超快，轻薄便携，爱了爱了??屏幕清晰，散热给力，使用便捷，值得入手??续航持久，办公娱乐皆佳，这电脑太牛啦??品质出色，操作丝滑，颜值与实力并存的电脑??,0,该店铺购买≥10次,5,UNK,UNK,UNK
918,jd_1dpw79sjrnv3s0,2026-01-22,全能电竞R7000 RTX5060/锐龙?7 H 255/16G 512G,??这款笔记本真的太给力了！??开机瞬间流畅，运行速度快到飞起??。玩游戏毫无卡顿，画面丝滑得像在看电影??。灯光效果也超酷炫，颜值在线?。整体体验满分，强烈推荐！??,1,否,5,16G,512G,UNK
919,3***2,2026-01-22,全能电竞Y7000 【新】U7-255HX/RTX5060/16G 1T,不好用，电脑灵敏度很低，不太建议对处理性能很高的人购买，我这是用了一个月后的评价，,0,否,5,16G,1T,UNK
920,Z-鈺藍,2026-01-22,全能电竞Y7000 RTX5060/16核i7/2.5K屏,外形外观：时尚，简约画面品质：屏幕清晰，显示细腻运行速度：办公游戏无压力游戏效果：3a轻松无压力,0,该店铺购买≥10次,5,UNK,UNK,UNK
921,0bl3u6z9pmxtbf,2026-01-22,全能电竞Y7000 【新】U7-255HX/RTX5060/16G 1T,纠结了很久最终入手联想拯救者，用了一个月彻底被圈粉，不愧是口碑爆款！外观是经典的碳晶黑金属机身，A面的Y字信仰灯质感拉满，线条硬朗又不浮夸，不管是放电竞桌还是办公区都很适配。性能方面完全是“性能猛兽”级别，我选的配置搭配高性能处理器和RTX独显，平时跑3A大作比如《黑神话：悟空》，2.5K全高画质下帧数稳定120+，丝滑不卡顿，光追效果拉满后画面细节直接封神。就算切换到工作模式，同时开多个设计软件、虚拟机和浏览器标签页，也毫无压力，多任务处理速度快到飞起，效率直接翻倍,0,否,5,16G,1T,UNK
922,是***a,2026-01-22,全能电竞R7000 RTX5060/锐龙?7 H 255/16G 512G,这款笔记本电脑特别流畅，配置高，用在设计上运行速度飞快，工作效率大大提升。有国补价格非常亲民。想要的宝子们快冲！,0,否,5,16G,512G,UNK
923,u_dzpfkaiosz81,2026-01-22,全能电竞Y7000 RTX5060/16核i7/2.5K屏,这款联想拯救者笔记本性能拉满，屏幕画质细腻，键盘手感超舒服，运行大型游戏和多任务都丝滑不卡顿，散热效果也远超预期，机身做工扎实还兼顾了便携性，是游戏本里的全能选手！,0,否,5,UNK,UNK,UNK
924,jd_2de3l6tbdb56hn,2026-01-22,全能电竞Y7000 【新】U7-255HX/RTX5060/16G 1T,用了不到2个月，电脑突然连不上网了，有线和无线都连不上，联系客服试了好几次也没能解决………,0,该店铺购买≥2次,3,16G,1T,UNK
925,jd_151358rgq,2026-01-22,全能电竞Y7000 RTX5060/16核i7/2.5K屏,正品保障，比实体店便宜很多，物流很快，服务很好，平台活动力度大，电脑很好,0,否,5,UNK,UNK,UNK
926,批发苦瓜,2026-01-22,全能电竞Y7000 【新】U7-255HX/RTX5060/16G 1T,京东购物 即快又放心 使用无烦恼 大本还得选择靠谱的品牌,0,否,5,16G,1T,UNK
927,j***b,2026-01-22,全能电竞Y7000 【新】U7-255HX/RTX5060/16G 1T,玩游戏流畅，外接方便，硬盘好升级，灯光酷炫。,0,否,5,16G,1T,UNK
928,jd_135885avq,2026-01-22,全能电竞Y7000 RTX5060/16核i7/2.5K屏,电脑已收到，快递很给力，上午下单，傍晚就到货了。外观很漂亮，网速也很快，画面品质很高，价格也很划算，非常的满意,0,否,5,UNK,UNK,UNK
929,j***d,2026-01-22,全能电竞Y7000 【新】U7-255HX/RTX5060/16G 1T,第一次买联想，昨天到货，整体感觉还不错，样子都挺好的,0,该店铺购买≥2次,5,16G,1T,UNK
930,_***_,2026-01-22,全能电竞Y7000 【新】U7-255HX/RTX5060/16G 1T,包装保护的很好，外形外观超级帅画面清楚，运行流畅内存空间大,0,否,5,16G,1T,UNK
931,真性情S,2026-01-22,全能电竞Y7000 RTX5060/16核i7/2.5K屏,收到之后用了几天，电脑运行很流畅，没出现卡顿。打游戏画图都很不错，有问题找客服，也回复及时，解决也快，整体很满意。,0,该店铺购买≥2次,5,UNK,UNK,UNK
932,jd_u07uxyd880wc13,2026-01-22,全能电竞Y7000 【新】U7-255HX/RTX5060/16G 1T,颜值很高，期待期待！,0,否,5,16G,1T,UNK
933,j***y,2026-01-21,全能电竞Y7000 【新】U7-255HX/RTX5060/16G 1T,联想拯救者笔记本大品牌非常不错，值得信赖！看了半年了，终于等到了。上午下单，傍晚就收到了，物流超快！两个盒子包装的，十分完好。联想拯救者笔记本电脑的性能没得说，太棒啦！跟孩子学习专业配的，孩子爱不释手！好品牌值得信赖！,0,该店铺购买≥2次,5,16G,1T,UNK
934,jd_kdszrcczeu6qt9,2026-01-21,全能电竞R7000 RTX5060/锐龙?7 H 255/16G 512G,第一次买联想拯救者，现在新机到手非常激动，打开之后运存也很流畅，强烈推荐,1,否,5,16G,512G,UNK
935,jd_153203ihe,2026-01-21,全能电竞Y7000 RTX5060/16核i7/2.5K屏,接口基本够用，图形类，视频类软件基本够用,0,否,5,UNK,UNK,UNK
936,jd_k0zq4d1wje2s8k,2026-01-21,全能电竞Y7000 RTX5060/16核i7/2.5K屏,办公用着贼顺手，不卡壳，真省心，外观挺好看的，客服也挺耐心的整体不错,0,否,5,UNK,UNK,UNK
937,時間徘徊,2026-01-21,全能电竞Y7000 RTX5060/16核i7/2.5K屏,这款机器性能稳定 散热快不发烫 键盘使用流畅打字顺滑 机身大小重量恰到好处 方便携带,0,该店铺购买≥10次,5,UNK,UNK,UNK
938,8***z,2026-01-21,全能电竞Y7000 【新】U7-255HX/RTX5060/16G 1T,质量上乘：产品质量非常好，超出了我的预期！服务周到：客服服务态度很好，解答问题耐心细致。物流迅速：发货速度很快，包装也很结实，非常满意！性价比高：价格实惠，品质优良，性价比超高！值得信赖：多次购买，每次都满意，值得信赖的品牌！,0,该店铺购买≥10次,5,16G,1T,UNK
939,j***l,2026-01-21,全能电竞Y7000 RTX5060/16核i7/2.5K屏,??这款Y7000真的太香了！??外观设计超有质感，开盖瞬间被惊艳到?运行游戏丝滑流畅，散热也挺给力??接口丰富，外接设备毫无压力??轻巧便携，出差办公都方便??整体体验超出预期，强烈推荐????????????,0,该店铺购买≥10次,5,UNK,UNK,UNK
940,jd_139351szb,2026-01-21,全能电竞Y7000 RTX5060/16核i7/2.5K屏,此用户未填写评价内容,0,否,5,UNK,UNK,UNK
941,夏***快,2026-01-21,全能电竞Y7000 【新】U7-255HX/RTX5060/16G 1T,电脑外观好看，无损，正品保障，使用时运行很快，声音不大，很多接口，使用方便，打游戏也很流畅。,0,否,5,16G,1T,UNK
942,e***o,2026-01-21,全能电竞Y7000 【新】U7-255HX/RTX5060/16G 1T,对比了好久选的这款，开机速度快，屏幕素质很棒，散热也稳。野兽模式下玩游戏帧率很稳，平时做专业作业也完全够用。包装很扎实，配送小哥态度也很好，这次购物体验满分！,0,否,5,16G,1T,UNK
943,Airwhc,2026-01-21,全能电竞Y7000 【新】U7-255HX/RTX5060/16G 1T,颜值高，性能强，着实是不错不错不错不错不错哈,0,该店铺购买≥2次,5,16G,1T,UNK
944,5***j,2026-01-20,全能电竞Y7000 RTX5060/16核i7/2.5K屏,用着还行，各种性能都跟价格符合,0,否,5,UNK,UNK,UNK
945,j***l,2026-01-20,全能电竞Y7000 RTX5060/16核i7/2.5K屏,不错不错，从25年一直关注到26年，终于下定决心买这款电脑，运行速度快，超好,0,否,5,UNK,UNK,UNK
946,lcrFUszPEvdT,2026-01-20,全能电竞Y7000 RTX5060/16核i7/2.5K屏,大牌值得信赖，性能好，外观设计美观大方，值得推荐……,0,否,5,UNK,UNK,UNK
947,b***y,2026-01-20,全能电竞Y7000 【新】U7-255HX/RTX5060/16G 1T,才买1个月 各种死机 开不了机,0,该店铺购买≥2次,1,16G,1T,UNK
948,j***l,2026-01-20,全能电竞Y7000 RTX5060/16核i7/2.5K屏,物流很快 电脑体验很好 配置与描述一样 性能很强 多任务处理起来也很流畅 长时间使用散热也跟的上 值得入手的一款笔记本,0,该店铺购买≥10次,5,UNK,UNK,UNK
949,jd_d37r5fi23nqc4j,2026-01-20,全能电竞Y7000 【新】U7-255HX/RTX5060/16G 1T,电脑收到了  很不错  运行很快,0,否,5,16G,1T,UNK
950,7tzmrey26sv6sd,2026-01-20,全能电竞Y7000 RTX5060/16核i7/2.5K屏,这款游戏设备表现出色，运行速度快，玩游戏时十分流畅，没有丝毫卡顿。画面清晰，操作响应及时，带来了超棒的游戏体验，值得入手。,0,该店铺购买≥10次,5,UNK,UNK,UNK
951,j***0,2026-01-20,全能电竞Y7000 RTX5060/16核i7/2.5K屏,电脑外观简约大方 颜值高 键盘使用平滑舒适 防蓝光屏幕长时间用眼也不会有疲劳感 运行速度也快 很流畅,0,该店铺购买≥10次,5,UNK,UNK,UNK
952,j***d,2026-01-20,全能电竞Y7000 RTX5060/16核i7/2.5K屏,发货很快 包装的也很到位 到手包装是完整的 机器外观颜值很高 性能很棒 散热很厉害 运行流畅不卡顿 性价比高 推荐入手,0,该店铺购买≥10次,5,UNK,UNK,UNK
953,华***脚,2026-01-20,全能电竞Y7000 【新】U7-255HX/RTX5060/16G 1T,包装保护：好，包装完整没磕碰。外形外观：不错，没有划痕。画面品质：还可以，清晰。跑分评测：不知道怎么测评，没有测。运行速度：还行。游戏效果：没有玩游戏，日常使用的多点。,0,该店铺购买≥2次,4,16G,1T,UNK
954,张***a,2026-01-20,全能电竞Y7000 【新】U7-255HX/RTX5060/16G 1T,电脑外观简约大方，性能强劲，使用起来很好上手。电脑屏幕非常清晰，色彩鲜艳，电脑键盘手感非常好，而且按键反应灵敏，电脑音响效果非常出色，声音清晰，音量大，很好的购物体验。,0,该店铺购买≥2次,5,16G,1T,UNK
955,6o4cw3o76yzok1,2026-01-20,全能电竞Y7000 RTX5060/16核i7/2.5K屏,真的很喜欢，完全超出期望值，发货速度非常快，包装非常仔细、严实，运送速度很快，很满意的一次购物这质量真是太意外了，实物美美哒，触感很好，很推荐哦~,0,该店铺购买≥2次,5,UNK,UNK,UNK
956,jd_4da9302f7acd4,2026-01-20,全能电竞Y7000 RTX5060/16核i7/2.5K屏,20的7000换7000感觉更轻薄了，质感一如既往的好。出差玩游戏必备神器。非常棒,0,该店铺购买≥2次,5,UNK,UNK,UNK
957,枫林厄运,2026-01-20,全能电竞Y7000 RTX5060/16核i7/2.5K屏,散热快，灯光效果炫酷，外接很方便，硬盘好升级，玩游戏很流畅，而且长时间使用并不是很烫，接口足够，图形处理很强，运行速度很快，质量没得说，跟专卖店一样，特别特别喜欢，而且价格优惠包装非常结实，东西保护得很好，值得好评,0,否,5,UNK,UNK,UNK
958,txos9an9n31pa3,2026-01-20,全能电竞Y7000 【新】U7-255HX/RTX5060/16G 1T,物流速度快 服务热情回复速度快 品牌值得信赖 支持,1,否,5,16G,1T,UNK
959,里奥纳多messi,2026-01-20,全能电竞Y7000 【新】U7-255HX/RTX5060/16G 1T,拯救者里面挑了很久最终选了这款，机器够轻，小巧方便携带，对于移动办公?游戏的人来说，反正要外接显示器，15.3再适合不过了，255很安静，总之正合我意，很好！！！,0,该店铺购买≥2次,5,16G,1T,UNK
960,j***x,2026-01-20,全能电竞Y7000 RTX5060/16核i7/2.5K屏,拯救者名不虚传，妥妥的六边形战士。包装保护：保护到位，两层箱子。外形外观：黑色外观非常酷炫。 画面品质：240刷新率丝滑无比。 运行速度：自带Win11系统，响应飞快。游戏效果：5060显卡，通吃绝大部分游戏。,0,该店铺购买≥2次,5,UNK,UNK,UNK
961,嘉平十二12,2026-01-20,全能电竞Y7000 RTX5060/16核i7/2.5K屏,这台笔记本真的太香了！运行飞快，散热也超给力，接口丰富外接超方便。2.2公斤轻巧便携，比其他游戏本轻多了，给娃学习用正合适。颜值在线，黑色机身质感满满，桌面一放就是焦点！强烈推荐！,0,否,5,UNK,UNK,UNK
962,6d1zp1y05u3949,2026-01-19,全能电竞Y7000 【新】U7-255HX/RTX5060/16G 1T,电脑品质好，外观漂亮，大方得体有内涵，性价比高，快递及时。,0,该店铺购买≥2次,5,16G,1T,UNK
963,钜***响,2026-01-19,全能电竞Y7000 【新】U7-255HX/RTX5060/16G 1T,好,0,该店铺购买≥2次,5,16G,1T,UNK
964,jd_187807pzj,2026-01-19,全能电竞Y7000 RTX5060/16核i7/2.5K屏,联想拯救者Y7000太香了！机身硬朗有质感，性能拉满不卡顿，玩3A大作流畅稳帧，办公剪视频也丝滑。霜刃散热超给力，长时间用不烫手，屏幕清晰色彩准，接口齐全便携性也在线，性价比拉满，学生党和游戏党闭眼冲不亏！,0,否,5,UNK,UNK,UNK
965,jd_7z83pheazio2o2,2026-01-19,全能电竞Y7000 RTX5060/16核i7/2.5K屏,包装保护：保护的很好，两个盒子，里面还有缓冲泡沫,0,否,5,UNK,UNK,UNK
966,AT庄,2026-01-19,全能电竞Y7000 RTX5060/16核i7/2.5K屏,系统运行非常丝滑，外观很在线，屏幕显示特别清晰，各种游戏都能玩，办公日用全能！,0,否,5,UNK,UNK,UNK
967,新姐Miss,2026-01-19,全能电竞Y7000 RTX5060/16核i7/2.5K屏,??这台机器快得像我追剧时的Wi-Fi，根本停不下来！??散热稳如老干部喝茶，长时间用也不“发烧”！???灯光效果绝了，堪比演唱会打光，深夜加班秒变舞台！?实拍图都懒得发，因为颜值直接封神！??配送小哥比我的外卖还准时，服务贴心到想给他点个赞！????,0,该店铺购买≥2次,5,UNK,UNK,UNK
968,磨***走,2026-01-19,全能电竞Y7000 RTX5060/16核i7/2.5K屏,??这款硬盘升级体验超棒！??接口丰富，连接稳定，数据传输飞快??。??快递包装严实，物流速度也给力??。??配送员服务贴心，全程无压力～??真心推荐！????,0,否,5,UNK,UNK,UNK
969,j***c,2026-01-19,全能电竞Y7000 【新】U7-255HX/RTX5060/16G 1T,这个是真的好，材料和做工都特别精致，做工真的非常棒，我觉着我可以推荐给我朋友买,0,该店铺购买≥2次,5,16G,1T,UNK
970,j***c,2026-01-19,全能电竞Y7000 【新】U7-255HX/RTX5060/16G 1T,品质一级棒，包装也不错，物流很快，而且价格合理，很实惠，很喜欢,0,该店铺购买≥2次,5,16G,1T,UNK
971,j***t,2026-01-19,全能电竞Y7000 【新】U7-255HX/RTX5060/16G 1T,质量优秀，价格划算。物流快速，商家服务良好，售后响应快！,0,否,5,16G,1T,UNK
972,沉***鱼,2026-01-19,全能电竞Y7000 RTX5060/16核i7/2.5K屏,还得是联想啊，用着真不错，这品质越来越好了，玩着还不错，有同学买电脑还会推荐，非常不错的一款机器，等毕业选购还会考虑联想。,0,该店铺购买≥10次,5,UNK,UNK,UNK
973,u***s,2026-01-19,全能电竞Y7000 【新】U7-255HX/RTX5060/16G 1T,发货速度很快，东西包装的很好，价格优惠，我很满意??，值得推荐,0,该店铺购买≥2次,5,16G,1T,UNK
974,9aua3kxojkfr46,2026-01-19,全能电竞Y7000 【新】U7-255HX/RTX5060/16G 1T,打游戏非常爽，性价比也比较高，现在要过布价格比较优惠，整体的质感是不错的。本来是用来打英雄联盟的效果杠杠的刷新率，达??到240 左右,0,该店铺购买≥2次,5,16G,1T,UNK
975,轻奢之韵,2026-01-18,全能电竞Y7000 【新】U7-255HX/RTX5060/16G 1T,性能稳定高效，一机搞定超省心运行流畅不卡顿，数据分析作图超给力续航持久散热好，数据处理全靠它,0,否,5,16G,1T,UNK
976,汪***6,2026-01-18,全能电竞Y7000 RTX5060/16核i7/2.5K屏,电脑非常流畅，性价比高，买到就是赚到，高频率的刷新界面和优秀的系统，让人眼前一亮。,0,该店铺购买≥2次,5,UNK,UNK,UNK
977,jd_p5kcxqrikpuu7g,2026-01-18,全能电竞Y7000 RTX5060/16核i7/2.5K屏,这款性价比挺高的，键盘区域也有进风设计，长时间使用也不会烫,0,否,5,UNK,UNK,UNK
978,m2r1e0sn8q8rje,2026-01-18,全能电竞Y7000 【新】U7-255HX/RTX5060/16G 1T,看了很多笔记本电脑，最后还是选了联想拯救者y7000，ultra7Cpu，5060独显，性能杠杠的，希望好用，哈哈哈！！！,0,否,5,16G,1T,UNK
979,-***o,2026-01-18,全能电竞Y7000 RTX5060/16核i7/2.5K屏,运行速度流程，物流速度快运行效果好。外形帅气,0,该店铺购买≥2次,5,UNK,UNK,UNK
980,j***1,2026-01-18,全能电竞Y7000 RTX5060/16核i7/2.5K屏,联想品牌电脑，性价比不错。屏幕清晰，系统流畅。,0,否,5,UNK,UNK,UNK
981,6g95bn9dz1kbme,2026-01-18,全能电竞Y7000 【新】U7-255HX/RTX5060/16G 1T,其实具体使用下来其实还行，再开野兽模式的时候声音还是可以接受的，而且散热也挺快,0,否,5,16G,1T,UNK
982,今天爱俊凯没,2026-01-18,全能电竞Y7000 【新】U7-255HX/RTX5060/16G 1T,这款产品性能超赞，图形处理流畅，灯光效果炫酷！长时间使用也不发热，游戏体验非常棒????? 客服响应快，物流迅速，包装完好?????? ！！,0,否,4,16G,1T,UNK
983,viete_Y,2026-01-18,全能电竞Y7000 【新】U7-255HX/RTX5060/16G 1T,电脑配合国补性价比不错，屏幕清晰色彩明亮。电脑运行很流畅，玩游戏风扇声音挺小的，体验不错。,0,该店铺购买≥2次,5,16G,1T,UNK
984,j***d,2026-01-18,全能电竞Y7000 RTX5060/16核i7/2.5K屏,收到货了，感觉还不错，挺好的，希望可以用久一点，目前没啥问题体验过感挺好的,0,否,5,UNK,UNK,UNK
985,趙***隊,2026-01-18,全能电竞Y7000 【新】U7-255HX/RTX5060/16G 1T,商品质量上乘，物流迅速，整体购物体验非常满意。下次还会继续光顾。,0,该店铺购买≥2次,5,16G,1T,UNK
986,jd_894868337,2026-01-18,全能电竞Y7000 RTX5060/16核i7/2.5K屏,速度快，外包装无破损，当天下单当天到，物流速度一流,0,该店铺购买≥2次,5,UNK,UNK,UNK
987,0s61b0tua4bfla,2026-01-18,全能电竞Y7000 【新】U7-255HX/RTX5060/16G 1T,包装保护：包装保护物非常的到位，纸皮箱都非常的硬，包括整体包住，电脑的盒子啊，软包啊都很厚实画面品质：品质没得说的，联想的一般都是现在最主流的手提电脑外形外观：外观好像没有特别大的亮点，但材质来说感觉还是挺好的，没有太重的塑料感运行速度：新买的电脑问题不大，就是可能只是16G的，所以运行软件多了还是有点卡的，特别是剪视频的时候,0,该店铺购买≥2次,5,16G,1T,UNK
988,jd哲哲212,2026-01-18,全能电竞Y7000 RTX5060/16核i7/2.5K屏,拯救者Y7000搭载i7-14650HX+RTX5060满血显卡，16G内存搭配512G高速固态，3A大作2.5K高画质下帧率稳定75+，霜刃散热5.0让长时间激战也不烫手。双显三模切换灵活，办公时续航够用，游戏时火力全开，接口齐全还支持后期升级，学生党和玩家闭眼冲！,0,否,5,UNK,UNK,UNK
989,jd_157605eqn,2026-01-18,全能电竞Y7000 【新】U7-255HX/RTX5060/16G 1T,喜欢，爱了爱了，包装很好，快递也服务好，什么都好,0,否,5,16G,1T,UNK
990,j***7,2026-01-18,全能电竞Y7000 RTX5060/16核i7/2.5K屏,包装保护：包装很好，超级棒棒糖外形外观：颜色新颖超级棒棒糖画面品质：非常清新，画质特别舒服跑分评测：运行特别快，不卡，速度快的超级棒运行速度：非常快游戏效果：打游戏运行特别舒服，谢谢亲爱哒,0,该店铺购买≥10次,5,UNK,UNK,UNK
991,jd_qpe28zdcq6axi8,2026-01-18,全能电竞Y7000 【新】U7-255HX/RTX5060/16G 1T,打游戏非常的顺畅，画面的流畅度非常好，办公也十分方便，很满意的一款机器,0,否,5,16G,1T,UNK
992,A***p,2026-01-18,全能电竞Y7000 【新】U7-255HX/RTX5060/16G 1T,收到货第一天，还没进入windows桌面，刚连上网，发现屏幕尺寸看着别扭，查了原来是15.3寸。我之前的是16寸，很不习惯。于是我收到货的当天，找联想客服申请7天无理由退货。结果客服说联网了，就激活了，不给退。再找了京东plus专属客服协调，还是不给退。简直是霸王条款，电脑桌面没进一次，联网了就说激活不给退，我又不是恶意退款，我准备退了Y7000，买Y7000P。简直恶心人，在京东消费者正当权益都得不到保障，京东plus也不续费了。,0,该店铺购买≥2次,1,16G,1T,UNK
993,j***R,2026-01-18,全能电竞Y7000 【新】U7-255HX/RTX5060/16G 1T,这款电脑给孩子上学用的，孩子很喜欢，运行速度很快，很流畅，玩游戏，画图效果都很好，很满意,0,该店铺购买≥2次,5,16G,1T,UNK
994,jdw18609,2026-01-18,全能电竞Y7000 RTX5060/16核i7/2.5K屏,拯救者Y7000太香了！ RTX 显卡＋高刷屏，3A游戏满帧流畅，霜刃散热压得住温度。外观低调能办公，接口还全，游戏办公两不误。,0,该店铺购买≥2次,5,UNK,UNK,UNK
995,jd_136061nlc,2026-01-18,全能电竞R7000 RTX5060/锐龙?7 H 255/16G 512G,真的太好了。儿子很喜欢。比以前老本好今多。快递也很快。玩游戏真流畅！图形处理也很强！,0,否,5,16G,512G,UNK
996,u***n,2026-01-18,全能电竞Y7000 RTX5060/16核i7/2.5K屏,很炫酷，现在组装机都涨价，买一台笔记本相当划算！期待性能,0,该店铺购买≥2次,5,UNK,UNK,UNK
997,Leihends,2026-01-17,全能电竞Y7000 【新】U7-255HX/RTX5060/16G 1T,电脑质感看着很不错，特别是灯光，然后这个配置也刚好够我使用了，叠加上国补真的好便宜好便宜，联想是大牌子，值得信赖。,0,否,5,16G,1T,UNK
998,84clwsxyjv48k1,2026-01-17,全能电竞Y7000 RTX5060/16核i7/2.5K屏,这台联想电脑真是惊艳到我了！外观设计时尚大气，性能也很强大。运行速度快如闪电，让我在工作中事半功倍??。而且它的续航能力超强，出门在外再也不用担心没电啦~总之就是物超所值啊,0,否,5,UNK,UNK,UNK
999,jd_314169964,2026-01-17,全能电竞Y7000 【新】U7-255HX/RTX5060/16G 1T,到货速度很快是正品。,0,否,5,16G,1T,UNK
1000,j***b,2026-01-17,全能电竞Y7000 【新】U7-255HX/RTX5060/16G 1T,电脑很快收到了，黑色机身质感超绝，开机速度快，外接方便，大学生使用，游戏追剧不卡顿，屏幕色彩丰富，键盘手感舒服，续航也好，客服有问必答，京东快递服务也好，满意的一次购物,0,否,5,16G,1T,UNK
1001,李_123,2026-01-17,全能电竞Y7000 RTX5060/16核i7/2.5K屏,画面品质：高清外形外观：靓包装保护：好,0,该店铺购买≥2次,5,UNK,UNK,UNK
1002,Wu平常心,2026-01-17,全能电竞Y7000 RTX5060/16核i7/2.5K屏,没用过笔记本电脑第一次用这玩意真方便呐，能拿走，这玩意真不错。,0,否,5,UNK,UNK,UNK
1003,liulei0202,2026-01-17,全能电竞Y7000 RTX5060/16核i7/2.5K屏,使用了一个下午，还不错，速度快，噪音小，外观设计也很好看，游戏设计两不误，是款值得推荐的笔记本电脑。,0,该店铺购买≥2次,5,UNK,UNK,UNK
1004,a***j,2026-01-17,全能电竞Y7000 【新】U7-255HX/RTX5060/16G 1T,基于我对联想Y7000笔记本电脑的了解，这是一款高性能游戏本，适合追求流畅体验的用户。其亮点包括强劲的处理器和显卡组合，能轻松运行大型游戏和创意软件；散热系统设计出色，长时间使用也能保持稳定；外观时尚，键盘手感舒适。缺点在于机身较重（约2.5kg），便携性稍差，且电池续航一般（日常使用约4-5小时）。总体性价比高，推,0,该店铺购买≥2次,5,16G,1T,UNK
1005,Wanaann,2026-01-17,全能电竞Y7000 【新】U7-255HX/RTX5060/16G 1T,第二次购买拯救者，第一台R7000用了5年，联想的品质还是很棒的，这次依然选择联想拯救者。,0,该店铺购买≥2次,5,16G,1T,UNK
1006,jd_80c08m0kb3sej8,2026-01-17,全能电竞Y7000 RTX5060/16核i7/2.5K屏,很好，演了半天机，正常,0,该店铺购买≥2次,5,UNK,UNK,UNK
1007,0t2638zkzsy4mf,2026-01-17,全能电竞Y7000 RTX5060/16核i7/2.5K屏,就都挺好的，虽然外壳很容易有指纹，但是手感啥的都挺好的，材质触碰挺舒服的，挺安静的，大小也合适,0,否,5,UNK,UNK,UNK
1008,6***6,2026-01-17,全能电竞Y7000 【新】U7-255HX/RTX5060/16G 1T,设备全新，包装完好，与店铺展示笔记本一模一样。良心商家，极力推荐。,0,否,5,16G,1T,UNK
1009,y***0,2026-01-17,全能电竞Y7000 RTX5060/16核i7/2.5K屏,电脑外观简约大方，性能强劲，使用起来很用后手，电脑屏幕非常清晰，色彩鲜艳，电脑键盘手感非常好，而且按键反应灵敏.电脑音响效果非常出色，声音清晰，音量大，很好的购物体验,0,否,5,UNK,UNK,UNK
1010,jd_hbELsNiFLBsJ,2026-01-17,全能电竞Y7000 【新】U7-255HX/RTX5060/16G 1T,买来画图的运行顺畅，小键盘用起来顺手，散热不错期待后期使用稳定。,0,该店铺购买≥2次,5,16G,1T,UNK
1011,278248101,2026-01-17,全能电竞Y7000 RTX5060/16核i7/2.5K屏,从小新锐7000到拯救者Y7000，一无既往的好用，多开毫无压力，特效拉满。,0,否,5,UNK,UNK,UNK
1012,j***g,2026-01-17,全能电竞Y7000 RTX5060/16核i7/2.5K屏,电脑还可以，只是这国补降价也太快了吧，我前几天刚买的，这就降了400左右，你这让我很难堪啊??,0,否,5,UNK,UNK,UNK
1013,4ms22rm96twi32,2026-01-16,全能电竞Y7000 【新】U7-255HX/RTX5060/16G 1T,还可以，第一台笔记本电脑,0,否,5,16G,1T,UNK
1014,jd_155379exz,2026-01-16,全能电竞Y7000 RTX5060/16核i7/2.5K屏,同价位闭眼入的全能王！14代酷睿HX处理器+140W满血RTX 5060显卡，切换安静模式办公几乎听不到风扇噪音；DC调光护眼不疲劳，1.5mm键程键盘回弹有力，全键无冲打游戏超跟手。接口丰富不用带转接头，双M.2插槽+内存插槽支持后期升级，一线品牌全国联保售后有保障，学生党、游戏党、办公族一机全搞定。,0,该店铺购买≥2次,5,UNK,UNK,UNK
1015,非***生,2026-01-16,全能电竞Y7000 【新】U7-255HX/RTX5060/16G 1T,在网上挑了一段时间，感觉这个电脑还可以收到售后用了一段时间，用着还可以打三角洲还比较流畅。商品品质非常有保障，使用过程中没有出现过任何问题，非常满意。,0,该店铺购买≥2次,5,16G,1T,UNK
1016,jd_135213lxjo,2026-01-16,全能电竞Y7000 【新】U7-255HX/RTX5060/16G 1T,买回来几天了，一直没拆，今天有时间拆开看看如何,0,否,5,16G,1T,UNK
1017,嘉***5,2026-01-16,全能电竞Y7000 【新】U7-255HX/RTX5060/16G 1T,键盘触感舒服，屏幕观感优秀，外观质感不错,0,该店铺购买≥2次,5,16G,1T,UNK
1018,w***2,2026-01-16,全能电竞Y7000 【新】U7-255HX/RTX5060/16G 1T,1.?性能能打：U7+RTX5060，3A游戏高画质流畅，办公多开无压力；?2.?散热给力：四出风口设计，高负载不发烫，风扇噪音克制；?3.?屏幕舒服：2.5K 180Hz高刷屏，色彩准、无拖影，护眼DC调光；?4.?接口齐全：HDMI/USB-A/C/网线口都有，拓展无压力；?5.?性价比高：这个配置这个价，同价位没对手，京东还能领补贴。,0,该店铺购买≥2次,5,16G,1T,UNK
1019,Say---yes,2026-01-16,全能电竞Y7000 【新】U7-255HX/RTX5060/16G 1T,配件：接口丰富拓展性强，充电器做工精细，双硬盘位加装方便，散热系统出色，键盘手感舒适 颜色：颜色大气，很高级，很正很好看，配色耐脏 性能：性能强劲流畅，散热系统优秀，24核心处理器性能顶，双烤下CPU/GPU 温度稳定，运行大型游戏无压力 显示效果：屏幕色彩鲜艳真，分辨率高，高刷屏无拖影，显示细腻，护眼不伤眼。京东快递送货上门，一天就到了，很快。,0,否,5,16G,1T,UNK
1020,j***s,2026-01-15,全能电竞Y7000 RTX5060/16核i7/2.5K屏,性能很好,0,否,5,UNK,UNK,UNK
1021,j***c,2026-01-15,全能电竞Y7000 【新】U7-255HX/RTX5060/16G 1T,1包装保护：包装保护很不错，来的时候是运输模式1外形外观：很大气，喜欢1运行速度：运行速度很快，效果不错灯光效果很酷，长时间使用轻微有点热，画面品质也不错，喜欢，正好碰上国补价格也给力,0,否,5,16G,1T,UNK
1022,jd_5n1627n62t8vq5,2026-01-15,全能电竞Y7000 RTX5060/16核i7/2.5K屏,美美拥有！！发货和物流都超级快！前一天晚上下单第二天早上就发了顺丰快递！验机也没有任何问题～外观非常漂亮使用起来也丝滑流畅,0,该店铺购买≥2次,5,UNK,UNK,UNK
1023,YF石头爱生活,2026-01-15,全能电竞Y7000 【新】U7-255HX/RTX5060/16G 1T,非常好的笔记本 非常喜欢 性价比非常高。,0,该店铺购买≥2次,5,16G,1T,UNK
1024,jd_MgWPASTFVEca,2026-01-15,全能电竞Y7000 【新】U7-255HX/RTX5060/16G 1T,新买电脑一个月，今天突然开会没带电源会议还没开完电脑先没电了，办公一个小时不到这还只是均衡模式，什么垃圾电池。客服一开始说办公3-5个小时，看我说我这一个小时不到就没电，就改口说没有数据说明，简直可笑,1,该店铺购买≥2次,1,16G,1T,UNK
1025,其实我一直都在1204,2026-01-15,全能电竞Y7000 【新】U7-255HX/RTX5060/16G 1T,游戏体验超爽，画质超高清，色彩也鲜艳，散热也很棒，总之很满意，值得购买，性价比超高！,0,该店铺购买≥2次,5,16G,1T,UNK
1026,jd_geJhKNKlOgfX,2026-01-15,全能电竞Y7000 【新】U7-255HX/RTX5060/16G 1T,包装保护：非常结实 一点都没有坏外形外观：非常的好 很年轻时尚画面品质：高刷新 打游戏非常好跑分评测：跑了一个高分 非常好的电脑 值得买,0,该店铺购买≥2次,5,16G,1T,UNK
1027,珠***粤,2026-01-15,全能电竞Y7000 【新】U7-255HX/RTX5060/16G 1T,非常好，拿起来很轻便，使用非常流畅，外观特别大气，包装特别严密，观感特别好，使用起来也非常棒，非常推荐大家购买,0,该店铺购买≥2次,5,16G,1T,UNK
1028,珠***粤,2026-01-15,全能电竞Y7000 【新】U7-255HX/RTX5060/16G 1T,键盘手感一绝，长时间打字不累，敲击声音好听。触摸板精准，响应迅速，操作流畅。画面品质高分辨率显示屏，画面细腻清晰。玩游戏视觉体验极佳。,1,该店铺购买≥2次,5,16G,1T,UNK
1029,珠***粤,2026-01-15,全能电竞Y7000 【新】U7-255HX/RTX5060/16G 1T,电脑外观简约大方，性能强劲，使用起来很顺手用后电脑屏幕非常清晰，色彩鲜艳，电脑键盘手感非常好，而且按键反应灵敏.电脑音响效果非常出色， 声音清晰，音量大，很好的购物体验.,0,该店铺购买≥2次,5,16G,1T,UNK
1030,和煦阳光18,2026-01-15,全能电竞Y7000 【新】U7-255HX/RTX5060/16G 1T,窄屏设计挺好的，屏幕大。还有小键盘使用非常方便，运行速度流畅，非常好。,0,该店铺购买≥2次,5,16G,1T,UNK
1031,jd_138108uzk,2026-01-15,全能电竞Y7000 【新】U7-255HX/RTX5060/16G 1T,电脑朋友推荐，京东物流很快，到货包装严实没有破损，外观漂亮，本子轻薄不沉，电源线有点沉，开机运行速度很快，安装流程清晰按步操作即可。,0,否,5,16G,1T,UNK
1032,jd_13v0icgd18lx9h,2026-01-15,全能电竞Y7000 RTX5060/16核i7/2.5K屏,用了有一段时间了，整体重量轻，散热好，屏幕细腻，性能也够用，颜值也很高，大品牌值得信赖！,0,该店铺购买≥2次,5,UNK,UNK,UNK
1033,j***f,2026-01-15,全能电竞Y7000 【新】U7-255HX/RTX5060/16G 1T,整体表现稳扎稳打，属于“买了不踩雷”的类型。屏幕显色清晰，看网课、查专业资料不累眼，键盘手感也舒服，长时间写代码、做课程报告不会觉得手酸。接口配置比较齐全，连接实验室的仪器设备不用额外带拓展坞，这点对工科生太友好了。性能绝对够用，日常学习、轻度娱乐都能满足，学生党可以闭眼冲。,0,否,5,16G,1T,UNK
1034,顺顺爸比妈咪,2026-01-15,全能电竞Y7000 【新】U7-255HX/RTX5060/16G 1T,心心念念的拯救者终于到家了，还是那么漂亮，性能没话说,0,该店铺购买≥2次,5,16G,1T,UNK
1035,jd_185321soc,2026-01-14,全能电竞Y7000 【新】U7-255HX/RTX5060/16G 1T,联想Y7000到货超满意!机身简约大气，线条利落使用后质感扎实耐看，键盘键程适中，敲击手感舒服，打字顺手。开机秒进系统，运行流畅不卡顿，多任务切换丝滑，响应速度超快，体验感拉满,0,否,5,16G,1T,UNK
1036,a***8,2026-01-14,全能电竞Y7000 【新】U7-255HX/RTX5060/16G 1T,能强悍，2.5K高刷屏+强散热适配游戏与创作，仅机身偏重、高负载有轻微噪音，性散热扎实、性能释放足，游戏办公都能打，就是机身略厚重，便携性一般，值得入手。价比尚可。,0,该店铺购买≥2次,5,16G,1T,UNK
1037,a***8,2026-01-14,全能电竞Y7000 【新】U7-255HX/RTX5060/16G 1T,性能强悍，2.5K高刷屏+强散热适配游戏与创作，仅机身偏重、高负载有轻微噪音，性价比尚可。,0,该店铺购买≥2次,5,16G,1T,UNK
1038,黄***灵,2025-11-14,全能电竞Y7000 【新】U7-255HX/RTX5060/16G 1T,买电脑就选京东，服务真的好，速度又快，拯救者y7000电脑颜值超高，开机速度快，画质清晰，运行速度快，爱我所爱,0,该店铺购买≥10次,5,16G,1T,UNK
1039,无敌牛儿,2025-11-02,全能电竞Y7000 RTX5060/16核i7/2.5K屏,美观大方，使用便捷，强大的配置使用起来速度飞快，推荐选择??????,0,否,5,UNK,UNK,UNK
1040,muerduo,2025-12-13,全能电竞Y7000 【新】U7-255HX/RTX5060/16G 1T,外观挺简洁，运行速度快，画质也很清晰，整体可以。,0,该店铺购买≥2次,4,16G,1T,UNK
1041,jd_bUfXiLbCNHnb,2025-11-18,全能电竞Y7000 RTX5060/16核i7/2.5K屏,这款拯救者外观好看，开机速度快，就是价格能再优惠一些就好了,0,该店铺购买≥2次,5,UNK,UNK,UNK
1042,o***哈,2025-10-17,全能电竞Y7000 RTX5060/16核i7/2.5K屏,第一次买联想的电脑还不知道机器怎么样正好有补贴就直接下单了买来用,0,否,5,UNK,UNK,UNK
1043,Wu平常心,2026-01-17,全能电竞Y7000 RTX5060/16核i7/2.5K屏,没用过笔记本电脑第一次用这玩意真方便呐，能拿走，这玩意真不错。,0,否,5,UNK,UNK,UNK
1044,__杨杨___,2025-12-12,全能电竞Y7000 【新】U7-255HX/RTX5060/16G 1T,性能杠杠的，运行大型软件也完全没问题，而且声音很轻，安静又舒适。,0,该店铺购买≥2次,5,16G,1T,UNK
1045,j***m,2025-10-15,全能电竞R7000 RTX5050/锐龙?7 H 255/16G 512G,买电脑认准大品牌没问题，孩子超级喜欢，值得信赖,0,否,5,16G,512G,UNK
1046,jd_7r2dnox72o2hzm,2025-11-19,全能电竞Y7000 【新】U7-255HX/RTX5060/16G 1T,非常的丝滑，运行速度也挺快的。外形外观：非常好看包装保护：包装的很严实,0,该店铺购买≥2次,5,16G,1T,UNK
1047,烛残一未觉,2025-10-22,全能电竞Y7000 【新】U7-255HX/RTX5060/16G 1T,为什么只有黑色的呢？出点女生版的，刚到手，试过后追评，好坏看追评吧,0,否,5,16G,1T,UNK
1048,zhuxintao0,2025-12-17,全能电竞Y7000 【新】U7-255HX/RTX5060/16G 1T,价格比较便宜，送货及时，响应比较！,0,否,5,16G,1T,UNK
1049,t***p,2025-10-24,全能电竞Y7000 RTX5060/16核i7/2.5K屏,外形外观：高端大气上档次，爱了爱了，这个造型，没有男生不喜欢运行速度：没得说，丝滑 哈哈哈，买回来修图用的，很实用。,0,否,5,UNK,UNK,UNK
1050,jd_130803izj,2025-12-01,全能电竞Y7000 RTX5060/16核i7/2.5K屏,和描述的一模一样，款式简单大方，运行流畅，画面清晰，打游戏一点也不卡，是我喜欢的，我的选择没有错，喜欢的赶紧下单吧，超赞的,0,否,5,UNK,UNK,UNK
1051,j***0,2025-12-12,全能电竞Y7000 【新】U7-255HX/RTX5060/16G 1T,质感很好，运行很快。颜值也非常高，强烈推荐的一款游戏本,0,否,5,16G,1T,UNK
1052,jd_63j9tjgm59x2wb,2025-11-28,全能电竞Y7000 【新】U7-255HX/RTX5060/16G 1T,电脑特别好，特别灵活，一点也不卡，国补价格也特别实惠，好评,0,否,5,16G,1T,UNK
1053,46921khs3y3u7t,2025-11-11,全能电竞Y7000 【新】U7-255HX/RTX5060/16G 1T,散热很好，也没有其他游戏本那么吵，尺寸也相对较小方便携带,0,否,5,16G,1T,UNK
1054,赵佳奇99,2025-12-26,全能电竞Y7000 【新】U7-255HX/RTX5060/16G 1T,颜值使用没得说，强??,0,否,5,16G,1T,UNK
1055,wenyu8812,2025-11-07,全能电竞Y7000 【新】U7-255HX/RTX5060/16G 1T,给孩子买的，好高级的样子,0,否,5,16G,1T,UNK
1056,jd_135521bkk,2025-10-28,全能电竞Y7000 RTX5060/16核i7/2.5K屏,联想拯救者笔记本电脑收到了，京东快递员服务特别好，耐心的给当面验机。支持联想，跟京东。,0,该店铺购买≥2次,5,UNK,UNK,UNK
1057,u_pt7qwd5vxqt9,2025-10-29,全能电竞Y7000 【新】U7-255HX/RTX5060/16G 1T,货已收到速度2天就到家了,0,否,5,16G,1T,UNK
1058,g0710jyyf9u5uo,2025-12-07,全能电竞Y7000 【新】U7-255HX/RTX5060/16G 1T,15.4寸屏幕跟我原来16寸屏幕相比只是小了一点点，并不碍事。联想不愧是大品牌，这做工这质感的确不错。屏幕能开合180°，我竖放着来使用，节省桌面的空间。用测试软件测试了一下机器的参数符合新机的标准。接下来就看后续使用了，应该能安全下车。,0,否,5,16G,1T,UNK
1059,jd_136674cpmp,2025-11-01,全能电竞Y7000 【新】U7-255HX/RTX5060/16G 1T,外形外观：外观纯黑，上面的盖是金属质感，下面的是合成材料画面品质：画面这一块没得说了，可惜屏幕不能贴膜，不知道耐脏效果怎么样运行速度：运行速度什么的网上都有，简单的拍了几个系统硬件信息，你们自己看吧希望后面售后能跟的上，总体来说这物流速度没得说了，远超预期,0,否,5,16G,1T,UNK
1060,jd_132461pai,2025-12-24,全能电竞Y7000 【新】U7-255HX/RTX5060/16G 1T,拯救者Y7000高静版最惊艳的莫过于“性能不打折，静音超给力”的核心体验。搭载酷睿Ultra7 255HX处理器与满功耗RTX 5060显卡，《赛博朋克2077》2.5K分辨率+光追开启后帧率稳定60+，《CS2》平均帧更是冲到256fps，1% Low帧表现亮眼，画面无卡顿拖沓感。而真正颠覆传统游戏本的是其静音控制——野兽模式下噪音仅41-45dB，堪比图书馆环境音，深夜激战也不会吵醒家人或室友，彻底告别“吹风机式”噪音困,0,否,5,16G,1T,UNK
1061,口可_呵呵,2025-11-05,全能电竞Y7000 【新】U7-255HX/RTX5060/16G 1T,从纠结到惊艳！拯救者Y7000上手一周真实体验纠结了半个月，在好几款游戏本里反复横跳，最终还是被拯救者Y7000的“硬核颜值”和口碑说服——现在看来，这个决定简直太对了！拆开快递的瞬间就被惊喜到，磨砂金属A面的“大Y”logo不晃眼却超有辨识度，机身比想象中轻薄，单手拎着去图书馆也不费劲，完全没有传统游戏本的“笨重感”。开机速度快到离谱，10秒左右就进入桌面，预装的系统干净得很，没有一堆乱,0,该店铺购买≥2次,5,16G,1T,UNK
1062,Lstik,2025-10-17,全能电竞Y7000 RTX5060/16核i7/2.5K屏,包装的很好，很用心，然后跑了一下鲁大师，评分相当高，性能相当猛，非常满意，拯救者永远的神,0,否,5,UNK,UNK,UNK
1063,s***a,2025-10-20,全能电竞Y7000 RTX5060/16核i7/2.5K屏,新电脑颜值在线，运行流畅不卡顿，价格贴合预算，官方渠道入手靠谱，日常办公娱乐都超给力！,0,否,5,UNK,UNK,UNK
1064,电器砖家007,2025-12-09,全能电竞Y7000 【新】U7-255HX/RTX5060/16G 1T,收到的新电脑，顺丰快递很快，第二天就收到了。首选拯救者Y7000 15代，1T，学习、娱乐二不误。处理器Ultra7 255HX，显卡RTX5060，实力满满。显示器色彩非常满意，赠送正版的office办公软件。内存够用了，如果作业感觉慢的话以后还能扩展成32G。重要的是。国补价格很香，没想到6900多元能拿下255Hx和5060显卡的。,0,该店铺购买≥2次,5,16G,1T,UNK
1065,u_9lsjju8sj4s4,2025-10-27,全能电竞Y7000 RTX5060/16核i7/2.5K屏,电脑用了一段时间才来的评价，运行流畅，颜值高，京东自营店值得信赖，好评！,0,该店铺购买≥2次,5,UNK,UNK,UNK
1066,5***9,2025-10-18,全能电竞Y7000 RTX5060/16核i7/2.5K屏,外形外观：电脑黑色很帅气画面品质：很高，使用流畅运行速度：运行速度很快,0,该店铺购买≥2次,5,UNK,UNK,UNK
1067,再***包,2025-10-29,全能电竞Y7000 RTX5060/16核i7/2.5K屏,物流很快速，到货没发现瑕疵，目前一切正常，五星好评(っ???)??,0,该店铺购买≥2次,5,UNK,UNK,UNK
1068,aju6mzc8p23gb5,2026-01-26,全能电竞Y7000 【新】U7-255HX/RTX5060/16G 1T,品控在线，双烤CPU稳得很，肤感机身手感绝佳，尺寸合心意，比螺丝松动的Thinkbook16P靠谱多了；唯一不足是螃蟹网卡+镁光颗粒。,0,否,5,16G,1T,UNK
1069,大***7,2025-12-06,全能电竞Y7000 【新】U7-255HX/RTX5060/16G 1T,性能强劲，外观也很稳重，适合工作和学习使用，ULTRA 255处理器具备智能调控能力，也是生产力的一部分，显卡能力突出，一般任务和游戏没有问题，期待使用之后的感受,0,否,5,16G,1T,UNK
1070,强运加成,2025-12-15,全能电竞Y7000 【新】U7-255HX/RTX5060/16G 1T,期待已久，双十一没有入手，双十二赶紧下手，好像优惠没有双十一大了，有点悔不当初啊，接口多，散热快，刚测试完，后续用起来再追加评价吧，看起来很棒,0,该店铺购买≥2次,5,16G,1T,UNK
1071,j***u,2026-01-11,全能电竞Y7000 【新】U7-255HX/RTX5060/16G 1T,非常轻巧的性能本，买来工作用的，开广联达基本上榨不干性能，个人觉得u7 255hx比amd的好多了，基本上没不要太相信网上的测评，贵有他总有贵的道理，唯一缺点是软件生态广告太多了，开荒需要点时间,0,该店铺购买≥2次,5,16G,1T,UNK
1072,喜乐万事顺意,2025-11-06,全能电竞Y7000 【新】U7-255HX/RTX5060/16G 1T,先介绍一下，我买的是拯救者y7000下面给大家总结一下优点1.屏幕素质高：拥有高分辨率、高色域和高亮度的屏幕，提供清晰、逼真的视觉体验，不仅适合游戏，也能满足绘图、编辑视频等工作需求；2. 配置强悍：搭载英特尔酷睿处理器和高性能独立显卡，具备较强的运算能力和图形处理能力，能够流畅运行各类游戏和大型软件；3. 散热高端：采用双风扇和三个独立热管的散热设计，有效排出热量，保证电脑在高负载下的稳定运行；4. 接口丰富：配备多种接口，如 USB、HDMI、Type-C 等，方便连接外部设备；,0,否,5,16G,1T,UNK
1073,gaoyunfeng1978,2025-12-22,全能电竞Y7000 【新】U7-255HX/RTX5060/16G 1T,运行流畅可靠,0,否,5,16G,1T,UNK
1074,0s61b0tua4bfla,2026-01-18,全能电竞Y7000 【新】U7-255HX/RTX5060/16G 1T,包装保护：包装保护物非常的到位，纸皮箱都非常的硬，包括整体包住，电脑的盒子啊，软包啊都很厚实画面品质：品质没得说的，联想的一般都是现在最主流的手提电脑外形外观：外观好像没有特别大的亮点，但材质来说感觉还是挺好的，没有太重的塑料感运行速度：新买的电脑问题不大，就是可能只是16G的，所以运行软件多了还是有点卡的，特别是剪视频的时候,0,该店铺购买≥2次,5,16G,1T,UNK
1075,s***l,2025-10-23,全能电竞Y7000 RTX5060/16核i7/2.5K屏,宝贝不错，可以满足正常的办公需求，运行速度还行，比较满意。,0,该店铺购买≥2次,5,UNK,UNK,UNK
1076,Pengmuming,2025-11-01,全能电竞Y7000 【新】U7-255HX/RTX5060/16G 1T,包装保护：发货物流速度非常快，产品包装非常精美完好。外形外观：外观非常好看，做工精细。运行速度：运行速度超快，玩游戏完全没问题。,0,该店铺购买≥2次,5,16G,1T,UNK
1077,9心如止水_,2025-10-29,全能电竞Y7000 RTX5060/16核i7/2.5K屏,桌面没有怎么布置就开始玩了 现在来看基本没有问题 全程验机录视频不是摸摸机 虽然之前有一点运输小插曲 但收到到现在一切正常 喜欢！过几个月还回来返评运行速度：不错游戏效果：原神拉满都可以玩,0,否,5,UNK,UNK,UNK
1078,W冰镇大菠萝,2025-10-28,全能电竞Y7000 【新】U7-255HX/RTX5060/16G 1T,电脑性能超棒！运行流畅不卡顿，屏幕清晰色彩正，散热快噪音小，性价比超高，办公游戏都够用，客服服务周到，满意！外观简约大气，开机秒速，软件秒开，散热稳定，续航持久，赠品实用，这个价位能买到这样的电脑太值了，推荐！电脑轻薄便携，金属机身质感好，性能强劲，玩游戏无压力，散热优秀，售后有保障，一次愉快的购物体验！配置高端，运行速度飞快，屏幕细腻，音效立体，散热安静，赠品丰富，物超所值，值得入手！电脑颜值高，性能稳定，操作顺滑，散热良好，续航长，价格亲民，客服耐心解答，非常满意！开机快，运行稳，,0,该店铺购买≥2次,5,16G,1T,UNK
1079,jd_LY888,2025-12-26,全能电竞Y7000 【新】U7-255HX/RTX5060/16G 1T,发货神速，物美价廉，值得购买。,0,否,5,16G,1T,UNK
1080,jd_bx51hiro0txjn0,2025-10-24,全能电竞Y7000 RTX5060/16核i7/2.5K屏,入手联想拯救者Y7000后彻底被圈粉，这台电脑的性能表现远超预期！搭载的i7处理器搭配满血版RTX显卡，性能释放强劲，不管是运行《赛博朋克2077》这类3A大作，开启光追和DLSS技术后帧率稳定流畅，还是同时处理视频剪辑、多文档编辑等办公任务，都毫无卡顿感 。24GB DDR5内存加上PCIe4.0高速固态，游戏加载秒开，软件启动速度飞快，而且预留了扩展接口，后续升级存储也很方便 。散热系统更是惊喜，霜刃散热的双风扇加四热管设计，配合多模式调节，玩几小时游戏机身也只是温热，不会因过热降频，,0,该店铺购买≥2次,5,UNK,UNK,UNK
1081,苏御之安,2026-01-02,全能电竞Y7000 【新】U7-255HX/RTX5060/16G 1T,细节处理得非常到位，完全没有线头或瑕疵，品质感满满。，客服也很耐心解答外形外观：?外观设计真的惊艳到我了！??细节处理满分，边角无毛刺，整体质感超高级。??机身线条流畅，黑色低调又不失科技感，放在桌面上瞬间提升格调。??键盘背光也很酷，打字体验舒适。??完全符合我对高端笔记本的期待！????,0,该店铺购买≥2次,5,16G,1T,UNK
1082,一天半日闲,2025-10-18,全能电竞Y7000 【新】U7-255HX/RTX5060/16G 1T,拯救者确实不错，CPU和5060显卡够孩子大学4年用了，貌似内存条怎么是海力士的，看评论都是三星的，没淘到三星的条子，都是大牌子，也一样用。,0,该店铺购买≥2次,5,16G,1T,UNK
1083,m***g,2026-01-06,全能电竞Y7000 【新】U7-255HX/RTX5060/16G 1T,笔记本当天就收到了，感觉还可以，和我原来的拯救者 14 笔记本的大小差不多，重量感觉也差不多，245 瓦电源有点重， 配置详情看图片吧，开机 16 秒，比原来的拯救者快了，接口丰富，带雷电,0,否,5,16G,1T,UNK
1084,Air诙,2025-11-12,全能电竞Y7000 【新】U7-255HX/RTX5060/16G 1T,一直想买个联想y7000笔记本，刚好趁双11，虽然没有国补，但还是买了，用了几天，蛮不错的。笔记本到手是25年10月份的新产品。到手看了下外观，没有问题，就是做工略有瑕疵，在可接受的范围。接口很全有雷电4接口，屏幕是完美屏，整机功能完好。性能方面，u7-255hx+5060的组合合理，跑了几个测试和3a游戏，很流畅。顺便测试了一下温度，温度也不高。我感觉能满足大多数学生党用本要求。京东发货速度蛮快的，晚上头天八点多下单，第二天早上九点就收到了，包装完好。这次购买体验很好。,0,该店铺购买≥2次,5,16G,1T,UNK
1085,穆奕辰TxT,2025-10-21,全能电竞Y7000 RTX5060/16核i7/2.5K屏,很好用 没有领到国补，但这个价也还能接受  昨晚验机都没有问题 可以冲,0,否,5,UNK,UNK,UNK
1086,xinjun860726,2025-10-27,全能电竞Y7000 【新】U7-255HX/RTX5060/16G 1T,第三次购买联想的笔记本电脑了，这次又买了一台拯救者14寸屏幕的，尺寸小，比较轻便，便于携带！这款U7的处理器是第一次使用，看评价说很不错，果断入手，使用了一天，整体感觉还不错，很流畅，显示也很细腻，确实大品牌的品质，很给力！,0,否,5,16G,1T,UNK
1087,车魂战骑_成功x1668,2025-12-10,全能电竞Y7000 【新】U7-255HX/RTX5060/16G 1T,现在刚刚收到使用，后面到时候再追加评论结果，看看我和效果。,0,否,3,16G,1T,UNK
1088,jd_go86l374ltr8w9,2025-10-15,全能电竞Y7000 【新】RTX5060/16核i7/2.5K屏,外形外观：外形外观包装好，看着很舒服还是刚收到还在测试中,0,该店铺购买≥2次,5,UNK,UNK,UNK
1089,j***m,2025-11-09,全能电竞Y7000 【新】U7-255HX/RTX5060/16G 1T,电脑收到了，黑色机身质感很好，颜值担当！开机很快，几秒钟搞定。屏幕色彩很舒服，长时间看也不累眼睛。键盘手感轻盈，打字非常流畅，续航也够用，大学生使用的很喜欢。性价比高，包装很好，物流也很快 ，客服态度超好有问必答，非常满意！,10,否,5,16G,1T,UNK
1090,地***家,2025-12-18,全能电竞Y7000 【新】U7-255HX/RTX5060/16G 1T,这是我第5台笔记本电脑了，之前用过东芝、三星、华硕、宏基，这次的联想Y7000是不错的选择，性价比和配置都不错。内存条是海力士，硬盘是亿联，屏幕是华星光电，而不是三星和京东方的有点不开心。综合用起来还不错，单烤CPU到110w左右，GPU到113w左右，双烤就差了点。笔记本不怕大的还是买带P的系列比较好。,2,否,5,16G,1T,UNK
1091,j***r,2025-10-25,全能电竞Y7000 RTX5060/16核i7/2.5K屏,第二次选择拯救者了，大牌子靠谱使用有保障，支持,0,该店铺购买≥2次,5,UNK,UNK,UNK
1092,8nzu77y0jyf8yp,2025-11-01,全能电竞Y7000 【新】U7-255HX/RTX5060/16G 1T,外观材质：特别好看，虽然是游戏本但是一点不笨拙电脑非常流畅，性价比很高。客服飞飞也很热心，凌晨都还在，回答问题特别耐心对于家用来说绰绰有余，孩子上学用。性价比高，轻便携带。发货速度快，包装紧实。,0,该店铺购买≥2次,5,16G,1T,UNK
1093,xjinbiao,2025-11-13,全能电竞Y7000 【新】U7-255HX/RTX5060/16G 1T,快递真的快，包装非常好，开机激活，已装好office，运行非常流畅,0,该店铺购买≥2次,5,16G,1T,UNK
1094,Fuuuujj,2025-10-27,全能电竞Y7000 【新】U7-255HX/RTX5060/16G 1T,18年购买拯救者R720，陪伴我七年时光，品质可靠，未有维修。今年小妹考上大学，首选拯救者，选择了这款搭载着酷睿Ultra 7-255H*处理器的Y7000P 2025款，17号下单，18号到手，验机全新，这颗CPU不负所望，性能强劲，16寸 2.5k240HZ屏幕画质丝滑，散热和噪音控制得相当满意，各种设计软件使用起来毫无压力，笔记本外壳设计厚重，沉稳，上手质感优秀，兼有RT* 5060显卡，足够满足需求。第一台笔记本电脑就选拯救者，相信强大的品控与售后保证大学学习无忧。希望这台拯救者能够陪,0,否,5,16G,1T,UNK
1095,lm1k50o6r8jug8,2025-12-14,全能电竞Y7000 【新】U7-255HX/RTX5060/16G 1T,包装保护：完好无损外形外观：稳重大气画面品质：清晰跑分评测：虽然没有跑分，但是评测很不错运行速度：运输速度快如闪电游戏效果：效果不错终买到了心心念念的拯救者Y7000买的第二款拯救者，上次也是Y7000，买的游戏本，当做办公本，运行丝滑，反应速度快！,0,否,5,16G,1T,UNK
1096,末世大回炉,2026-01-08,全能电竞Y7000 【新】U7-255HX/RTX5060/16G 1T,??联想Y7000游戏本整体表现令人满意，机身设计沉稳大气，黑色外观尽显专业感。??键盘按键反馈清晰，长时间操作也不易疲劳，输入体验流畅。??屏幕显示效果出色，画面细腻，无论是办公还是游戏都能带来良好视觉享受。?开机速度快，运行稳定，多任务处理也游刃有余。物流环节同样值得称赞，快递包装严实，送货速度快，配送员服务态度好。科技产品的价值不仅在于性能参数，更在于其对用户需求的精准满足，就像齿轮完美契合，让使用体验无缝衔接。,0,该店铺购买≥2次,5,16G,1T,UNK
1097,jd_53900wapfa19m4,2025-11-27,全能电竞Y7000 【新】U7-255HX/RTX5060/16G 1T,包装保护：非常好外形外观：好看，喜欢，大小刚刚好画面品质：画面品质真是一流，画质清晰细腻，每一帧都像是精心绘制的艺术品。观看时，我仿佛置身于电影中的世界，真实感受到了每一个细节。这样的画面效果，无疑为整个观影体验增添了不少分数。运行速度：运行速度真是令人惊喜，嘎嘎香的形容再贴切不过！操作流畅，响应迅速，无论是工作还是娱乐，都能提供极致的体验。这样的表现完全超出了我的预期，绝对是物超所值的选择。,0,否,5,16G,1T,UNK
1098,j***c,2026-01-15,全能电竞Y7000 【新】U7-255HX/RTX5060/16G 1T,1包装保护：包装保护很不错，来的时候是运输模式1外形外观：很大气，喜欢1运行速度：运行速度很快，效果不错灯光效果很酷，长时间使用轻微有点热，画面品质也不错，喜欢，正好碰上国补价格也给力,0,否,5,16G,1T,UNK
1099,旬628,2025-11-11,全能电竞Y7000 【新】U7-255HX/RTX5060/16G 1T,电脑很不错，外观也可以，很不错，玩游戏也不卡也不掉帧，游戏学习都可以，非常值得购买！联想是大品牌，售后也有保障，值得大家选购！,0,否,5,16G,1T,UNK
1100,可***百,2025-10-27,全能电竞Y7000 【新】U7-255HX/RTX5060/16G 1T,? 包装方面???：有用户评价“收到时外包装箱完好无损，内部还有硬质纸盒加固，防护很到位。笔记本本体被厚实的防震泡沫严丝合缝地包裹着，完全不用担心运输过程中的磕碰”，还有用户提到包装采用联想经典的包装箱，环保材质，简洁大方。? 外形外观方面：在重量上，有用户表示“重量轻，2kg，本人偶尔需要外出携带，在游戏本中算轻便的了”???。在外观设计上，有用户评价“实物比图片还好看！我选的颜色非常有质感，材质手感一流，做工精,0,该店铺购买≥2次,5,16G,1T,UNK
1101,jd_bfDVkjVydeJy,2025-10-26,全能电竞Y7000 【新】U7-255HX/RTX5060/16G 1T,包装保护：好外形外观：好,0,否,5,16G,1T,UNK
1102,预言家小蜜蜂,2025-12-13,全能电竞Y7000 【新】U7-255HX/RTX5060/16G 1T,品牌，是我最为看重的一点，thinkpad代表着结实、稳重、口碑。做工，一如既往的好，用料讲究，做工细致。性能，5060野兽模式下可以开满，steam都市天际线30万人口没问题。接口，十分丰富，扩展坞现在还用不上，以后能用上，有总比没有强。散热，背后两侧都有大面积散热风口，游戏一点都不卡。价格，亲民单位，学生游戏党首选。,0,否,5,16G,1T,UNK
1103,不***粥,2025-10-30,全能电竞Y7000 【新】U7-255HX/RTX5060/16G 1T,这款笔记本真的太中意了，刚到就打开，迫不及待，用了一周，果然不失所望，性能不错，点赞点赞??????????,0,该店铺购买≥10次,5,16G,1T,UNK
1104,41789da1ihsq1w,2025-11-08,全能电竞Y7000 【新】U7-255HX/RTX5060/16G 1T,?处理器?：U7-255HX采用8P12E20核20线程架构，最高频率5.3GHz，单核性能与i9-14900HX相近，但多核性能略逊。 ?1?散热能力?：散热设计为130W性能释放，高于同代竞品（约90W），但低于旗舰机型（如R9000P的180W）。 ?适用场景?优势场景?：适合视频剪辑、渲染等高负载创作任务，得益于CPU能效优势（低负载时功耗更低）。 ??不足场景?：游戏性,1,该店铺购买≥2次,5,16G,1T,UNK
1105,u_pxzhidbcwj29,2025-11-21,全能电竞Y7000 【新】U7-255HX/RTX5060/16G 1T,服务态度无与伦比的好，耐心细致。配货速度飞快，立刻处理。包装精美高端大气，商品质量也没得说，非常满意！服务态度无与伦比的好，耐心细致。配货速度飞快，立刻处理。包装精美高端大气，商品质量也没得说，非常满意！这次购物体验很满意！商品的功能全面且出色，每一处都彰显着品质和用心。配货速度超快。服务质量更是优秀到极致，简直完美！真心觉得这次购物太值了！商品性价比超高，质量优秀。物流快如闪电，商家服务周到，售后有保障。真心觉得这次购物太值了！商品性价比超高，质量优秀。物流快如闪电，商家服务周到，售后有保障。,0,否,5,16G,1T,UNK
1106,jd_136061nlc,2026-01-18,全能电竞R7000 RTX5060/锐龙?7 H 255/16G 512G,真的太好了。儿子很喜欢。比以前老本好今多。快递也很快。玩游戏真流畅！图形处理也很强！,0,否,5,16G,512G,UNK
1107,F***R,2025-11-10,全能电竞Y7000 【新】U7-255HX/RTX5060/16G 1T,我用联想拯救者这段时间，真心觉得它太懂用户需求了！平时我既要用它做报表、剪视频，多开软件切换时从来没掉过链子，反应特别快；偶尔想玩会儿3A游戏放松，高刷屏把画面质感拉满，散热也很在线，玩两三个小时机身都不怎么烫。而且它机身手感扎实，不是那种轻飘飘的廉价感，不管是放家里用还是带出门办公，都特别靠谱，完全超出了我当初的预期！,0,该店铺购买≥2次,5,16G,1T,UNK
1108,刘***宁,2025-10-28,全能电竞Y7000 【新】U7-255HX/RTX5060/16G 1T,物流，是真的快，26号晚上十点下单，27号早九点收到货。包装，拿到货后外包装纸箱无破损，打开后内部填充很紧实，产品无磕碰。产品，外观无磕碰无划痕，按照教程验机，激活，流畅无卡顿，而且不像抖音里说的噪音大，总之很满意,2,该店铺购买≥2次,5,16G,1T,UNK
1109,姓***八,2025-12-20,全能电竞Y7000 【新】U7-255HX/RTX5060/16G 1T,这一代Y7000直接的感觉是比前几代更紧凑了，最看中的散热还是这么强，这个还有野兽模式很惊艳满功率全释放很是厉害。安静模式让我怀疑风扇没转，整体很不错使用特别方便。,1,该店铺购买≥2次,5,16G,1T,UNK
1110,活***候,2025-12-13,全能电竞Y7000 【新】U7-255HX/RTX5060/16G 1T,做工非常精细，响应速度快，办公游戏两不误,0,该店铺购买≥2次,5,16G,1T,UNK
1111,jd_sr6ar5csv3a48n,2025-12-09,全能电竞Y7000 【新】U7-255HX/RTX5060/16G 1T,联想拯救者y7000AI高静游戏本，摸起来手感挺好的，表哥就是用的联想拯救者，所以才买的这个的。这个就挺合适我的专业了，而且散热排风扇声音不大，之前听说游戏本声音都很大，就怕出现这一点。但是这个就没有，很好了！！！价格也合适，我刚拿到，初步感觉就是这样的，等我多用用，又回来追评！！反正目前感觉很好！,0,该店铺购买≥2次,5,16G,1T,UNK
1112,0bl3u6z9pmxtbf,2026-01-22,全能电竞Y7000 【新】U7-255HX/RTX5060/16G 1T,纠结了很久最终入手联想拯救者，用了一个月彻底被圈粉，不愧是口碑爆款！外观是经典的碳晶黑金属机身，A面的Y字信仰灯质感拉满，线条硬朗又不浮夸，不管是放电竞桌还是办公区都很适配。性能方面完全是“性能猛兽”级别，我选的配置搭配高性能处理器和RTX独显，平时跑3A大作比如《黑神话：悟空》，2.5K全高画质下帧数稳定120+，丝滑不卡顿，光追效果拉满后画面细节直接封神。就算切换到工作模式，同时开多个设计软件、虚拟机和浏览器标签页，也毫无压力，多任务处理速度快到飞起，效率直接翻倍,0,否,5,16G,1T,UNK
1113,jd_657947800,2026-01-06,全能电竞Y7000 【新】U7-255HX/RTX5060/16G 1T,昨天下单，今天到货，开箱整起。初步看很满意，拿在手上比我之前的轻很多，整体也小一些，接口很丰富，够用了。,0,该店铺购买≥2次,5,16G,1T,UNK
1114,黄huangxiao,2025-10-26,全能电竞Y7000 【新】U7-255HX/RTX5060/16G 1T,商品质量不错，细节、品质、做工都非常好，发货贼快，快递也给力，棒棒哒~??????这次购物超级满意，商品实惠好用，质量绝佳。物流高效，商家服务热情，售后无忧。商品质量无可挑剔，价格亲民，真是物超所值。物流顺畅，商家服务贴心，售后有保障，太棒了！,0,否,5,16G,1T,UNK
1115,j***a,2025-11-04,全能电竞Y7000 【新】U7-255HX/RTX5060/16G 1T,这款电脑真的太赞了！商品质量很高，用起来很顺手，配置也很给力??。物流很快，包装完好无损，快递小哥服务态度特别好??。总体的购物体验非常棒，强烈推荐给大家！???,0,否,5,16G,1T,UNK
1116,jd_151621lia,2025-10-25,全能电竞Y7000 【新】U7-255HX/RTX5060/16G 1T,首先说快递真的非常快，第二天直接到货，真的是爱不释手。包装保护：包装完好，封条完好；外形外观：外观时尚，潮流，喜欢；画面品质：画面高清，显示非常好，视觉效果很好；运行速度：运行速度很快，已单独打开独显；游戏效果：很难想象我不想拿来打游戏，哈哈。缺点：特别粘指纹，准备贴膜了。,9,否,5,16G,1T,UNK
1117,jd_934369822,2025-12-15,全能电竞Y7000 【新】U7-255HX/RTX5060/16G 1T,真的太喜欢了！收到货立马就来评价了！太惊喜了！刚拆箱就忍不住来夸夸，这体验绝了！刚收到就忍不住来评价，这体验简直绝了，从拆箱到使用每一步都超满意,0,该店铺购买≥10次,5,16G,1T,UNK
1118,j***9,2025-10-26,全能电竞Y7000 【新】U7-255HX/RTX5060/16G 1T,游戏神器，畅玩无忧!作为一名游戏爱好者，这台联想拯救者完全满足了我的所有需求。高刷新率屏幕带来的流畅感是前所未有的，画面无拖影，操作响应极快。显卡性能强悍，市面上主流的大型游戏都能高画质流畅运行，散热系统也给力，长时间游戏也不会掉帧。键盘手感也很棒，灯效酷炫。绝对是游戏玩家的不二之选!,1,该店铺购买≥2次,5,16G,1T,UNK
1119,jd_becwfw1kbu6679,2025-11-10,全能电竞Y7000 【新】U7-255HX/RTX5060/16G 1T,Y7000买了还是很满足需求的，2.5K屏幕显示细腻，静音模式下办公体验很好，避免了噪音的干扰，玩游戏开启性能模式，5060显卡也能满足玩游戏的画质体验了。国补下价格还是很香的,2,否,5,16G,1T,UNK
1120,何***丶,2025-12-10,全能电竞Y7000 【新】U7-255HX/RTX5060/16G 1T,新笔记本太棒了！开机快，运行流畅，处理工作娱乐都毫无压力。外观轻薄时尚，屏幕清晰护眼，携带也方便。真心推荐给需要的小伙伴，这次购物体验满分！,0,否,5,16G,1T,UNK
1121,u***f,2025-10-31,全能电竞Y7000 【新】U7-255HX/RTX5060/16G 1T,给孩子上大学用的，看了网上的测评觉得挺好的，大家参考一下，后续用了再追评1?? 专属高性能静音模式，该模式下能保留平台 90% 以上的极限游戏性能，同时噪声不超过 45dB（通常图书馆环境声为55dB），且该模式下玩游戏手部高频接触区域也不会超过 42℃，游戏本再也不是暖宝宝了2?? 高性能静音模式下，不插电的情况下不仅性能不减，续航还能保持 6h 以上。平时上课，去图书馆，都不用再带个大电源了。3??AI 性能调度。设计、工科生的福音??各种工业、设计软件单独适配，发挥最大性能不卡顿，噪,0,该店铺购买≥2次,5,16G,1T,UNK
1122,养乐怡之福,2026-01-24,全能电竞Y7000 【新】U7-255HX/RTX5060/16G 1T,价格合理，性能好，颜色及手感很好。办公用很合适反应快速方便清晰。送货很快包装很好。,0,该店铺购买≥2次,5,16G,1T,UNK
1123,凛冬聆忆,2025-10-26,全能电竞Y7000 【新】U7-255HX/RTX5060/16G 1T,外接非常方便，外观特别帅气，玩游戏很流畅，运行速度非常快，灯光效果非常炫酷包装保护：包装的非常好，画面品质：画质很高游戏效果：打游戏非常爽值得大家购买,0,该店铺购买≥2次,5,16G,1T,UNK
1124,隔壁_老張,2025-12-02,全能电竞Y7000 【新】U7-255HX/RTX5060/16G 1T,原来笔记本坏了换的新的，朋友推荐的联想拯救者Y7000，看了下评论和颜值配置都不错，果断下单，发货很快第二天中午就到了，目前看下来非常满意,0,否,5,16G,1T,UNK
1125,j***i,2025-11-08,全能电竞Y7000 【新】U7-255HX/RTX5060/16G 1T,电脑很好用，上一款用的是联想小新，用了8年今年退役了，果断继续入手联想，25款拯救者 Y7000很不错，操作很流畅丝滑，声音也不大，显卡配置也不错。,1,否,5,16G,1T,UNK
1126,昊天一雄,2025-10-26,全能电竞Y7000 RTX5060/16核i7/2.5K屏,这台联想拯救者Y7000 2025彻底征服了我！i7-14650HX处理器性能狂飙，搭配满血RTX5060独显，运行3A大作全程流畅不掉帧，光追效果惊艳。16G内存多任务切换丝滑，2.5K 180Hz电竞屏色彩饱和度高，战斗画面丝毫毕现。金属机身散热强劲，双烤半小时依旧稳定。512G固态载入游戏秒速完成，背光键盘手感清脆。无论是深夜吃鸡还是白天剪辑视频，它都是可靠的生产力工具，堪称万元内最香游戏本，重度使用一周无卡顿，强烈推荐给追求极致体验的玩家！,3,该店铺购买≥2次,5,UNK,UNK,UNK
1127,若为离歌,2025-10-29,全能电竞Y7000 【新】U7-255HX/RTX5060/16G 1T,联想拯救者R7000P 真的是性价比之王??！??价格还这么便宜??，这波国补太值了！??高配版搭载了RTX 3060显卡和处理器?????，性能爆表，玩游戏无压力??，办公也很流畅??。而且键盘背光也超酷炫??，接口多多???，散热系统强劲??，用起来非常舒服~ 快来入手吧！???重阳节快乐，祝大家健康长寿！???,0,该店铺购买≥2次,5,16G,1T,UNK
1128,y7h7m71sofo5zt,2025-12-17,全能电竞Y7000 【新】U7-255HX/RTX5060/16G 1T,这款电脑很让我感到惊喜哦，15.6英寸高色域屏色彩还原度超高，不管是剪视频调色、看高清电影，还是玩色彩丰富的游戏，画面都细腻通透。高刷新率键盘键程适中、回弹有力，长时间打字敲代码一点不累手，背光效果还能根据环境调节，深夜使用氛围感拉满。接口丰富度也很够用，USB、HDMI、网线接口一应俱全，外接键鼠、显示器、U盘不用来回拔插，实用性直接拉满。加持下，玩射击游戏时画面跟手度拉满，再也没有拖影糊屏的烦恼，日常办公学习看久了眼睛也不会累。对比了同配置的其他品牌游戏本，拯救者Y7000的价格真的很良心，,0,否,5,16G,1T,UNK
1129,Timor队长370,2025-11-03,全能电竞Y7000 【新】U7-255HX/RTX5060/16G 1T,期待已久的联想拯救者Y7000终于到手了！首先要点赞国家补贴政策，直接省了20%，这优惠力度太给力了。新机的Ultra7处理器和RTX5060独显组合简直是性能猛兽，试玩了几个大型游戏，全特效开启依然非常流畅，2.5K的180Hz高刷屏幕观感细腻顺滑，完全没拖影。键盘手感也很棒，散热噪音控制得出乎意料。AI功能很智能，让办公学习效率也提高了。从颜值到实力都无可挑剔，这次购物体验满分！,0,该店铺购买≥2次,5,16G,1T,UNK
1130,风***手,2026-01-05,全能电竞Y7000 【新】U7-255HX/RTX5060/16G 1T,外观设计非常精致，金属机身质感一流，窄边框屏幕看起来特别酷。开机速度快得惊人，几乎秒开，日常办公和处理文档超级流畅。我主要用来办公和偶尔娱乐，运行多个软件也毫无压力，散热风扇声音很安静。屏幕色彩鲜艳清晰，看视频体验很棒。键盘手感舒适，打字久了也不累。整体来说，性价比超高，完全满足了我的所有需求,0,否,5,16G,1T,UNK
1131,风***啊,2025-11-27,全能电竞Y7000 【新】U7-255HX/RTX5060/16G 1T,此次购买的商品完全符合预期描述，小二服务热情周到，使用体验舒适便捷，外观设计独具匠心，产品质量上乘，性价很高，强烈推荐！,0,否,5,16G,1T,UNK
1132,达拉斯四十一,2026-01-02,全能电竞Y7000 【新】U7-255HX/RTX5060/16G 1T,包装保护：完美外形外观：舒适画面品质：杠杠滴跑分评测：完美运行速度：帽子游戏效果：很好联想拯救者Y7000是闭眼入的性能水桶机！13代酷睿HX+RTX 4060满功耗配置，3A大作高帧流畅，霜刃散热压得住高温。144Hz高刷屏+丰富接口，办公游戏双适配，还支持内存硬盘扩展。虽续航一般、机身偏沉，但6000元档性价比拉满，学生党和游戏党闭眼冲～需要我帮你整理不同配置版本的选购对比表，方便精准,0,该店铺购买≥2次,5,16G,1T,UNK
1133,c3r9203p7u6u1r,2025-11-16,全能电竞Y7000 【新】U7-255HX/RTX5060/16G 1T,外界方便，游戏非常流畅包装保护：可以外形外观：好，颜值很高画面品质：可以跑分评测：好，特别高运行速度：非常棒游戏效果：直接拉满非常好,1,否,5,16G,1T,UNK
1134,s***8,2025-11-17,全能电竞Y7000 【新】U7-255HX/RTX5060/16G 1T,送货很快，买来做设计用的，基本各种软件和游戏都能顺利安装，运行流畅，音质也还行，外观很漂亮，除了价格贵了点，其余都不错。,0,该店铺购买≥2次,5,16G,1T,UNK
1135,福崽ll,2026-01-24,全能电竞Y7000 【新】U7-255HX/RTX5060/16G 1T,超赞！这台全能电竞Y7000真的太香了。性能强劲，野兽模式完美驾驭大型游戏；日常低功耗模式续航也够用。散热系统给力，长时间使用也不烫。接口丰富，外接设备超级方便。而且机身只有2公斤，在游戏本里算非常轻巧了，携带无压力。黑色机身颜值高，质感满满，绝对是高性能与便携性的完美结合！,0,否,5,16G,1T,UNK
1136,x33n1u94xg14vw,2025-11-09,全能电竞Y7000 【新】U7-255HX/RTX5060/16G 1T,联想品质值得信赖，2010年的w510用到现在依然给力，y7000应该也不差，期待更好配置也可以，2025新款价格给力,0,否,5,16G,1T,UNK
1137,1013502031,2025-12-23,全能电竞Y7000 【新】U7-255HX/RTX5060/16G 1T,物流很快，隔天就到了，系统配置也够够，不打游戏纯办公用，希望用的久一点。拯救者电脑面板换logo了。系统安装久一点点。,0,否,5,16G,1T,UNK
1138,jd_152953jle,2025-12-02,全能电竞Y7000 【新】U7-255HX/RTX5060/16G 1T,包装保护：包装很严实，里面盒中盒包装运行速度：运行十分流畅，工作画图十分便捷快递很快，次日达的标准外形外观：外观大气美观,0,否,5,16G,1T,UNK
1139,godkozue,2025-12-13,全能电竞Y7000 【新】U7-255HX/RTX5060/16G 1T,物流很快，第1天下单，第2天就到了。笔记本很不错，15.3寸的屏，但是窄边框使得跟我原来的14寸笔记本一样的大小。外形不会花里胡哨，是全黑的，所以也有一点点商务本的范，很适合打工一族买。使用很安静，玩游戏非常流畅，屏幕画质也很好。总之很满意。,1,该店铺购买≥2次,5,16G,1T,UNK
1140,北飞的老雁,2026-01-02,全能电竞Y7000 【新】U7-255HX/RTX5060/16G 1T,性能稳定 速度较快包装完好 运输速度,0,该店铺购买≥2次,5,16G,1T,UNK
1141,此***商,2025-12-12,全能电竞Y7000 【新】U7-255HX/RTX5060/16G 1T,物流很快，隔天就送到了。新机包装完整精美，搭载的最新处理器和 RTX5060显卡，跑分也不错，主流游戏丝滑畅玩完全没压力。高刷屏观感也很爽，散热给力噪音小，续航也比预想好。性价比挺高的！兼容很好，加装固态和内存后体验大增,0,该店铺购买≥10次,5,16G,1T,UNK
1142,jd_g92l266jj1q75w,2025-12-13,全能电竞Y7000 【新】U7-255HX/RTX5060/16G 1T,师傅送货也快，态度和蔼认真。包装严密，没有损坏。笔记本电脑机身外观大气，做工精良。到了就迫不及待下载了一些游戏。2.5K画质细腻，搭载U7-255HX-RTX5060玩游戏丝滑顺畅不卡顿，散热也很棒，除了玩大型游戏以外有风噪声其他时候很静音,0,否,5,16G,1T,UNK
1143,月下独酌ou,2025-10-27,全能电竞Y7000 【新】U7-255HX/RTX5060/16G 1T,联想拯救者Y7000用着超省心！144Hz高刷屏不管是玩游戏还是刷视频，画面都丝滑无拖影，色彩也准，修图看细节很清晰。霜刃散热特别靠谱，不管是长时间开高画质玩3A大作，还是多开软件做办公文档，机身都不会太烫，性能一直稳得很，从没出现过突然掉帧的情况。机身是合金材质，摸着手感好还耐刮，外观简约又有质感，日常带出门也不突兀。键盘1.5mm键程按着手感舒服，打字、玩游戏久了也不累，接口还特别全，外接显示器、移动硬盘都不用转接头，兼顾了游戏体验和办公需求，同价位里性价比真的高。,0,否,5,16G,1T,UNK
1144,AresXF,2025-12-25,全能电竞Y7000 【新】U7-255HX/RTX5060/16G 1T,重量很轻，机身色彩纯正，系统运行流畅，性能释放完美，大厂调教的就是好。还得是买大品牌的，信得过。京东快递速度也是没得说。客服专业回答迅速。还有视频教程。朋友推荐的没错，可惜预算有限。以后还买拯救者！希望越做越好。,0,该店铺购买≥2次,5,16G,1T,UNK
1145,5x061p9aqhfir3,2025-11-08,全能电竞Y7000 【新】U7-255HX/RTX5060/16G 1T,总体感受还不错，用于做视频剪辑和简单平面面素材处理。可加内存条，后续不够可以考虑加装，还是蛮灵活的。这款散热风扇声音真不大。值得拥有,0,否,5,16G,1T,UNK
1146,向向向向日葵ever,2025-12-15,全能电竞Y7000 【新】U7-255HX/RTX5060/16G 1T,??这款产品真的超乎期待！??外接设备特别方便，图形处理能力也很强，运行流畅不卡顿。??接口丰富，满足日常多设备连接需求。??快递包装严实，送货速度飞快，配送员服务态度也很好。??整体体验非常棒，值得推荐！????,0,该店铺购买≥2次,5,16G,1T,UNK
1147,5***0,2025-11-25,全能电竞Y7000 【新】U7-255HX/RTX5060/16G 1T,纠结了半个月最终下单拯救者，到手体验直接超出预期！开机秒进系统，软件启动速度飞快，日常办公、追剧完全无压力。金属机身质感十足，摸起来很顺滑，外观低调不浮夸，商务场合用也不违和。键盘手感超棒，键程适中，敲击反馈清晰，自带小键盘太实用了。高刷屏流畅度拉满，玩游戏时操作响应超及时，画面没有丝毫拖影。散热效果很出色，长时间使用机身温度控制得很好，不会烫手。顺丰物流超快，包装严实没有破损，客服服务态度也很好，有问必答。这个价位能买到这样配置和质感的电脑，真的物超所值，已经推荐给身边朋友了！,1,该店铺购买≥2次,5,16G,1T,UNK
1148,迈步而今,2025-11-08,全能电竞Y7000 【新】U7-255HX/RTX5060/16G 1T,包装保护：包装非常好，防撞防摔，不用担心运输过程的损伤外形外观：很有质感，看了就很爱运行速度：开机很流畅，还没测试游戏，但想必不会差画面品质：看电影什么的简直绝了尤其要推荐这款侧边接口设计 很方便，比之前接口都在后面好多了,0,该店铺购买≥2次,5,16G,1T,UNK
1149,jd_zte1v0yl9w26gg,2025-11-23,全能电竞Y7000 【新】U7-255HX/RTX5060/16G 1T,换游戏本只认京东自营，拯救者Y7000，体验拉满!首先是适配性，15.6英寸机身大小刚好，放宿舍桌面不占地，键盘键程1.5mm，打字玩游戏都舒服，接口超全(USB-A、Type-C、HDMI)，外接显示器、机械键盘不用转接头。性能够日常所有场景:办公开静音模式几乎没噪音，游戏开野兽模式，CPU、显卡火力全开，散热压得很稳，不会降频。自营优势太明显:现货速发不用等，下单后有专属客服跟进，还能叠加京东 PLUS会员权益，保修查询、售后预约一步到位，闭眼冲不踩雷!,0,该店铺购买≥2次,5,16G,1T,UNK
1150,jd_f6y1azvc979bd2,2025-10-26,全能电竞R7000 RTX5060/锐龙?7 H 255/16G 512G,1. 综合好评型京东物流太给力了，隔天就送到，包装得很严实。拯救者R7000的金属机身质感很棒，R7处理器搭配RTX4060显卡，不管是玩3A大作还是做设计都流畅不卡顿，144Hz高刷屏看着也舒服，散热噪音控制得比预期好，很满意！2. 学生/办公型选了好久最终入手这款，太适合学生党了。日常办公、写代码完全无压力，偶尔玩网游画质拉满也不卡。键盘手感不错，还有数字小键盘很方便，接口也多不用带拓展坞。京东售后有保障，买得放心。3. 务实客观型机器性能没话说，R7-8745H处理器多任务处理很,0,否,5,16G,512G,UNK
1151,胡兴元,2025-12-02,全能电竞Y7000 【新】U7-255HX/RTX5060/16G 1T,从性价比来看，同价位里能有这样的配置和做工真的少见，联想的品控也让人放心，用着省心又安心。不管是学生党用来学习、打游戏，还是职场人用来办公、处理复杂任务，拯救者Y7000都能完美hold住，真心推荐给所有有需求的朋友，闭眼入绝对不踩雷！,0,该店铺购买≥2次,5,16G,1T,UNK
1152,狼***婷,2025-11-18,全能电竞Y7000 【新】U7-255HX/RTX5060/16G 1T,换游戏本只认京东自营，拯救者Y7000，体验拉满!首先是适配性，15.6英寸机身大小刚好，放宿舍桌面不占地，键盘键程1.5mm，打字玩游戏都舒服，接口超全(USB-A、Type-C、HDMI)，外接显示器、机械键盘不用转接头。性能够日常所有场景:办公开静音模式几乎没噪音，游戏开野兽模式，CPU、显卡火力全开，散热压得很稳，不会降频。自营优势太明显:现货速发不用等，下单后有专属客服跟进，还能叠加京东 PLUS会员权益，保修查询、售后预约一步到位，闭眼冲不踩雷!,0,否,5,16G,1T,UNK
1153,健康幸福长久,2025-12-18,全能电竞Y7000 【新】U7-255HX/RTX5060/16G 1T,相当完美，好看，学习非常好使用，配置非常非常哇塞，主流顶配，完全应用学习各方面的软件，大品牌值得放心购买,0,否,5,16G,1T,UNK
1154,wangwei_286,2025-12-17,全能电竞Y7000 【新】U7-255HX/RTX5060/16G 1T,京东物流很快，头天晚上下单，第二天一早就收到了，加了京东的包装，电脑开机时间16秒完成，测试接口正常，屏幕画面显示细腻，键盘按键舒适，面板使用顺畅，游戏效果全开不卡顿，长时间游戏未见发烫，是不错的体验。,1,否,5,16G,1T,UNK
1155,吃橘子吗hululu,2025-11-26,全能电竞Y7000 【新】U7-255HX/RTX5060/16G 1T,??商品收到了，包装得很好，物流非常快，客服态度很积极，有问题及时解答！总体来说非常满意！,0,否,5,16G,1T,UNK
1156,jd_pTXKjxMxJrlH,2025-11-07,全能电竞Y7000 【新】U7-255HX/RTX5060/16G 1T,1. 性能强悍运行流畅，颜值在线，日常办公娱乐超够用！2. 开机迅速无卡顿，画质清晰续航稳，性价比直接拉满～3. 机身轻薄便携，操作顺滑散热好，入手不亏超满意！4. 配置贴合需求，运行安静无噪音，使用体验远超预期,0,该店铺购买≥2次,5,16G,1T,UNK
1157,9s666aconqa4p8,2025-12-01,全能电竞Y7000 【新】U7-255HX/RTX5060/16G 1T,使用流程，买来办公和玩饥荒的，很快，一点都不卡顿，显示效果也很好。不适合移动办公，电脑有点重，充电器也不小。稳稳的放在家里没问题??成功激活了赠送的Office，刚开始激活不成功，换时间多试几次就好了。售后人员也耐心解答问题。物流很快，包装的很好。键盘手感还不错，没什么特别。整体都挺满意的！长时间用没发现烫手。灯光效果也满意。,10,否,5,16G,1T,UNK
1158,hzyt7,2025-11-18,全能电竞Y7000 【新】U7-255HX/RTX5060/16G 1T,电脑启动速度快，u7的cpu处理任务很快，屏幕15.3寸、180hz高刷、2.5k显色清晰亮丽，5060独立显卡完全满足设计工作和大型游戏，1tb硬盘，风扇散热很好，怪兽模式全开也没有啸叫，整体对比要比y7000p配置强，价格还低。有两处建议提升：内存16G，如果32G就更好了，电脑登陆没有人脸识别和指纹识别，只有密码登陆。,0,该店铺购买≥2次,5,16G,1T,UNK
1159,很牛逼的牛,2026-01-26,全能电竞Y7000 【新】U7-255HX/RTX5060/16G 1T,此用户未填写评价内容,0,否,5,16G,1T,UNK
1160,3366dr3rt8088h,2025-11-23,全能电竞Y7000 【新】U7-255HX/RTX5060/16G 1T,换游戏本只认京东自营，拯救者Y7000，体验拉满!首先是适配性，15.6英寸机身大小刚好，放宿舍桌面不占地，键盘键程1.5mm，打字玩游戏都舒服，接口超全(USB-A、Type-C、 HDMI)，外接显示器、机械键盘不用转接头。性能够日常所有场景:办公开静音模式几乎没噪音，游戏开野兽模式，CPU、显卡火力全开，散热压得很稳，不会降频。自营优势太明显:现货速发不用等，下单后有专属客服跟进，还能叠加京东PLUS会员权益，保修查询、售后预约一步到位，闭眼冲不踩雷!,0,否,5,16G,1T,UNK
1161,jd_188380jhr,2025-11-08,全能电竞Y7000 【新】U7-255HX/RTX5060/16G 1T,灯光三种模式各有不同，模式可自行调节，搭载AI辅助功能，对于我这种电脑小白来说还是非常好用的，打游戏非常流畅,1,否,5,16G,1T,UNK
1162,Lily爱睡觉呀,2025-11-04,全能电竞Y7000 【新】U7-255HX/RTX5060/16G 1T,这个电脑更像全能本，不是买来打游戏的，重量，大小，显卡，完美契合了本人使用场景。在买个170瓦的电源，也能轻松应对烤鸡，和自带电源没差别。又去联想售后免费加装了内存，硬盘。美中不足的，拯救者不带ai天禧，自家的软件装不了，出乎我的意料。还有，电池空一块是怎么个意思？缺几十克，怕超重了？借助国补，拿到新款的u和雷电4的接口，瑕不掩瑜吧。,1,否,5,16G,1T,UNK
1163,2n8807sgp4hj22,2025-11-20,全能电竞Y7000 【新】U7-255HX/RTX5060/16G 1T,给小孩上学用的，玩游戏是很丝滑的，内存也够大，下载起来很快，其他的慢慢用起来才知道效果，后面会追评的,0,否,5,16G,1T,UNK
1164,5***z,2025-12-13,全能电竞Y7000 【新】U7-255HX/RTX5060/16G 1T,当天早上买当天就到了，外观很好看，电脑是新的需要激活，性能不错，打游戏不卡，画质很清晰。,0,否,5,16G,1T,UNK
1165,b1a0zvit4o0y1k,2026-01-04,全能电竞Y7000 【新】U7-255HX/RTX5060/16G 1T,"我原来用的是轻薄本，第一次买游戏本。本来以为会比较重，实际重量2kg,还是可以接受.显示屏显示效果不错，键盘的手感也比较舒服。不过那个电源确实又大又重，还好他们家有比这小的多的氮化镓充电器可以额外购买。总的来说值得购买，加上国补优惠，确实不错??",0,该店铺购买≥10次,5,16G,1T,UNK
1166,jd_137090mkl,2025-10-12,全能电竞Y7000 【新】RTX5060/16核i7/2.5K屏,这款电脑真心不错，不重也不大，不管是玩游戏和外出办公都方便，很有质感，不过没有机械硬盘，需要再买一个，联想电脑真的耐用，第一个是Y460，现在都还能开机使用，办公看电影不在话下。第二个是第一批的拯救者1050TI，4G显卡，没有问题，唯一就是魔兽下团本要卡，不得已才换了，希望这个玩游戏不会卡了,0,否,5,UNK,UNK,UNK
1167,jd_159134oxo,2025-11-01,全能电竞Y7000 【新】U7-255HX/RTX5060/16G 1T,物流超快，新机开箱质感拉满，金属a面没有想象中很粘指纹，搭载的最新处理器和RTX5060显卡，跑分也不错，主流游戏丝滑畅玩无压力。高刷新率屏幕带来的流畅感是前所未有的，画面无拖影，操作响应极快，观感也很爽，散热给力噪音小，续航也比预想好。键盘手感也很棒，灯效酷炫。绝对是游戏玩家的不二之选!快充实用按网上步骤验机是新机完美游戏神器，畅玩无忧!,0,否,5,16G,1T,UNK
1168,o***d,2025-12-11,全能电竞Y7000 【新】U7-255HX/RTX5060/16G 1T,国补最后一个月入手，价格还算可以吧。到手后没联网试了试，机器都正常，但是16:10的屏幕用着真不太习惯，有种老式ibm t系列那种机器的味道，用剪辑软件界面有点高，还是得外接屏幕才能适应,0,否,5,16G,1T,UNK
1169,D***斌,2025-11-27,全能电竞Y7000 【新】U7-255HX/RTX5060/16G 1T,外观质感超赞，金属机身拿在手里很有分量！■开机画面简洁大气，LEGION标志瞬间点燃游戏激情～键盘手感舒适，打字敲代码都流畅自如 散热表现也很给力，长时间使用不烫手整体体验非常满意，值得入手！,0,该店铺购买≥10次,5,16G,1T,UNK
1170,jd_k7662ns1ahn6mx,2025-12-19,全能电竞Y7000 【新】U7-255HX/RTX5060/16G 1T,使用流程，买来办公和玩饥荒的，很快，一点都不卡顿，显示效果也很好。不适合移动办公，电脑有点重，充电器也不小。稳稳的放在家里没问题成功激活了赠送的Office，刚开始激活不成功，换时间多试几次就好了。售后人员也耐心解答问题。物流很快，包装的很好。键盘手感还不错，没什么特别。整体都挺满意的！长时间用没发现烫手。灯光效果也满意。,0,否,5,16G,1T,UNK
1171,jd_EUVWgxyPEhDn,2025-11-10,全能电竞Y7000 【新】U7-255HX/RTX5060/16G 1T,拆开看了下，摸着手感还不错，不是那种塑料感觉，我自己平常用的是商务本，看这个觉得质感不比商务本差，拿在手上重量也感觉还行。底部、后侧，看上去都有散热口，显示器铰链没有紧挨着后侧的出风口，感觉这设计还不错。给姑娘买的礼物，等他周末自己来开机吧，免得我开机他就少了一点喜悦，反正180天换，大厂的东西也不怕他质量出问题。,0,否,5,16G,1T,UNK
1172,Say---yes,2026-01-16,全能电竞Y7000 【新】U7-255HX/RTX5060/16G 1T,配件：接口丰富拓展性强，充电器做工精细，双硬盘位加装方便，散热系统出色，键盘手感舒适 颜色：颜色大气，很高级，很正很好看，配色耐脏 性能：性能强劲流畅，散热系统优秀，24核心处理器性能顶，双烤下CPU/GPU 温度稳定，运行大型游戏无压力 显示效果：屏幕色彩鲜艳真，分辨率高，高刷屏无拖影，显示细腻，护眼不伤眼。京东快递送货上门，一天就到了，很快。,0,否,5,16G,1T,UNK
1173,Jasoncq,2025-11-14,全能电竞Y7000 【新】U7-255HX/RTX5060/16G 1T,儿子的新电脑，首选拯救者Y7000 15代，1T，学习、娱乐二不误。处理器Ultra7 255HX，显卡RTX5060，实力满满。显示器色彩非常满意，做作业不会有色差。内存够用了，如果作业感觉慢的话以后还能扩展成32G。物流非常快，昨天下单今天就收到了。而且包装非常好，完美无损。总之是一次非常满意的购物体验,2,否,5,16G,1T,UNK
1174,jd_155379exz,2026-01-16,全能电竞Y7000 RTX5060/16核i7/2.5K屏,同价位闭眼入的全能王！14代酷睿HX处理器+140W满血RTX 5060显卡，切换安静模式办公几乎听不到风扇噪音；DC调光护眼不疲劳，1.5mm键程键盘回弹有力，全键无冲打游戏超跟手。接口丰富不用带转接头，双M.2插槽+内存插槽支持后期升级，一线品牌全国联保售后有保障，学生党、游戏党、办公族一机全搞定。,0,该店铺购买≥2次,5,UNK,UNK,UNK
1175,黑***i,2026-01-12,全能电竞Y7000 【新】U7-255HX/RTX5060/16G 1T,特地使用了一段时间才来评价，总体来说很满意！本人主要需求是办公，轻游戏，一直用的轻薄本，性能不是太好，一直觉得笔记本都这样，网页及办公软件多开之后会有卡顿，换成游戏本之后才知道原来可以这么流畅。总体来说性价比很高，很满意！,0,该店铺购买≥2次,5,16G,1T,UNK
1176,铁***吖,2025-12-01,全能电竞Y7000 【新】U7-255HX/RTX5060/16G 1T,是正品，系统没激活过，电池只使用过一次 ，应该是出厂检测时的。电脑运行很快。,0,否,5,16G,1T,UNK
1177,纯纯的单纯,2025-11-24,全能电竞Y7000 【新】U7-255HX/RTX5060/16G 1T,正品，刚看便宜下单，入手拯救者Y7000真的没踩雷！作为兼顾游戏与办公的性价比神器，它的表现完全超出预期。霜刃散热系统太靠谱，野兽模式下长时间高负载运行也不烫手降频，安静模式办公时风扇噪音几乎可忽略。A面合金材质+Y字Logo颜值在线，144Hz高色域屏幕残影少、护眼光感舒适，丰富的接口不用依赖转接器，外接设备直接连超省心。联想全国联保的售后也让人放心，无论是学生党、游戏玩家还是轻度创作者，这个价位能拿下这样均衡能打的配置，真的物超所值！,0,否,5,16G,1T,UNK
1178,jd_132104qut,2025-12-27,全能电竞Y7000 【新】U7-255HX/RTX5060/16G 1T,包装保护：非常好，保护到位外形外观：漂亮，不浮夸。非常喜欢画面品质：很精细，清晰度高运行速度：非常快，响应快游戏效果：嘎嘎稳定跑分评测：网络游戏都够用,0,该店铺购买≥2次,5,16G,1T,UNK
1179,yvonne2356,2025-10-26,全能电竞Y7000 【新】U7-255HX/RTX5060/16G 1T,包装保护：精美良好外形外观：非常大气画面品质：非常清晰运行速度：非常快游戏效果：不卡顿反应灵敏推荐大家购买尝试，外包装精良，整体很酷，大学生用起来刚刚好，打游戏也不卡顿。很好,0,该店铺购买≥2次,5,16G,1T,UNK
1180,橼橼宝宝,2025-12-23,全能电竞Y7000 【新】U7-255HX/RTX5060/16G 1T,联想电脑在业界被广泛认可，游戏电脑，满足了用户的需求。同时，联想电脑在硬件配置、性能、设计等方面都有很高的评价。今天终于拿到了梦寐以求的电脑，外观大气，可商可娱，几者都能兼顾到。,0,否,5,16G,1T,UNK
1181,k2roe0d8je7vc7,2026-01-03,全能电竞Y7000 【新】U7-255HX/RTX5060/16G 1T,上午下单，下午到货，师傅送货上门的，速度超快，给儿子买的，电脑开机速度快，玩游戏不卡顿，非常喜欢,0,否,5,16G,1T,UNK
1182,p34w5p65jv21k0,2025-10-28,全能电竞Y7000 【新】U7-255HX/RTX5060/16G 1T,包装保护：包装来到没有破损画面品质：2k画质跑分评测：180多万的跑分新款电脑可以的，生产日期是2025年10月11日。刚生产的新机子。使用流畅。三种模式可以切换。开机18秒。运行速度：流畅,0,否,5,16G,1T,UNK
1183,j***d,2025-11-08,全能电竞Y7000 【新】U7-255HX/RTX5060/16G 1T,电脑发货很快，当天下单，第二天就收到了;黑色机身，质感超绝，日常办公用，屏幕色彩很舒服。就看不累眼，键盘手感轻盈，打字很流畅，打游戏也很流畅，完全不卡顿，长时间游戏也不掉帧,3,该店铺购买≥2次,5,16G,1T,UNK
1184,烈OO,2025-12-02,全能电竞Y7000 【新】U7-255HX/RTX5060/16G 1T,别人推荐买的一款笔记本，销量很好的一款笔记本，整体比较轻薄的了，外观也好看。性能配置高，接口也丰富。就是电源个头比较大，不过毕竟是高功率游戏本需要大功率电源。,0,该店铺购买≥10次,5,16G,1T,UNK
1185,鱼排DONG,2025-12-21,全能电竞Y7000 【新】U7-255HX/RTX5060/16G 1T,这款笔记本运行平稳，静音效果良好。鲁大师核心硬件跑分182万分，击败全国88%用户，整体性能不错，性价比可以。后续有可能得再加一条内存。也提示一下，这款的内存与某音平台联想旗舰店里的Y7000p的内存是有差别的，电脑型号也略有差别。同时京东平台里的Y7000P与某音的Y7000P配置也是不同的。没太搞明白，同一型号产品，为啥会因销售平台不同而配置不同呢？希望统一产品标准，要不容易混淆。,0,该店铺购买≥2次,5,16G,1T,UNK
1186,631m7uf8c0m7x7,2025-12-28,全能电竞Y7000 【新】U7-255HX/RTX5060/16G 1T,运行流畅，颜值很高，散热性优异，噪音不大。,0,该店铺购买≥2次,5,16G,1T,UNK
1187,j***N,2026-01-26,全能电竞Y7000 【新】U7-255HX/RTX5060/16G 1T,联想拯救者笔记本大学生用足够了，就是实际用上的礼品不送，送什么垃圾会员什么的,0,否,5,16G,1T,UNK
1188,u_9bt8usw92y1b,2025-11-10,全能电竞Y7000 【新】U7-255HX/RTX5060/16G 1T,电脑给孩子学习用的，孩子挺满意，颜值在线，开机速度快，价格也实惠,0,否,5,16G,1T,UNK
1189,liuyianhuai,2025-11-30,全能电竞Y7000 【新】U7-255HX/RTX5060/16G 1T,包装保护：内外两层纸盒保护，内有泡沫固定，外形外观：外形外观看看挺好的，重量适中，不会太重，厚度适中，画面品质：画面清淅运行速度：运行速度目前挺快的,0,该店铺购买≥2次,5,16G,1T,UNK
1190,j***y,2026-01-21,全能电竞Y7000 【新】U7-255HX/RTX5060/16G 1T,联想拯救者笔记本大品牌非常不错，值得信赖！看了半年了，终于等到了。上午下单，傍晚就收到了，物流超快！两个盒子包装的，十分完好。联想拯救者笔记本电脑的性能没得说，太棒啦！跟孩子学习专业配的，孩子爱不释手！好品牌值得信赖！,0,该店铺购买≥2次,5,16G,1T,UNK
1191,將***續,2025-10-21,全能电竞Y7000 【新】U7-255HX/RTX5060/16G 1T,外形外观：外观高大上，非常喜欢，画面品质：画面清晰，流畅度高，非常喜欢得电脑跑分评测：跑分高，玩游戏爽一点都不卡游戏效果：玩起来贼爽，非常不错的电脑非常满意的一次购物,0,否,5,16G,1T,UNK
1192,jd_AtrsklISJZDE,2025-12-27,全能电竞Y7000 【新】U7-255HX/RTX5060/16G 1T,这个是第二台拯救者了，之前是20款y7000，感觉现在产品还是挺cool的，看上去比之前也偏商务办公轻薄了，国补的性价比也蛮不错??????,0,否,5,16G,1T,UNK
1193,土***-,2025-12-05,全能电竞Y7000 【新】U7-255HX/RTX5060/16G 1T,电脑收到啦，物流也很快，颜值担当，黑色机身质感绝了!开机速度飞快，几秒就搞定，追剧打游戏完全不卡顿。屏幕色彩很舒服，久看也不累眼。键盘手感轻盈，打字很流畅。续航也够用，充满电使用大半天没问题。客服态度超好，有问必答，物流也快。性价比很高，这波入手不亏。真的很喜欢??,0,否,5,16G,1T,UNK
1194,a***j,2026-01-17,全能电竞Y7000 【新】U7-255HX/RTX5060/16G 1T,基于我对联想Y7000笔记本电脑的了解，这是一款高性能游戏本，适合追求流畅体验的用户。其亮点包括强劲的处理器和显卡组合，能轻松运行大型游戏和创意软件；散热系统设计出色，长时间使用也能保持稳定；外观时尚，键盘手感舒适。缺点在于机身较重（约2.5kg），便携性稍差，且电池续航一般（日常使用约4-5小时）。总体性价比高，推,0,该店铺购买≥2次,5,16G,1T,UNK
1195,5***2,2025-11-25,全能电竞Y7000 【新】U7-255HX/RTX5060/16G 1T,电脑收到啦，物流也很快，颜值担当，黑色机身质感绝了!开机速度飞快，几秒就搞定，大学生使用 打游戏追剧完全不卡顿。屏幕色彩很舒服，久看也不累眼。键盘手感轻盈，打字很流畅。续航也够用，充满电使用大半天没问题。客服态度超好，有问必答，物流也快。性价比很高，这波入手不亏。真的很喜欢,16,否,5,16G,1T,UNK
1196,阿霍同学,2025-10-25,全能电竞Y7000 【新】U7-255HX/RTX5060/16G 1T,使用联想拯救者Y7000 AI高静游戏本，体验超棒！性能强劲，Ultra7 255HX处理器搭配RTX5060显卡，游戏流畅无压力。16G内存和1T存储，足够满足各种需求。2.5K分辨率与180Hz刷新率，画面细腻且流畅。国家补贴20%更划算。总体评价：性价比高，强烈推荐给游戏爱好者！,0,否,5,16G,1T,UNK
1197,jd_182313ssh,2026-01-03,全能电竞Y7000 【新】U7-255HX/RTX5060/16G 1T,外形外观：黑色的很高级的配色，摸起来触感也很好运行速度：新款的处理器，也很快，打游戏也不会卡，现场去京东mall看了实物感觉重量，外观各方面都符合我的口味，外接接口也比较多，果断下单，早买早享受啊,0,该店铺购买≥2次,5,16G,1T,UNK
1198,jd_5v9u72p7a1d57h,2025-12-05,全能电竞Y7000 【新】U7-255HX/RTX5060/16G 1T,性能与质感兼具，拯救者Y7000堪称主流价位全能标杆在6K-7K价位段的游戏本市场中，联想拯救者Y7000始终是绕不开的优质之选，凭借扎实的性能调校、贴心的细节设计与超高性价比，成为学生党、游戏玩家及轻度创作人群的心头好，每一代升级都延续经典质感，更带来越级体验，实力诠释“均衡全能”的核心优势。硬核性能是拯救者Y7000的核心底气，搭载英特尔13代/14代酷睿HX系列处理器，最高16核24线程配置，睿频直冲5.2GHz，多任务运行、编程分析或是软件多开都游刃有,0,否,5,16G,1T,UNK
1199,和煦阳光18,2026-01-15,全能电竞Y7000 【新】U7-255HX/RTX5060/16G 1T,窄屏设计挺好的，屏幕大。还有小键盘使用非常方便，运行速度流畅，非常好。,0,该店铺购买≥2次,5,16G,1T,UNK
1200,广***板,2025-12-08,全能电竞Y7000 【新】U7-255HX/RTX5060/16G 1T,昨天下单，今天早上送到，很满意。装机很方便，自带AI移机软件，可以把旧电脑的应用和文件一次性转过来，这个很赞！然后运行了魔兽世界最高画质，非常流畅！显示质感跟上一代游戏本不是一个档次，甚至有点墨水屏的错觉了。重量可以接受，带出门旅行也是ok的。总之，非常满意。,0,该店铺购买≥2次,5,16G,1T,UNK
1201,华府天地,2025-12-13,全能电竞Y7000 【新】U7-255HX/RTX5060/16G 1T,"关注这款U7,5060联想游戏本有一段时间了，在京东有国补加满减确实是很划算，笔记本收到后完全符合预想，沈阳仓发货，一天就到了，真方便！",0,否,5,16G,1T,UNK
1202,u***s,2025-12-15,全能电竞Y7000 【新】U7-255HX/RTX5060/16G 1T,联想拯救者笔记本电脑办公画图很流畅！Fn+q模式切换太好用了！非常喜欢??????????????????，外接方便，灯光效果酷??，游戏流畅，超强散热！,0,该店铺购买≥2次,5,16G,1T,UNK
1203,e***s,2025-12-19,全能电竞Y7000 【新】U7-255HX/RTX5060/16G 1T,金属机身质感在线，性能释放稳定，多任务切换无压力！窄边框/高刷屏/视觉爽，散热静音兼顾，学生党游戏办公都适配！目前非常满意的笔记本！,0,该店铺购买≥2次,5,16G,1T,UNK
1204,u_iw1yk46h6t4f,2025-11-01,全能电竞Y7000 【新】U7-255HX/RTX5060/16G 1T,拯救者Y7000收到货了，哦买嘎yyds！包装、外观、物流都太满意了！给孩子买的打比赛用的，用了补贴比线下便宜了不少！画质很流畅，以后买笔记本只信任京东！,0,否,5,16G,1T,UNK
1205,zgh99124,2025-10-29,全能电竞Y7000 【新】U7-255HX/RTX5060/16G 1T,物流速度很快，包装完好，两层保护。,0,该店铺购买≥2次,5,16G,1T,UNK
1206,jd_3bk1mc80s5vf6t,2025-12-13,全能电竞Y7000 【新】U7-255HX/RTX5060/16G 1T,电脑收到啦，物流也很快，颜值担当，黑色机身质感绝了！开机速度快，几秒就搞定，大学生使用 打游戏追剧完全不卡顿。屏幕色彩很舒服，久看也不累眼。键盘手感轻盈，打字很流畅。续航也够用，充满电使用大半天没问题。客服态度超好，有问必答，物流也快。性价比很高，这波入手不亏。真的很喜欢,0,否,5,16G,1T,UNK
1207,n9f6394cv135eb,2025-11-16,全能电竞Y7000 【新】U7-255HX/RTX5060/16G 1T,这款Y7000的配置很不错，很适合喜欢打游戏的人，英伟达XTX5060独立显卡轻松应对各种大型游戏，酷睿U7 255HX的CPU运行速度非常流畅，我自己又单独加了16G内存和2T固态硬盘，满足了我日常生活中的所有需求，现在是运行速度快，硬盘容量大，游戏体验高，不愧是大品牌，让我很满意。,0,否,5,16G,1T,UNK
1208,小聂会员4307,2025-10-27,全能电竞Y7000 【新】U7-255HX/RTX5060/16G 1T,这次购物体验总体来说还是挺满意的??。商品质量不错，物流速度也很快，包装也很仔细，没有任何损坏。客服态度很好，回复问题很及时。唯一需要注意的是，部分商品可能和描述有些出入，但大体上都很满意??。希望未来能在产品细节上再多加注意，继续提升服务水平。总的来说一次愉快的网购经历！,0,否,5,16G,1T,UNK
1209,狂暴的包子,2025-11-23,全能电竞Y7000 【新】U7-255HX/RTX5060/16G 1T,物流很快，第二天就送到了。外观设计大气又简洁，机身摸起来材质高级，手感绝佳，光看外观就觉得物超所值。开机很流畅，还没测试游戏，但想必不会差，大品牌还是值得信赖！,0,否,5,16G,1T,UNK
1210,猎魔人王富贵,2025-11-06,全能电竞Y7000 【新】U7-255HX/RTX5060/16G 1T,包装5星好评，还有防摔标识。对我们这些远来的客人极其友好，怕运输途中损坏，让人担忧，念念不忘，不过好在到了，拆开快递心喜来潮，迫不得已设置下载安装，比原来的老配置强上一百倍，速度提升没话说，就是太贵了，不过好在有国补可以补上了，真的希望一直有国补，外观超喜欢，LOGO也喜欢，真的很酷炫。,0,该店铺购买≥2次,5,16G,1T,UNK
1211,jd_x4s7987fkdxyhh,2025-11-18,全能电竞Y7000 【新】U7-255HX/RTX5060/16G 1T,快递是真的快，晚上九点下单，第二天上午十点就拿到了，京东国补下价格还是很香的。y7000u7兼顾游戏本与办公本，重量也不是很重，颜值嘎嘎高，接口丰富，外接方便。,0,该店铺购买≥2次,5,16G,1T,UNK
1212,交给时间123,2025-12-19,全能电竞Y7000 【新】U7-255HX/RTX5060/16G 1T,新机到了班都不想上了 外观精致 不笨重 玩游戏一点问题没有 激活之后就可以直接使用 太方便了 客服也很有耐心 京东品质值得信赖,0,否,5,16G,1T,UNK
1213,j***g,2025-10-31,全能电竞Y7000 【新】U7-255HX/RTX5060/16G 1T,运行速度：运行速度：很快联想拯救者电脑收到啦，颜值超预期，黑色冰費质感绝了！开机速度飞快，几秒就搞定，日常办公、追剧完全不卡顿。屏幕色彩很舒服，久看也不累眼。键盘手感轻盈，打字很流畅。续航也够用，充满电办公大半天没问题。客服态度超好，有问必答，物流也快。性价比很高,0,否,5,16G,1T,UNK
1214,哈喽哈喽mm9,2025-11-02,全能电竞Y7000 【新】U7-255HX/RTX5060/16G 1T,电脑收到啦，颜值超预期，黑色机身质感绝了！开机速度飞快，几秒就搞定，日常办公、追剧完全不卡顿。屏幕色彩很舒服，久看也不累眼。键盘手感轻盈，打字很流畅。续航也够用，充满电办公大半天没问题。客服态度超好，有问必答，物流也快。性价比很高，这波入手不亏，推荐给需要的朋友～,3,否,5,16G,1T,UNK
1215,a***3,2025-11-15,全能电竞Y7000 【新】U7-255HX/RTX5060/16G 1T,配置比7000p差点，一分钱一分货嘛，价格也便宜点，实际使用体验还是良好的。ultra系列太适合做笔记本了，温度低功耗低，居家外用两相宜。,0,该店铺购买≥2次,5,16G,1T,UNK
1216,Yue_-Q,2025-10-21,全能电竞Y7000 【新】U7-255HX/RTX5060/16G 1T,电脑终于到了，然后这个很喜欢，然后是样子挺轻挺轻盈的很好打开电脑都挺畅顺的，笔记本用的挺方便，而且打游戏应该挺好的，然后是很畅顺很喜欢的电脑，很不错。,0,该店铺购买≥2次,5,16G,1T,UNK
1217,雪梨zl,2026-01-26,全能电竞Y7000 【新】U7-255HX/RTX5060/16G 1T,电脑外观简约大方，性能强，使用起来很好上使用后手。电脑屏幕非常清晰，色彩鲜艳，电脑键盘手感非常好，按键反应灵敏，电脑音响效果非常好，重量适中，非常适合打游戏用 配置可以,0,该店铺购买≥2次,5,16G,1T,UNK
1218,u_gqdyqipfpxz8,2026-01-06,全能电竞Y7000 【新】U7-255HX/RTX5060/16G 1T,本来想买一个办公的电脑，最后选择了联想YP7000游戏本。主要是他性能强劲，搭载高配置处理器和独立显卡，不但适合画图设计办公，也可以玩游戏，两不耽误。散热系统高效，声音小，长时间使用也能保持稳定。外观设计简约大气，机身轻薄便携，方便日常携带。键盘手感舒适，按键反馈清晰，操作体验出色。整体性价比高。,0,否,5,16G,1T,UNK
1219,j***0,2025-12-10,全能电竞Y7000 【新】U7-255HX/RTX5060/16G 1T,拯救者笔记本性能拉满，游戏办公无卡顿，高刷屏观感舒适，散热给力噪音小，接口齐全质感佳，全能实用性价比超高，闭眼入不亏。,0,否,5,16G,1T,UNK
1220,jd_9002sfc2xm8mj4,2025-11-26,全能电竞Y7000 【新】U7-255HX/RTX5060/16G 1T,联想拯救者Y7000性能强悍，Ultra7+RTX5060游戏无压力，2.5K高刷屏画质绝，散热优秀，游戏办公都给力，值得推荐！,0,否,5,16G,1T,UNK
1221,Nuyoah607,2026-01-07,全能电竞Y7000 【新】U7-255HX/RTX5060/16G 1T,虽然还没跑分但我觉得现在用的很好，屏幕画质很清，运行很快,0,否,5,16G,1T,UNK
1222,j***b,2025-11-12,全能电竞Y7000 【新】U7-255HX/RTX5060/16G 1T,电脑很不错，外包装无破损，外观很好看，画面清晰细腻，适合办公使用，散热不错，外接也挺方便的，接口数量够多，图像处理功能也不错。挺好挺好,0,否,5,16G,1T,UNK
1223,跑火哥,2025-11-25,全能电竞Y7000 【新】U7-255HX/RTX5060/16G 1T,超级厚实，用料扎实??，联想笔记本的品质是绝对可以的，对拯救者的性能是绝对认可的，号称联想小怪兽，用了一段时间，散热效果超级不错,0,该店铺购买≥2次,5,16G,1T,UNK
1224,随风飞322,2025-12-08,全能电竞Y7000 【新】U7-255HX/RTX5060/16G 1T,期待好久好久好久的电脑终于到手了，给小侄子买的，学艺术的对设计应该要求满高的，那非拯救者不可了，期待它能够有有好的表现吧。,0,该店铺购买≥2次,5,16G,1T,UNK
1225,j***b,2026-01-17,全能电竞Y7000 【新】U7-255HX/RTX5060/16G 1T,电脑很快收到了，黑色机身质感超绝，开机速度快，外接方便，大学生使用，游戏追剧不卡顿，屏幕色彩丰富，键盘手感舒服，续航也好，客服有问必答，京东快递服务也好，满意的一次购物,0,否,5,16G,1T,UNK
1226,jd_v8lo9w15scx5pl,2025-11-02,全能电竞Y7000 【新】U7-255HX/RTX5060/16G 1T,电脑发货里里外外保护的很到位第二天就到了，颜值很高选了好久的，机身金属质感摸起来手感超好，电脑开机真快，屏幕分辨率高，看久了也不累，用了大半天续航也很给力。,1,否,5,16G,1T,UNK
1227,1p3ns911ldbp0l,2025-11-04,全能电竞Y7000 【新】U7-255HX/RTX5060/16G 1T,笔记本电脑做工精细，用料足，设计精美，显示效果优秀，散热好，性能强大，质量好，优惠力度大，非常实惠，服务好。最近几年几乎每年都买一台。,0,该店铺购买≥2次,5,16G,1T,UNK
1228,心地善良胡图图,2025-12-03,全能电竞Y7000 【新】U7-255HX/RTX5060/16G 1T,性能非常足，很稳定，打游戏时声音也很小，平时办公就跟安静了，基本感觉不到声音。屏幕素质也是处于顶级水平。物流很快，头天买，隔天就到了，很不错,6,否,5,16G,1T,UNK
1229,小牛1986,2025-10-27,全能电竞Y7000 【新】U7-255HX/RTX5060/16G 1T,产品完美，性能OK,0,该店铺购买≥10次,5,16G,1T,UNK
1230,华里六月,2025-11-19,全能电竞Y7000 【新】U7-255HX/RTX5060/16G 1T,整了一个乌龙，晒单好评晒单晒到服务上面去了，还等了十几天的赠品，哈哈哈。这款电脑不管是打3a游戏还是追剧，非常棒，一机走天下。,0,否,5,16G,1T,UNK
1231,jd_jb685d25i168we,2025-12-05,全能电竞Y7000 【新】U7-255HX/RTX5060/16G 1T,物流很快，隔天就送到了。新机包装完整精美，金属a面没有想象中很粘指纹，搭载的最新处理器和RTX5060显卡，跑分也不错，主流游戏丝滑畅玩无压力。高刷屏观感也很爽，散热给力噪音小，续航也比预想好。快充实用 按网上步骤验机是新机 完美 收起,0,否,5,16G,1T,UNK
1232,燃刃伤痕,2025-12-27,全能电竞Y7000 【新】U7-255HX/RTX5060/16G 1T,刚拆箱用了几天，拯救者Y7000的表现超出预期，京东品牌值得信赖，外观很好看，玩《赛博朋克2077》开2.5K画质稳帧，风扇噪音控制得特别好，凑近了才听到点声音，补贴后这个价格真的太值了！赞赞赞????????????，强烈推荐,0,该店铺购买≥2次,5,16G,1T,UNK
1233,w***2,2026-01-16,全能电竞Y7000 【新】U7-255HX/RTX5060/16G 1T,1.?性能能打：U7+RTX5060，3A游戏高画质流畅，办公多开无压力；?2.?散热给力：四出风口设计，高负载不发烫，风扇噪音克制；?3.?屏幕舒服：2.5K 180Hz高刷屏，色彩准、无拖影，护眼DC调光；?4.?接口齐全：HDMI/USB-A/C/网线口都有，拓展无压力；?5.?性价比高：这个配置这个价，同价位没对手，京东还能领补贴。,0,该店铺购买≥2次,5,16G,1T,UNK
1234,想取个昵称太难了-,2026-01-03,全能电竞Y7000 【新】U7-255HX/RTX5060/16G 1T,挺好的，物流特别快，检查了一下没有问题，体验感很好。是官方正品，推荐。,0,否,5,16G,1T,UNK
1235,-LwzzwL-,2025-12-19,全能电竞Y7000 【新】U7-255HX/RTX5060/16G 1T,包装保护：包装厚实，严密，泡棉保护。外形外观：外观好看大气。画面品质：画质清晰。运行速度：运行速度快。,0,该店铺购买≥2次,5,16G,1T,UNK
1236,j***9,2025-11-24,全能电竞Y7000 【新】U7-255HX/RTX5060/16G 1T,联想拯救者Y7000给我的使用体验相当不错。首先，它的性能表现非常稳定，无论是日常办公还是玩大型游戏，都能流畅运行。其次，屏幕显示效果出色，色彩鲜艳，分辨率高，长时间使用也不易疲劳。键盘手感舒适，散热系统也相当高效，长时间使用机身温度控制得很好。优点方面，Y7000的性价比很高，在同价位产品中表现突出。此外，它的设计简约而不失时尚，非常适合学生和年轻职场人士。总体而言，联想拯救者Y7000是一款值得推荐的笔记本电脑，特别适合那些需要兼顾工作和娱乐的用户。推荐度：8/10。,0,该店铺购买≥2次,5,16G,1T,UNK
1237,s***8,2025-11-17,全能电竞Y7000 【新】U7-255HX/RTX5060/16G 1T,送货很快，买来做设计用的，基本各种软件和游戏都能顺利安装，运行流畅，音质也还行，外观很漂亮，除了价格贵了点，其余都不错。,0,该店铺购买≥2次,5,16G,1T,UNK
1238,jd_401726849,2026-01-05,全能电竞Y7000 【新】U7-255HX/RTX5060/16G 1T,买的时候犹豫了好几次，也比较了很多电脑，最后还是决定买拯救者，我朋友五年前买的拯救者现在依然流畅。在拯救者系列里面最后选择了这个，主要是因为这个电脑比较均衡，打游戏没问题，噪音也低，而且还有专门用于的AI的配置，个人打游戏较少，但是需要运行大型软件，用这个挺合适的，我觉得还是很满意的，实际用起来也是没有问题。,0,该店铺购买≥2次,5,16G,1T,UNK
1239,j***5,2025-12-22,全能电竞Y7000 【新】U7-255HX/RTX5060/16G 1T,上一台笔记本就是Y7000，这次换新还是Y7000，依旧好用。U7+5060打大部分3A中高画质都还行，部分游戏开DLSS也很流畅。笔记本整体颜值也挺好看的，感觉总体比几年前的Y7000更好看点。京东物流速度也挺快，次日达。,0,该店铺购买≥2次,5,16G,1T,UNK
1240,jd_x69i9tq65cjnlc,2025-11-11,全能电竞Y7000 【新】U7-255HX/RTX5060/16G 1T,电脑很好，物流很快，第二天就到达了，弟弟很喜欢，开箱验机都没啥问题，一如既往支持拯救者，希望拯救者越来越好。下次还买拯救者,0,该店铺购买≥2次,5,16G,1T,UNK
1241,jd_185321soc,2026-01-14,全能电竞Y7000 【新】U7-255HX/RTX5060/16G 1T,联想Y7000到货超满意!机身简约大气，线条利落使用后质感扎实耐看，键盘键程适中，敲击手感舒服，打字顺手。开机秒进系统，运行流畅不卡顿，多任务切换丝滑，响应速度超快，体验感拉满,0,否,5,16G,1T,UNK
1242,jd_198616zad,2026-01-07,全能电竞Y7000 【新】U7-255HX/RTX5060/16G 1T,屏幕显示效果也非常棒，色彩鲜艳，画面清晰，无论是看电影还是做设计，都能给我带来绝佳的视觉享受。散热系统也很给力，长时间使用电脑，机身也不会过热，风扇的噪音也很小，不会影响我的工作和学习。cpu，显卡性能很强。总之，这款笔记本电脑无论是外观、性能还是续航，都完全超出了我的预期。,1,该店铺购买≥2次,5,16G,1T,UNK
1243,jd_fvmr46i427tfy7,2025-11-07,全能电竞Y7000 【新】U7-255HX/RTX5060/16G 1T,联想拯救者电脑收到啦，颜值超预期，黑色机后身质感绝了!开机速度飞快，几秒就搞定，白常办公、追剧完全不卡顿。屏幕色彩很舒服，久看也不累眼。键盘手感轻盈，打字很流畅。续航也够用，充满电办公大半天没问题。客服态度超好，有问必答，物流也快。性价比很高，这波入手不亏。,0,否,5,16G,1T,UNK
1244,情侣BK,2025-11-19,全能电竞Y7000 【新】U7-255HX/RTX5060/16G 1T,第一次入手笔记本，选了拯救者非常的给力，Y7000全新款酷睿处理器，物流也非常快，第2天就能收到 游戏方面就不用多说了拯救者de性价比,1,否,5,16G,1T,UNK
1245,msmwzyf,2025-10-28,全能电竞Y7000 【新】U7-255HX/RTX5060/16G 1T,"联想拯救者Y7000 2025款是一款表现全面的高性能游戏本。其搭载的Ultra7 255HX处理器与RTX5060显卡组合性能强劲，能流畅运行各类3A大作。2.5K 180Hz高刷屏画面细腻流畅，""AI高静""设计在野兽模式下仍保持图书馆级的安静体验，约2kg的重量在游戏本中便携性出色，配合国家补贴政策，性价比极高，是学生和游戏玩家的优质选择。",0,该店铺购买≥2次,5,16G,1T,UNK
1246,u***9,2025-11-21,全能电竞Y7000 【新】U7-255HX/RTX5060/16G 1T,电脑做工精细，是一款非常值得购买的电脑，性能强劲，运行速度超快，多任务处理毫无压力。外观设评中后简约时尚，而且散热效果也不错长时间使用也不会过热。性价比超高，真心推荐！处理器很给力，开机迅速，软件响应快。键盘手感舒适，触控板也很灵敏,0,该店铺购买≥2次,5,16G,1T,UNK
1247,刘***妹,2025-10-29,全能电竞Y7000 【新】U7-255HX/RTX5060/16G 1T,选电脑选了很久很久，功课做足，最终选定联想拯救者，不愧是一线大牌，做工精美，机子有分量，配置高，价格合适，无论是运行office软件还是cad等专业软件，速度都非常快，双显卡太牛叉了。 还送了正版office软件的终身使用权，真好，感谢联想。,1,该店铺购买≥2次,5,16G,1T,UNK
1248,jd_ellen.928,2025-12-23,全能电竞Y7000 【新】U7-255HX/RTX5060/16G 1T,发货速度很快，包装完好！同事推荐的款式，同事是专业的，蹲了一段时间，担心涨价，赶紧下单。主要用来办公，外观简洁大气。,0,否,5,16G,1T,UNK
1249,u***7,2025-11-28,全能电竞Y7000 【新】U7-255HX/RTX5060/16G 1T,物流很快，第二天就到了。U7加5060，符合期望，是预算内的配置价格，是心心念念的配置。很安逸的一次购物。开启打瓦和AI剪辑时代,0,否,5,16G,1T,UNK
1250,飞翔的天0,2025-10-22,全能电竞Y7000 【新】U7-255HX/RTX5060/16G 1T,拯救者7000到了，拆开试了下反应速度超级流畅。颜值逆天，自带联想电脑管家也非常好用。游戏跑起来很顺畅。联想大品牌值得信赖。,1,该店铺购买≥2次,5,16G,1T,UNK
1251,jd_6o816lpf3lmm8j,2025-11-04,全能电竞Y7000 【新】U7-255HX/RTX5060/16G 1T,快递非常的快，次日就送货上门了，包装也非常严实，都有海绵包裹住，对于我来说是完全够用的，在买之前也有做了功课，屏幕的分辨率很好，运行顺畅。,0,否,5,16G,1T,UNK
1252,东***枝,2025-11-26,全能电竞Y7000 【新】U7-255HX/RTX5060/16G 1T,y7000看了很久 今年上新的cpu 收到很漂亮 流畅完美 拿来打游戏工作都很得心应手 也很安静 拓展借口也很多 满足各类需求,0,否,5,16G,1T,UNK
1253,m***e,2025-12-21,全能电竞Y7000 【新】U7-255HX/RTX5060/16G 1T,卖家发货速度快，师傅送货也快，态度和蔼认真。包装严密，没有损坏。笔记本电脑机身外观大气，做工精良。到了就迫不及待下载了一些游戏。2.5K画质细腻，搭载U7-255HX-RTX5060玩游戏丝滑顺畅不卡顿，散热也很棒，非常满意！！ 收起,0,否,5,16G,1T,UNK
1254,温吞山下,2025-12-21,全能电竞Y7000 【新】U7-255HX/RTX5060/16G 1T,??这款笔记本真的太给力了！??图形处理超流畅，玩游戏毫无压力～??接口丰富，扩展性很强，日常使用完全够用?散热效果也很好，长时间运行也不烫手??灯光效果炫酷十足，颜值在线??整体体验非常满意，强烈推荐！????,0,该店铺购买≥2次,5,16G,1T,UNK
1255,告***密,2026-01-10,全能电竞Y7000 【新】U7-255HX/RTX5060/16G 1T,??联想拯救者电脑，简直是我的移动工作站！它不仅外观酷炫，而且性能也非常强大。无论是游戏还是工作都能轻松应对，让我在忙碌中找到一丝宁静。真是物超所值啊,0,否,5,16G,1T,UNK
1256,Orangesodada,2026-01-03,全能电竞Y7000 【新】U7-255HX/RTX5060/16G 1T,拯救者Y7000性能炸裂，游戏办公两不误，颜值手感双在线。Y7000入手不亏，散热给力，高色域屏太香，性价比直接拉满！拯救者Y7000真香机，多任务无压力，接口全携带还方便！,0,该店铺购买≥2次,5,16G,1T,UNK
1257,u_o8sqiefz7aww,2025-11-23,全能电竞Y7000 【新】U7-255HX/RTX5060/16G 1T,物流很快，第二天就收到了，外甥女很喜欢，很流畅，太喜欢了，可以满足玩游戏和日常学习，这款笔记本性价比很高,0,该店铺购买≥2次,5,16G,1T,UNK
1258,吃瓜子的汪汪汪,2026-01-25,全能电竞Y7000 【新】U7-255HX/RTX5060/16G 1T,上一部电脑是 2018 年的拯救者，体验还不错，6 年过去了，继续买新一款的拯救者，希望越做越好，速度很快这台拯救者笔记本真是“老当益壮”，六年用下来依旧稳如老狗，这次换新机更是速度飞起！开机快得像闪电，运行流畅得仿佛在滑冰，键盘手感也超舒服?，拍照还自带“办公氛围感”。继续支持国产硬核装备，下次再冲！,0,该店铺购买≥2次,5,16G,1T,UNK
1259,jd_q19lymmiwa157q,2025-11-09,全能电竞Y7000 【新】U7-255HX/RTX5060/16G 1T,这次购物体验很棒。商品包装严实，到手完好无损。客服态度好，有问必答。产品手感舒适，机型外观简洁好看，实用性与颜值兼具，值得推荐。,0,否,5,16G,1T,UNK
1260,j***o,2025-12-05,全能电竞Y7000 【新】U7-255HX/RTX5060/16G 1T,**《联想笔记本使用感受》**# 一、外观设计：它的整体造型简约时尚，线条流畅，外壳材质质感十足。# 二、性能表现它配备了高性能的处理器，英特尔酷睿系列处理器，能够轻松应对多任务处理。散热系统设计合理，在长时间使用后，机身温度控制在一个较为舒适的范围，不会因为过热而导致性能下降。# 三、屏幕显示屏幕显示效果也是联想笔记本的一大亮点。高分辨率的屏幕能够呈现出清晰、细腻的图像。色彩还原度较高，无论是观看高清电影还是浏览色彩丰富的图片，都能带来很好的视觉体验。,0,否,5,16G,1T,UNK
1261,约***尔,2025-12-18,全能电竞Y7000 【新】U7-255HX/RTX5060/16G 1T,这款笔记本电脑非常棒，性能极其优异，办公生产力满满，非常适合游戏玩家与生产力，显卡性能释放非常好！??????,0,否,5,16G,1T,UNK
1262,橘汁,2026-01-24,全能电竞Y7000 【新】U7-255HX/RTX5060/16G 1T,调了三四天 选择联想拯救者 有国补 性能可以 给朋友外甥买的希望不要让我们失望啊 联想 正在买笔记本外设 到了直接上最高画质黑神话悟空！！,0,该店铺购买≥2次,5,16G,1T,UNK
1263,jd441275xnd,2025-12-21,全能电竞Y7000 【新】U7-255HX/RTX5060/16G 1T,笔记本很轻便也有质感，硬件总体不错，送的延保也很体贴，京东购物还是更有保障，售后也放心,0,该店铺购买≥2次,5,16G,1T,UNK
1264,u_qd7u6w3p6fcl,2025-12-15,全能电竞Y7000 【新】U7-255HX/RTX5060/16G 1T,包装保护：这次购物体验蛮好的。商品的功能表现符合预期，配货速度超快，服务质量更是绝佳，耐心周到，让人感到愉悦。这次购物体验蛮好的。商品的功能表现符合预期，配货速度超快，服务质量更是绝佳，耐心周到，让人感到愉悦。,0,否,5,16G,1T,UNK
1265,jd_geJhKNKlOgfX,2026-01-15,全能电竞Y7000 【新】U7-255HX/RTX5060/16G 1T,包装保护：非常结实 一点都没有坏外形外观：非常的好 很年轻时尚画面品质：高刷新 打游戏非常好跑分评测：跑了一个高分 非常好的电脑 值得买,0,该店铺购买≥2次,5,16G,1T,UNK
1266,凹凸曼奥恩,2025-10-24,全能电竞Y7000 【新】U7-255HX/RTX5060/16G 1T,宝贝收到立马打开试用了一下，非常流畅，外观看起来也是很舒服，办公娱乐都能满足，相当满意，喜欢的朋友赶快下单吧。,0,否,5,16G,1T,UNK
1267,WANGYF_-,2025-11-10,全能电竞Y7000 【新】U7-255HX/RTX5060/16G 1T,很好，不是很厚重画面品质：屏幕刷新率很高，看着舒服，显色也不错游戏效果：目前所有3A大作轻松无压力,0,该店铺购买≥2次,5,16G,1T,UNK
1268,j***w,2025-11-30,全能电竞Y7000 【新】U7-255HX/RTX5060/16G 1T,物流很快，隔天就送到了。新机包装完整精美，金属a面没有想象中很粘指纹，搭载的最新处理器和RTX5060显卡，跑分也不错，主流游戏丝滑畅玩无压力。高刷屏观感也很爽，散热给力噪音小，续航也比预想好。快充实用 按网上步骤验机是新机 完美,0,否,5,16G,1T,UNK
1269,箱***空,2025-12-19,全能电竞Y7000 【新】U7-255HX/RTX5060/16G 1T,性能强悍，高刷屏流畅，散热好，键盘手感棒，性价比超高。打游戏、做设计都不在话下，买就对了!电脑运行起来非常流畅，外观也还不错，性价比拉满值得购买，后续会持续关注，玩游戏作图应该不在话下非常适合学生党使用,0,该店铺购买≥10次,5,16G,1T,UNK
1270,j***d,2025-11-07,全能电竞Y7000 【新】U7-255HX/RTX5060/16G 1T,超赞	已购 全能电竞Y7000 RTX50真是超出了我的预期京东给了我大大的惊喜 一如既往的没有让我失望包装保护:箱子里面每个零件都用独立泡沫袋分装，连说明书都夹在两层硬纸板中间，这防摔措施很用心，收到货完好无损。外形外观:这款产品的外形外观真的太赞了，大气简洁，让人一看就喜欢，无论是颜色还是造型都非常符合我的审美要求。而且它的材质也很高级，摸起来手感超好。,1,否,5,16G,1T,UNK
1271,jd143015pxm,2025-11-04,全能电竞Y7000 【新】U7-255HX/RTX5060/16G 1T,性能比较强，打pubg嘎嘎好玩，2.5k屏幕相当清晰。风扇静音很好，就像轻薄本一样。没有噪音，很满意，是同价位值得推荐。！,0,否,5,16G,1T,UNK
1272,k88ko0lwx8e8mb,2025-11-10,全能电竞Y7000 【新】U7-255HX/RTX5060/16G 1T,联想一贯的支持者，旧的r7000p用了快六年了，国补申请了几次都没中，这款出了新的活动就买了，游戏和剪辑用下来都不错，画质2.5k也比之前的清晰不少，鸟枪换炮啦??显卡5060基本上主流游戏也都够用了，希望后续表现能持续给力,0,该店铺购买≥2次,5,16G,1T,UNK
1273,j***l,2025-12-16,全能电竞Y7000 【新】U7-255HX/RTX5060/16G 1T,这款Y7000游戏本性能强劲，Ultra 7处理器搭配RTX 5060显卡流畅运行大型游戏??，散热优秀不烫手??，屏幕色彩细腻观感出色??。物流快，包装严实，客服态度好??。整体体验超值，值得入手！！,0,该店铺购买≥10次,5,16G,1T,UNK
1274,Luca_J,2025-11-26,全能电竞Y7000 【新】U7-255HX/RTX5060/16G 1T,多种模式可选，兼顾工作模式，日常模式，还有游戏模式，设计非常不错。新机还能每日抽奖，非常棒！,0,该店铺购买≥2次,5,16G,1T,UNK
1275,jd_137706nfjb,2025-11-08,全能电竞Y7000 【新】U7-255HX/RTX5060/16G 1T,物流，是真的快，26号晚上收到，27号我就给我家小孩用。，打开包装内部填充很紧实，产品无磕碰。产品，外观无磕碰无划痕，按照教程验机，激活，流畅无卡顿，之后用有点卡顿  我把更新关了就好了，目前用的很好很流畅 性价比很高,1,否,5,16G,1T,UNK
1276,拖鞋-大叔,2025-11-12,全能电竞Y7000 【新】U7-255HX/RTX5060/16G 1T,包装完好，送货速度快，大品牌，有保障，联想这台Ultra7 255HX+RTX5060性能强劲，2.5K 180Hz屏观感流畅，AI高静模式低噪清凉，16G+1TB满足多场景，是游戏与创作兼顾的实力派，值得推荐购买！,0,该店铺购买≥2次,5,16G,1T,UNK
1277,凯***e,2025-12-12,全能电竞Y7000 【新】U7-255HX/RTX5060/16G 1T,大品牌值得信赖 发货超级快 头天下单第二天就收到了 京东购物有保障 本子开机非常丝滑 大品牌售后有保障,0,否,5,16G,1T,UNK
1278,四季leklubbor,2025-11-26,全能电竞Y7000 【新】U7-255HX/RTX5060/16G 1T,?这款电脑用起来真的超顺滑，运行速度飞快?，图形处理能力也很强??，长时间使用也没觉得发烫??，硬盘升级也挺方便的??。快递包装很扎实??，送货速度杠杠的??，配送员服务态度也特别好??，整体体验满分??！！,0,该店铺购买≥2次,5,16G,1T,UNK
1279,斯科費尔德,2025-10-21,全能电竞Y7000 【新】U7-255HX/RTX5060/16G 1T,联想的做工越来越好了 屏幕显示细腻 可加装内存条和固态硬盘这点很赞 拆开后盖 主板做工精细 散热管很厚实,1,该店铺购买≥2次,5,16G,1T,UNK
1280,0***7,2025-12-08,全能电竞Y7000 【新】U7-255HX/RTX5060/16G 1T,包装保护的很好，没有一点损坏，电脑运行起来十分流畅，外观设计非常不错，自己很喜欢。,0,否,5,16G,1T,UNK
1281,五***印,2026-01-12,全能电竞Y7000 【新】U7-255HX/RTX5060/16G 1T,当天下得单，当天就到了。京东快递一如即往的好。新机收到开机很流畅，颜值也很满意。这是买的第二台联想电脑了。也是相信联想的品质，好评。,0,该店铺购买≥2次,5,16G,1T,UNK
1282,Wu20233,2026-01-06,全能电竞Y7000 【新】U7-255HX/RTX5060/16G 1T,外包装完整，质感很不错，买来给对象工作用。5060还可以闲暇时间打一打联机小游戏，主要看中联想拯救者的售后和质保，期待后续的使用体验。,0,否,5,16G,1T,UNK
1283,b71046w38z8a95,2025-11-13,全能电竞Y7000 【新】U7-255HX/RTX5060/16G 1T,真是超出了我的预期 京东给了我大大的惊喜[机智][机智]一如既往的没有让我失望包装保护:箱子里面每个零件都用独立泡沫袋分装，连说明书都夹在两层硬纸板中间，这防摔措施很用心，收到货完好无损。外形外观:这款产品的外形外观真的太赞了，大气简洁，让人一看就喜欢，无论是颜色还是造型都非常符合我的审美要求。而且它的材质也很高级，摸起来手感超好。,0,否,5,16G,1T,UNK
1284,j***5,2025-12-29,全能电竞Y7000 【新】U7-255HX/RTX5060/16G 1T,京东物流很快，头天晚上下单，第二天一早就收到了，加了京东的包装，电脑开机时间16秒完成，测试接口正常，屏幕画面显示细腻，键盘按键舒适，面板使用顺畅，游戏效果全开不卡顿，长时间游戏未见发烫，是不错的体验。,0,该店铺购买≥2次,5,16G,1T,UNK
1285,jd_910167703,2025-10-26,全能电竞Y7000 【新】U7-255HX/RTX5060/16G 1T,【性能猛兽降临！拯救者Y700025款开箱实测】??姐妹们！终于等到了心心念念的拯救者Y7000~作为游戏党+设计狮，??性价比 + 主流性能选Y7000大学生 / 职场人闭眼入??【外观设计】A面金属喷砂工艺高级感拉满，摸起来凉凉的还不沾指纹！180°平展设计方便和闺蜜分享屏幕，碳晶黑机身搭配Y字信仰灯??【创作神器】16英寸专业屏，修图剪视频色彩超准（ΔE<1）！渲染速度比旧电脑快3倍，Stable Diffusion本地生图秒出大片，AI引擎还能自动优化,0,否,5,16G,1T,UNK
1286,嗯哦嗯哦了,2025-10-26,全能电竞Y7000 【新】U7-255HX/RTX5060/16G 1T,家人们，今天必须要给你们分享一下我们京东mall的联想拯救者Y7000P2025，真的太香了，完全是梦中情本!外观:它的设计简约又大气，金属机身质感满满，摸起来很有分量但又不会过于厚重，拿在手上很有质感。A面的Y字loqo还会发光，科技感直接拉满，晚上使用超酷炫!窄边框的15.9英寸屏幕，屏占比超高，视觉体验超棒，不管是玩游戏还是看电影，都能带来沉浸式的享受~性能:这配置简直无敌!英特尔酷睿i7-14650HX处理器搭配NVIDIA GeForce RTX5060显卡，16GB DDR5 5,0,否,5,16G,1T,UNK
1287,p***u,2025-11-05,全能电竞Y7000 【新】U7-255HX/RTX5060/16G 1T,一联想拯救者电脑收到啦，颜值超预期，黑色机身质感绝了！开机速度飞快，几秒就搞定，日常办公、追剧完全不卡顿。屏幕色彩很舒服，久看也不累眼。键盘手感轻盈，打字很流畅。价格实惠，性价比超高。发货很快，下单没多久就收到了,0,该店铺购买≥2次,5,16G,1T,UNK
1288,jd_6tq702rtxvfmf3,2025-11-05,全能电竞Y7000 【新】U7-255HX/RTX5060/16G 1T,真是超出了我的预期 京东给了我大大的惊喜［机智］［机智］一如既往的没有让我失望包装保护：箱子里面每个零件都用独立泡沫袋分装，连说明书都夹在两层硬纸板中间，这防摔措施很用心，收到货完好无损。外形外观：这款产品的外形外观真的太赞了，大气简洁，让人一看就喜欢，无论是颜色还是造型都非常符合我的审美要求。而且它的材质也很高级，摸起来手感超好。2秒 i.ll京,0,否,5,16G,1T,UNK
1289,4x4nmb17u0xbyq,2025-11-16,全能电竞Y7000 【新】U7-255HX/RTX5060/16G 1T,物流很快，甚至提前到了，解了燃眉之急，电脑质感很好，用起来很好上手，配置性能也很不错！,0,该店铺购买≥2次,5,16G,1T,UNK
1290,ylicu,2025-11-07,全能电竞Y7000 【新】U7-255HX/RTX5060/16G 1T,京东快递超快，第二天就收到了，包装挺好，外观炫酷，简洁大方，性价比超高，屏幕分辨率很高，SSD硬盘，U7处理器，开机速度快，多任务处理，娱乐学习流畅。还送了正版的office正版软件，整体体验很好，超级喜欢！!,1,该店铺购买≥2次,5,16G,1T,UNK
1291,不喝奶茶我要减肥,2025-10-24,全能电竞Y7000 【新】U7-255HX/RTX5060/16G 1T,??这款笔记本外观简约大气，质感十足，拿在手里很有分量感???键盘手感舒适，敲击清脆，打字效率提升不少，日常办公很顺手????续航表现令人满意，一整天使用毫无压力，散热也做得不错????快递包装严实，送货速度快，配送员服务态度超好，全程体验满分????综合来说，这是一次非常愉快的购物经历，强烈推荐给需要高性能本的朋友们????,1,否,5,16G,1T,UNK
1292,u_s92qcchzvcvw,2025-11-02,全能电竞Y7000 【新】U7-255HX/RTX5060/16G 1T,物流，是真的快，30号晚上十点下单，1号早九点收到货。包装，拿到货后外包装纸箱无破损，打开后内部填充很紧实，产品无磕碰。产品，外观无磕碰无划痕，按照教程验机，激活，流畅无卡顿，而且不像抖音里说的噪音大，总之很满意,0,该店铺购买≥2次,5,16G,1T,UNK
1293,江湖付老四,2025-10-22,全能电竞Y7000 【新】U7-255HX/RTX5060/16G 1T,物流超快，新机开箱质感拉满，金属a面没有想象中很粘指纹，搭载的最新处理器和RTX5060显卡，跑分也不错，主流游戏丝滑畅玩无压力。高刷屏观感也很爽，散热给力噪音小，续航也比预想好。快充实用 按网上步骤验机是新机 完美,2,该店铺购买≥2次,5,16G,1T,UNK
1294,零度星河,2025-12-21,全能电竞Y7000 【新】U7-255HX/RTX5060/16G 1T,笔记本电脑非常棒！画质清晰，运行速度快，卖家服务态度也很好，发货迅速。强烈推荐！超级好看,0,否,5,16G,1T,UNK
1295,Fredzsz,2025-11-11,全能电竞Y7000 【新】U7-255HX/RTX5060/16G 1T,拯救者真不错，运行非常流畅，玩游戏时画面很稳定，图形处理能力很强，灯光效果也很出色。整体使用体验很好，系统响应速度快，日常操作毫无卡顿感。快递包装严实，送货速度也很快，配送员服务态度好，整个购物过程很愉快。,0,该店铺购买≥2次,5,16G,1T,UNK
1296,m2r1e0sn8q8rje,2026-01-18,全能电竞Y7000 【新】U7-255HX/RTX5060/16G 1T,看了很多笔记本电脑，最后还是选了联想拯救者y7000，ultra7Cpu，5060独显，性能杠杠的，希望好用，哈哈哈！！！,0,否,5,16G,1T,UNK
1297,5***8,2025-12-28,全能电竞Y7000 【新】U7-255HX/RTX5060/16G 1T,给家里人买的，收到了，他用着不错，贵有贵的道理。性能好，外观ok,0,否,5,16G,1T,UNK
1298,PPXtpwmAuiZo,2025-11-25,全能电竞Y7000 【新】U7-255HX/RTX5060/16G 1T,这款笔记本电脑性能强劲，散热出色，长时间使用也不烫手??；外观时尚，接口丰富，外接设备超方便????；物流快，包装严实，客服态度好??。整体体验非常满意！???这款笔记本电脑性能强劲，散热出色，长时间使用也不烫手??；外观时尚，接口丰富，外接设备超方便????；物流快，包装严实，客服态度好??。整体体验非常满意！???,0,该店铺购买≥2次,5,16G,1T,UNK
1299,bSMJHJEJadgJ,2025-12-18,全能电竞Y7000 【新】U7-255HX/RTX5060/16G 1T,1京东送货很快，第二天就到了，机子包装之外还有一层京东的包装，还加了防震泡沫，好评，点赞。按照网上的教程验机下来发现一点问题没有，很棒的机子，非常安静。外观也漂亮，趁着还有补贴，赶紧冲鸭。,0,该店铺购买≥2次,5,16G,1T,UNK
1300,070d36e9c9bz20,2025-12-10,全能电竞Y7000 【新】U7-255HX/RTX5060/16G 1T,非常酷炫的电脑，做工非常精致，大气美观。性能优越，打开应用程序非常快，办公一点也不热，接口也很多，适合商务人士。玩游戏很流畅，也非常安静，特别适合游戏玩家。整体而言，是一台优越的游戏本。,0,该店铺购买≥2次,5,16G,1T,UNK
1301,6于开田0613,2025-11-01,全能电竞Y7000 【新】U7-255HX/RTX5060/16G 1T,太喜欢这款电脑了，运行速度特别快，按键特别灵敏，用起来特别舒适，声音特别清晰，特别款式好看，老牌子了，值得信赖,0,否,5,16G,1T,UNK
1302,小屋叭,2025-11-24,全能电竞Y7000 【新】U7-255HX/RTX5060/16G 1T,包装保护：保护完好，没有损伤外形外观：外观完整，收到产品后，我首先注意到的就是它那无瑕的外观，完好无损，细节处理得相当精细。整体设计简洁大方，放在任何环境中都能自成一格。使用起来也非常顺心，真是一次愉快的购物体验！,0,否,5,16G,1T,UNK
1303,j***n,2025-12-30,全能电竞Y7000 【新】U7-255HX/RTX5060/16G 1T,商品性能出色，散热迅速，运行流畅不卡顿??????快递包装严实，发货速度快?????配送员态度友好，服务贴心??????整体体验非常满意，值得推荐???????,0,否,5,16G,1T,UNK
1304,0***o,2025-12-21,全能电竞Y7000 【新】U7-255HX/RTX5060/16G 1T,使用流程，买来办公和玩饥荒的，很快，一点都不卡顿，显示效果也很好。不适合移动办公，电脑有点重，充电器也不小。稳稳的放在家里没问题成功激活了赠送的Office，刚开始激活不成功，换时间多试几次就好了。售后人员也耐心解答问题。物流很快，包装的很好。键盘手感还不错，没什么特别。整体都挺满意的！长时间用没发现烫手。灯光效果也满意。,0,否,5,16G,1T,UNK
1305,J***4,2025-11-08,全能电竞Y7000 【新】U7-255HX/RTX5060/16G 1T,1.?這款筆記本太驚喜！金屬外觀時尚大氣，1.3kg左右機身輕薄便攜。運行流暢無卡頓，多任務切換自如，高分辨率屏幕色彩鮮艷。鍵盤手感舒適，續航持久，辦公學習都好用，性價比超高，強力推薦！?,0,否,5,16G,1T,UNK
1306,宁***Y,2025-12-08,全能电竞Y7000 【新】U7-255HX/RTX5060/16G 1T,联想拯救者Y7000AI高静游戏本笔记本电脑已经使用一段时间了，效果很不错，五星好评！,0,该店铺购买≥2次,5,16G,1T,UNK
1307,毫无感情的柴犬,2026-01-03,全能电竞Y7000 【新】U7-255HX/RTX5060/16G 1T,上手的质感很好，反应灵敏，现场验机没有使用过的痕迹，查看电池使用记录结果显示也是全新的，暂时没有其他问题，出乎意料的顺利，,1,该店铺购买≥2次,5,16G,1T,UNK
1308,习萌倪,2025-12-23,全能电竞Y7000 【新】U7-255HX/RTX5060/16G 1T,??这款笔记本真的太香了！键盘手感超棒，打字顺滑又安静??，运行游戏毫无压力，流畅得飞起?。接口丰富，外接设备完全没问题??，长时间使用也不烫手???。包装严实，物流超快??，整体体验满分！????,1,该店铺购买≥2次,5,16G,1T,UNK
1309,h34o82sjgpi7t9,2025-10-21,全能电竞Y7000 RTX5060/16核i7/2.5K屏,联想大品牌，还是值得相信，做工很不错，开机速度可以，散热风扇声音不大，很静音，网上挑了很久，最终还是选到心仪的笔记本???已经按照抖音大神指导验机了，正品??????,1,该店铺购买≥2次,5,UNK,UNK,UNK
1310,28mr29s6qr2b26,2025-10-30,全能电竞Y7000 【新】U7-255HX/RTX5060/16G 1T,1.?性能向：i7+满血显卡，3A大作丝滑运行，性能太顶了！2.?屏幕向：2.5K高刷屏色彩准，游戏办公视觉体验都好。3.?全能向：办公多开不卡，游戏流畅，散热还靠谱。4.?实用向：接口丰富，后期能升级，性价比真心高。5.?体验向：键盘手感棒，机身轻薄，用着很顺手。,0,该店铺购买≥2次,5,16G,1T,UNK
1311,u***8,2025-11-09,全能电竞Y7000 【新】U7-255HX/RTX5060/16G 1T,买给孩子数字建模用的，京东物流头天下单，第二天就到了，拿到京东门店装完系统就可以直接用了，不错。,0,否,5,16G,1T,UNK
1312,j***6,2026-01-11,全能电竞Y7000 【新】U7-255HX/RTX5060/16G 1T,包装保护：相当不错，机器被保护得很好。外形外观：很酷炫画面品质：非常好，没有问题运行速度：很快游戏效果：还没试过让家人帮忙拆箱验机了，从视频里面截了一部分画面进行评价。第一次买联想的笔记本，还是挺不错的，有国补更加物有所值。,0,否,5,16G,1T,UNK
1313,珠***粤,2026-01-10,全能电竞Y7000 【新】U7-255HX/RTX5060/16G 1T,收到货物打开之后发现包装很好，很细致。商品的质量也很好；客服有问必答，态度好，发货速度快，对于这一个价位来说，很值得购买，给五星好评！,0,该店铺购买≥2次,5,16G,1T,UNK
1314,微光1232,2025-10-30,全能电竞Y7000 【新】U7-255HX/RTX5060/16G 1T,这款电脑的性价比确实非常出色。店家的服务态度也十分友好，物流速度让人满意，很快便收到了期待已久的电脑。电脑买回来用了几天，感觉还不错，还是比较流畅，性能还是可以。外观也比较好看，希望能陪我到大学毕业。,0,否,5,16G,1T,UNK
1315,J***美,2025-12-12,全能电竞Y7000 【新】U7-255HX/RTX5060/16G 1T,真的很喜欢，完全超出期望值，发货速度非常快，包装非常仔细、严实，运送速度很快，很满意的一次购物。这质量真是太意外了，实物比以前的同系列细致了很多，触感很好不留指纹，风扇静音效果很好,0,该店铺购买≥2次,5,16G,1T,UNK
1316,石来运转_幸福x8698,2025-12-06,全能电竞Y7000 【新】U7-255HX/RTX5060/16G 1T,发货速度快！机身外观大气做工精良。2.5k画质清晰，玩游戏丝滑顺畅不卡顿，散热好。,0,否,5,16G,1T,UNK
1317,6mk24y5i4mbe97,2025-11-22,全能电竞Y7000 【新】U7-255HX/RTX5060/16G 1T,物流非常快，第二天就到了，电脑是没有任何问题的，也是非常流畅，属于是买到自己心仪的产品了,0,该店铺购买≥2次,5,16G,1T,UNK
1318,无花草like,2025-11-08,全能电竞Y7000 【新】U7-255HX/RTX5060/16G 1T,这款游戏本心心念念了好久，终于在双十一入手，虽然价格有点儿贵，但没办法，挑去挑来就相中这款了。是喜欢的款式，没有想象中的游戏本那么厚重，配置性能不错了，希望能给我带来美好的使用体验，并坚实耐用。,0,该店铺购买≥2次,5,16G,1T,UNK
1319,w***f,2025-12-16,全能电竞Y7000 【新】U7-255HX/RTX5060/16G 1T,OK啊也是大出血了外形外观：看起来很有质感包装保护：没有破损,1,否,5,16G,1T,UNK
1320,猫蛋爱吃肉,2026-01-27,全能电竞Y7000 【新】U7-255HX/RTX5060/16G 1T,电脑颜值很高，玩游戏很丝滑，孩子非常喜欢，强烈推荐大家用这款好电脑，过年打算再过来买一个自己玩游戏用！,0,该店铺购买≥2次,5,16G,1T,UNK
1321,ilxek35137j901,2025-10-25,全能电竞Y7000 【新】U7-255HX/RTX5060/16G 1T,外甥女今年进入大学计算机系，咨询一些有经验人员后决定买了这台拯救者。虽然价格不算很便宜，但是稳定性据说好一些，不会出一些奇奇怪怪的问题。外甥女用了两个星期暂时还没有什么问题。后续有问题再来追加反馈。,0,否,5,16G,1T,UNK
1322,周***乐,2025-12-19,全能电竞Y7000 【新】U7-255HX/RTX5060/16G 1T,很好包装也很好。一直用的这款电脑。好用。以后还会买拯救者系列 好用颜值高,0,否,5,16G,1T,UNK
1323,j***o,2025-12-14,全能电竞Y7000 【新】U7-255HX/RTX5060/16G 1T,总体来说还是非常满意的，之前第一次买电脑也是买的联想拯救者，从大一用到研三，全程没有出现任何问题。用七年了，打游戏还是用3D绘图软件都很轻松。现在换电脑，还是买了联想拯救者，希望能用到读完博士。,0,该店铺购买≥2次,5,16G,1T,UNK
1324,jd_1412ut7tmzy90m,2025-12-25,全能电竞Y7000 【新】U7-255HX/RTX5060/16G 1T,电脑运行速度很快，配置较高，性价比不错，打游戏起来一点不卡，推荐使用,0,否,5,16G,1T,UNK
1325,iphonexwd,2025-11-15,全能电竞Y7000 【新】U7-255HX/RTX5060/16G 1T,联想拯救者Y7000 Ultra7 255HX 16G 1T RTX5060 2.5K 180Hz ，今年新款又是刚需，守了半个月才等到好价，当天晚上下单，第二天一早就送到了，非常满意。,0,该店铺购买≥2次,5,16G,1T,UNK
1326,jd_w801n4n9un6t41,2025-11-28,全能电竞Y7000 【新】U7-255HX/RTX5060/16G 1T,物流速度快，上午买的下午就到了，客服服务态度好，电脑配置一致，性能不错，体验可以,0,否,5,16G,1T,UNK
1327,伤***i,2025-11-06,全能电竞Y7000 【新】U7-255HX/RTX5060/16G 1T,电脑外观简约大方，性能强劲，使用起来非常舒适。电脑屏幕非常清晰，色彩鲜艳，观影效果非常棒。电脑键盘手感非常好，打字起来非常舒适，而且按键反应灵敏。电脑音响效果非常出色，声音清晰，音量大，非常适合听音乐和看电影。,0,否,5,16G,1T,UNK
1328,awake胖胖,2025-10-24,全能电竞Y7000 【新】U7-255HX/RTX5060/16G 1T,女朋友给我拍了个照，非常的好看，使用起来非常流畅，特别好用，一直在买联想的牌子，特别好，大品牌,0,否,5,16G,1T,UNK
1329,jd_135533dhb,2026-01-02,全能电竞Y7000 【新】U7-255HX/RTX5060/16G 1T,早上下单下午就到了，而且国补之后优惠很大，整机效果很好，散热够快，玩大型的游戏都不会卡机，速度挺快的，性价比很高，比预期的效果还好,0,否,5,16G,1T,UNK
1330,MgrGuXWCqzzq,2025-12-09,全能电竞Y7000 【新】U7-255HX/RTX5060/16G 1T,包装很严实，不会怕损坏，外观看着也很好看，强烈推荐大家购买啊，很好的电脑,0,否,5,16G,1T,UNK
1331,x***0,2025-11-08,全能电竞Y7000 【新】U7-255HX/RTX5060/16G 1T,电脑外观看起来也很有质感，键盘触感也是不错的，画质清晰，包装完好。,0,否,5,16G,1T,UNK
1332,添舒夏2,2025-10-28,全能电竞Y7000 【新】U7-255HX/RTX5060/16G 1T,这个电脑性价比真的高，也很流畅，比一般的品牌机要合算的多。店家人也很好，物流很快就到了。2、电脑买回来用了几天，感觉还不错，还是比较流畅，性能还是可以。外观比较好看，真是超出了我的预期。,0,否,5,16G,1T,UNK
1333,极简之路,2025-12-25,全能电竞Y7000 【新】U7-255HX/RTX5060/16G 1T,这款联想拯救者笔记本性能拉满，屏幕画质细腻，键盘手感超舒服，运行大型游戏和多任务都丝滑不卡顿，散热效果也远超预期，机身做工扎实还兼顾了便携性，是游戏本里的全能选手！,1,该店铺购买≥2次,5,16G,1T,UNK
1334,7***m,2026-01-06,全能电竞Y7000 【新】U7-255HX/RTX5060/16G 1T,磨砂质感的壳很喜欢，质感好。笔记本电脑运行流畅，推荐给同事也买了一台。其他功能还没有深度使用，后期再看看。,0,该店铺购买≥2次,5,16G,1T,UNK
1335,昆仑百草,2026-01-02,全能电竞Y7000 【新】U7-255HX/RTX5060/16G 1T,包装保护：完备外形外观：很赞特别喜欢拯救者，这一款重量合适，声音小，屏幕分辨率高，非常好，点赞????,0,该店铺购买≥2次,5,16G,1T,UNK
1336,阿佑丶,2025-11-08,全能电竞Y7000 【新】U7-255HX/RTX5060/16G 1T,电脑很好性能释放也不错，值得购买，物流速度也很快。物流很快，??产品很快就收到了，比想象中还好，不错不错！希望能耐用质量好得没话说，价格公道。物流出色，商家服务热忱，售后靠谱，赞一个！,0,否,5,16G,1T,UNK
1337,jd_135591dye,2026-01-01,全能电竞Y7000 【新】U7-255HX/RTX5060/16G 1T,5060独显，游戏办公包行，性能可以，散热声音很响，屏幕清晰没问题，接口挺多的，开机速度偏慢，快递还是超快的，没什么太大毛病。,0,否,5,16G,1T,UNK
1338,th10dno4bz5rw7,2026-01-24,全能电竞Y7000 【新】U7-255HX/RTX5060/16G 1T,联想拯救者Y7000真的绝了！外观硬朗大气，配置十分给力，游戏运行流畅不卡顿，散热也相当不错，是我用过超棒的电脑！,0,否,5,16G,1T,UNK
1339,jd_475sdt12nm2j4w,2025-11-04,全能电竞Y7000 【新】U7-255HX/RTX5060/16G 1T,到货了，质量非常好的一款产品，双11 活动用了各种券，价格，自己很满意，发货也很快，性价比很高。嗯，喜欢在京东上购物，售后有保证，京东电器自营质量有保障，满意的一次购物，物有所值，好评,0,该店铺购买≥2次,5,16G,1T,UNK
1340,j***h,2025-10-30,全能电竞Y7000 【新】U7-255HX/RTX5060/16G 1T,包装保护：很厚实很安全外形外观：电脑外观很酷画面品质：高清，很不错跑分评测：自己没跑过网友都说可以，一份价钱一分货运行速度：够快，买给家里人的，够大学四年用的了，跑仿真模拟应该没问题游戏效果：待测试，赞赞赞选了很久，还是买一个大牌子，有保障的就挺好。喜欢京东自营购买电子产品，赞赞赞,0,该店铺购买≥2次,5,16G,1T,UNK
1341,十年寒如雪_,2025-12-07,全能电竞Y7000 【新】U7-255HX/RTX5060/16G 1T,"东西发货很快，隔天就到，包装完整，没有磕碰，机器的外观设计很有质感，屏慕画面很细腻，运行原神很流畅了，风扇噪音也很小,机身重量适中，可以接受。比较满意，希望能用久一点",2,该店铺购买≥2次,5,16G,1T,UNK
1342,jd_70s3v95xj51207,2025-11-01,全能电竞Y7000 【新】U7-255HX/RTX5060/16G 1T,终于收到货了，外观很好看，做工也非常精致，配置也很高，性能也很不错，总体来说很不错。,0,否,5,16G,1T,UNK
1343,jd_152035zhi,2025-10-28,全能电竞Y7000 【新】U7-255HX/RTX5060/16G 1T,非常满意的一次购物！心心念念的新电脑终于到手了，迫不及待地开箱体验。电脑的颜值非常高，质感一流，拿在手里很有分量但又不会觉得沉，做工非常精致。开机速度惊人，几秒钟就进入桌面了。打开各种软件和网页都非常流畅，完全没有卡顿。对于我这种需要同时运行多个办公软件和浏览器标签页的用户来说，性能完全够用，甚至绰绰有余。,1,该店铺购买≥2次,5,16G,1T,UNK
1344,jd_2166p9r626ofe2,2025-11-09,全能电竞Y7000 【新】U7-255HX/RTX5060/16G 1T,包装保护：包装保护的很好，无意外外形外观：正点画面品质：刚收到货，正在研究中,0,否,5,16G,1T,UNK
1345,jd_e3a5e020fvr5q7,2025-11-21,全能电竞Y7000 【新】U7-255HX/RTX5060/16G 1T,很好，很好很好，很好，看着很棒，质感好，用着不错，我觉得还行，拯救者嗯很强,0,否,5,16G,1T,UNK
1346,u***2,2025-11-16,全能电竞Y7000 【新】U7-255HX/RTX5060/16G 1T,外包装完好京东自营旗舰店质量有保障，京东快递时效快又安心，买来公司做数据和出差用，联想笔记本一直信得过的国货品牌，开机速度快，用起来也非常流畅，希望后来一如既往的流畅和无故障。,0,否,5,16G,1T,UNK
1347,jd_JPEiBRRMXtaQ,2025-12-12,全能电竞Y7000 【新】U7-255HX/RTX5060/16G 1T,1.?拯救者Y7000性能强悍，游戏建模流畅无压力，散热静音俱佳，键盘手感舒适，性价比拉满！2.?机身轻薄便携，屏幕清晰护眼，Fn+Q模式切换实用，办公游戏全能，入手不亏～3.?配置硬核运行稳定，接口丰富拓展性强，品质靠谱，是学习工作娱乐的优质之选！,0,否,5,16G,1T,UNK
1348,jd_NNgCGdzXyuOZ,2025-11-06,全能电竞Y7000 【新】U7-255HX/RTX5060/16G 1T,电脑使用几天回才来评价，这款联想拯救者电脑做工很精细，开机迅速，运行流畅，性能强劲，性价比超高，而且京东快递非常给力，头天晚上8点多下单第二天早上10点就送到了，买大件电器只认京东,0,该店铺购买≥2次,5,16G,1T,UNK
1349,天使不说谎77,2025-10-25,全能电竞Y7000 【新】U7-255HX/RTX5060/16G 1T,东西比我想象中的还要完美，十分给力，值得入手这款商品的质量真的很棒，性价比超高，我已经推荐给我的朋友们了。正品店铺，放心购买，客服态度也很OK，整个购物过程非常顺利！下次还会再来的！赞！,0,否,5,16G,1T,UNK
1350,jd_mo031znwm9qp4g,2025-11-17,全能电竞Y7000 【新】U7-255HX/RTX5060/16G 1T,物流很快，隔天就送到了。新机包装完整精美，金属a面没有想象中很粘指纹，搭载的最新处理器和RTX5060显卡，跑分也不错，主流游戏丝滑畅玩无压力。高刷屏观感也很爽，散热给力噪音小，续航也比预想好,0,否,5,16G,1T,UNK
1351,l***0,2025-12-07,全能电竞Y7000 【新】U7-255HX/RTX5060/16G 1T,这合电脑完全超出预期！配置够用，运行速度很快，开想兩后秒开，多开程序也不卡顿。外观简约大气，做工精细，散热比想象中好很多，用了一段时间风扇噪音很小。性价比很高，适合日常办公/游戏/学习,0,否,5,16G,1T,UNK
1352,e0s5phhwll88go,2025-12-16,全能电竞Y7000 【新】U7-255HX/RTX5060/16G 1T,联想Y7000到货超满意！机身简约大气，线条利落不浮夸，质感扎实耐看，键盘键程适中，敲击手感舒服，打字顺手。开机秒进系统，运行流畅不卡顿，多任务切换丝滑，响应速度超快，体验感拉满！,0,该店铺购买≥2次,5,16G,1T,UNK
1353,1891_jd,2025-12-17,全能电竞Y7000 【新】U7-255HX/RTX5060/16G 1T,包装保护：京东原厂包装挺到位的外形外观：这12025款比我之前用的2020款更加清秀了，更加低调内敛了画面品质：这一个用的应该不是京东方的屏幕，我这个是其他屏幕运行速度：嗯，跑了一下，散热很好，245瓦的电源游戏效果：玩儿呢？玩儿和平精英模拟器和达瓦帧数都是符合现在这个配置,0,该店铺购买≥2次,5,16G,1T,UNK
1354,Wanaann,2026-01-17,全能电竞Y7000 【新】U7-255HX/RTX5060/16G 1T,第二次购买拯救者，第一台R7000用了5年，联想的品质还是很棒的，这次依然选择联想拯救者。,0,该店铺购买≥2次,5,16G,1T,UNK
1355,kent_jid,2025-11-02,全能电竞Y7000 【新】U7-255HX/RTX5060/16G 1T,联想拯救者Y7000 AI高静游戏本笔记本电脑是一款性能卓越的游戏设备，它不仅能够满足高端游戏的需求，还能应对各种专业应用场景。国家补贴20%的优惠使其性价比极高，对于寻求高性能游戏本的用户来说，这是一个不容错过的选择。尽管在电池续航和便携性方面还有提升空间，但总体而言，这是一款值得推荐的笔记本电脑。,0,该店铺购买≥2次,5,16G,1T,UNK
1356,jd_5n7o07y3nziqxa,2026-01-07,全能电竞Y7000 【新】U7-255HX/RTX5060/16G 1T,物流很快，电脑保护到位，多重模式，游戏办公两不误，长达1-2年的质保，键盘手感很好，机身轻薄，携带方便，值得入手。,0,否,5,16G,1T,UNK
1357,jd_185370snu,2026-01-10,全能电竞Y7000 【新】U7-255HX/RTX5060/16G 1T,快递很快，第二天早晨就到了。接口丰富，充电也很快，屏幕显示细腻，风扇噪音也很小。性能够用了。第二台拯救者电脑了。,0,否,5,16G,1T,UNK
1358,jd_68gf53s4yi69c0,2025-12-28,全能电竞Y7000 【新】U7-255HX/RTX5060/16G 1T,一开始想买办公本，后来想了想还是为了性能买个游戏本，但是担心游戏本的外观不太行，但是实际到货之后超出我的预期，整体都很美观，也适合正常办公使用，不错。,0,该店铺购买≥2次,5,16G,1T,UNK
1359,z***3,2025-12-24,全能电竞Y7000 【新】U7-255HX/RTX5060/16G 1T,电脑收到啦，物流也很快，颜值担当，黑色机身质感绝了!开机速度飞快，几秒就搞定，大学生使用打游戏追剧完全不卡顿。屏幕色彩很舒服，久看也不累眼。键盘手感轻盈，打字很流畅。续航也够用，充满电使用大半天没问题。客服态度超好，有问必答，物流也快。性价比很高，这波入手不亏。真的很喜欢,0,该店铺购买≥2次,5,16G,1T,UNK
1360,珠***粤,2026-01-15,全能电竞Y7000 【新】U7-255HX/RTX5060/16G 1T,非常好，拿起来很轻便，使用非常流畅，外观特别大气，包装特别严密，观感特别好，使用起来也非常棒，非常推荐大家购买,0,该店铺购买≥2次,5,16G,1T,UNK
1361,4***r,2025-12-18,全能电竞Y7000 【新】U7-255HX/RTX5060/16G 1T,考虑很久了，还是选择联想京东自营旗舰店下单；物流很快，包装防护措施很好；外观时尚，大方，美观；高清画质；分辨识度非常高，护眼效果不错；运行速度很快；游戏流畅不卡顿；值得推荐。,0,否,5,16G,1T,UNK
1362,机***百,2025-11-30,全能电竞Y7000 【新】U7-255HX/RTX5060/16G 1T,拯救者已经到手，外观简介大方，包装完好无损 一看就是新机，验机也没问题，某多是便宜可是咱不敢买啊，就信任京东，买着放心。东西不错推荐购买，给女儿买的，后续更新。推荐京东购买  好评！,0,否,5,16G,1T,UNK
1363,大***8,2025-10-20,全能电竞Y7000 【新】U7-255HX/RTX5060/16G 1T,1. 电脑很好用，速度很快，外观也很漂亮，很满意！2. 性价比超高，这个价位能买到这样的配置，物超所值。3. 新电脑运行流畅，屏幕效果棒，手感也很好，五星好评！4. 开机速度特别快，几秒钟就完成了，运行各种软件都不卡，非常喜欢。5. 商家发货快，包装严实，电脑是正品，全新未激活，信赖这家店。,0,该店铺购买≥2次,5,16G,1T,UNK
1364,帅***0,2025-11-20,全能电竞Y7000 【新】U7-255HX/RTX5060/16G 1T,京东送货很快，第二天就到了，机子包装之外还有一层京东的包装，还加了防震泡沫，好评，点赞。按照网上的教程验机下来发现一点问题没有，很棒的机子，非常安静。外观也漂亮，趁着还有补贴，赶紧冲鸭。,0,否,5,16G,1T,UNK
1365,瑟瑟发抖王可以,2025-12-01,全能电竞Y7000 【新】U7-255HX/RTX5060/16G 1T,包装保护：复古牛皮纸包装简约大气保护很好全新未拆封的机器外形外观：游戏本中设计最好看的了，外观极致简约不张扬有品味画面品质：显示画质很高清5060性能强爆了,0,该店铺购买≥2次,5,16G,1T,UNK
1366,r9040d6jyo55q8,2025-12-06,全能电竞Y7000 【新】U7-255HX/RTX5060/16G 1T,京东快递很给力，前一天下单，第二天就到了，迫不及待的打开新电脑，电脑的显示效果很惊艳，画面清晰，屏幕看着很舒服。电脑运行很流畅，鲁大师评分156w。还在继续探索中，期待更多的惊喜…,1,该店铺购买≥2次,5,16G,1T,UNK
1367,圣***神,2026-01-03,全能电竞Y7000 【新】U7-255HX/RTX5060/16G 1T,昨天晚上下单的，快递今天早上就到了，还用了国补，到手后用着不错，价格实惠，质量有保证，性能也挺好，推荐大家购买！,0,该店铺购买≥2次,5,16G,1T,UNK
1368,j***0,2025-12-12,全能电竞Y7000 【新】U7-255HX/RTX5060/16G 1T,性能强悍，散热出色，设计硬朗，是高性价比的游戏本标杆。,0,否,5,16G,1T,UNK
1369,别离-旧时光,2025-10-29,全能电竞Y7000 【新】U7-255HX/RTX5060/16G 1T,电脑很好看，包装很好，性能也很好。我的第四台拯救者了。,0,该店铺购买≥2次,5,16G,1T,UNK
1370,禅***1,2025-11-07,全能电竞Y7000 【新】U7-255HX/RTX5060/16G 1T,这款笔记本真不错！??键盘手感很好，打字很顺手??。屏幕也很清晰，玩游戏完全没有问题。性能强劲，散热也做得很好，日常使用完全满意！??不过USB接口有点少了，不是很够用，需要自己买个扩展坞,0,否,5,16G,1T,UNK
1371,jd_6vp8yq4voobiiz,2025-12-12,全能电竞Y7000 【新】U7-255HX/RTX5060/16G 1T,电脑收到，物流也很快，包装严密，没有损坏。贴了保护膜。2.5k画质细腻，搭载U7-255HX-RTX5060玩游戏丝滑顺畅不卡顿，散热也很棒，非常满意！！,0,否,5,16G,1T,UNK
1372,jd_157382fdw,2026-01-10,全能电竞Y7000 【新】U7-255HX/RTX5060/16G 1T,很完美，查了一下使用记录，都是新的，包装也好看，机器崭新崭新的，没有问题，安全下车，而且国补超级划算，很不错,0,否,5,16G,1T,UNK
1373,jd_1d6jt60i0wr5e9,2025-11-11,全能电竞Y7000 【新】U7-255HX/RTX5060/16G 1T,这台电脑真的太棒了！从外观设计到内部性能，每一个细节都让人感到惊艳。首先，它的外观非常时尚，简约的设计风格搭配金属质感的外壳，不仅看起来高端大气，而且手感也非常舒适。无论是放在家里还是办公室，都能成为一道亮丽的风景线。在性能方面，这台电脑更是表现出色。它搭载了最新的处理器，运行速度飞快，无论是处理日常办公任务还是进行高强度的游戏娱乐，都能轻松应对。同时，它的内存和硬盘容量也非常大，可以轻松存储大量的文件和数据，让用户无需担心存储空间不足的问题。此外，这台电脑的屏幕显示效果也非常出色。高分辨,0,否,5,16G,1T,UNK
1374,jd_133734foo,2025-11-16,全能电竞Y7000 【新】U7-255HX/RTX5060/16G 1T,配件兼容性强，核心配置能轻松驾驭大型游戏和专业设计软件，帧率稳定不卡顿，画面流畅细腻。散热效果出色，长时间高负荷运行温度也能稳定控制，噪音不大。拓展性超棒，后续升级内存、硬盘都很方便，配件通用还便宜。搭配大屏显示器和舒适外设，不管是打游戏、做生产力工作还是追剧，沉浸感直接拉满，同价位性价比无敌，值得入手！,0,否,5,16G,1T,UNK
1375,天***G,2025-11-28,全能电竞Y7000 【新】U7-255HX/RTX5060/16G 1T,这台电脑完全超出预期！配置够用，运行速度很快，开机秒开，多开程序也不卡顿。外观简约大气，做工精细，散热比想象中好很多，用了一段时间风扇噪音很小。性价比很高，适合日常办公/游戏/学习,2,否,5,16G,1T,UNK
1376,8846a9vkil0598,2025-11-24,全能电竞Y7000 【新】U7-255HX/RTX5060/16G 1T,接口很多  还可以连蓝牙耳机包装保护：很紧密  拿到没有磕碰外形外观：很帅的一个电脑运行速度：运行速度很快   永劫无间也可以打对于文科生完全够用画面品质：高清  流畅,1,否,5,16G,1T,UNK
1377,jd_182215fte,2025-12-10,全能电竞Y7000 【新】U7-255HX/RTX5060/16G 1T,这家店的商品真的很不错，设计很经典，质量也过硬，材质很耐磨。商家服务友善，使用舒服，物流快，性价比高！商品的质量非常出色，价格实惠得让人惊喜。物流超快，商家服务一流，售后完美，爱了爱了！外形外观：这次购物太满意了，商品性价比超高，质量上乘。物流高效，商家服务贴心，售后无忧。,0,否,5,16G,1T,UNK
1378,孔***伟,2025-11-11,全能电竞Y7000 【新】U7-255HX/RTX5060/16G 1T,包装5星好评，还有防摔标识。对我们这些远来的客人极其友好，怕运输途中损坏，让人担忧，念念不忘，不过好在到了，拆开快递心喜来潮，迫不得已设置下载安装，比原来的老配置强上一百倍，速度提升没话说，就是太贵了，不过好在有国补可以补上了，真的希望一直有国补，外观超喜欢，LOGO也喜欢，真的很酷炫。,0,该店铺购买≥2次,5,16G,1T,UNK
1379,j***9,2026-01-04,全能电竞Y7000 【新】U7-255HX/RTX5060/16G 1T,看了很久，选了你，果然有惊喜。外观超级好看，配置好，运行流畅，全新处理器给力，屏幕清晰，很愉快的一次购物体验！,0,否,5,16G,1T,UNK
1380,阔乐泡泡机,2025-12-01,全能电竞Y7000 【新】U7-255HX/RTX5060/16G 1T,拯救者高端游戏本代表之作，这一次终于轮到我拥有她了5060性能猛禽了，我玩任何3A游戏都完美运行了，显示非常流畅高清，而且处理器性能也猛风扇玩心眼也不大很好,0,该店铺购买≥2次,5,16G,1T,UNK
1381,u***3,2025-12-13,全能电竞Y7000 【新】U7-255HX/RTX5060/16G 1T,原机自带正版操作系统和正版办公软件系统！电脑配置很高，必定一分钱一分货，运行了Photoshop软件很流畅！不错，喜欢联想这个品牌，下次还会推荐给朋友！,0,该店铺购买≥2次,5,16G,1T,UNK
1382,海盗9999,2025-12-13,全能电竞Y7000 【新】U7-255HX/RTX5060/16G 1T,挺好的，电脑收到啦，物流也很快，颜值担当，黑色机身质感绝了！开机速度飞快，几秒就搞定，大学生使用 打游戏追剧完全不卡顿。屏幕色彩很舒服，久看也不累眼。键盘手感轻盈，打字很流畅。续航也够用，充满电使用大半天没问题。客服态度超好，有问必答，物流也快。性价比很高，这波入手不亏。,0,否,5,16G,1T,UNK
1383,jd_135732zvt,2025-12-04,全能电竞Y7000 【新】U7-255HX/RTX5060/16G 1T,对比了几款电脑，u7+5060的配置性能很足，补贴力度较大。屏幕素质挺高，机子风扇声音不大，即使开启竞技模式也不吵。其他方面都很满意，就是在外观上容易沾指纹,0,该店铺购买≥2次,5,16G,1T,UNK
1384,j***o,2025-10-18,全能电竞Y7000 RTX5060/16核i7/2.5K屏,包装保护：箱子里面每个零件都用独立泡沫袋分装，连说明书都夹在两层硬纸板中间，这防摔措施很用心，收到货完好无损。外形外观：这款产品的外形外观真的太赞了，大气简洁，让人一看就喜欢，无论是颜色还是造型都非常符合我的审美要求。而且它的材质也很高级，摸起来手感超好。,1,否,5,UNK,UNK,UNK
1385,j***m,2025-10-31,全能电竞Y7000 【新】U7-255HX/RTX5060/16G 1T,一直心心念念的ultra7终于买到了，买来后烤鸡10分钟温度60多，风扇声音很小，比预期的好很多，终于买到即有游戏本的散热，功耗又低的电脑，就是拯救者ultra系列，很喜欢,0,该店铺购买≥2次,5,16G,1T,UNK
1386,dl_shifan,2025-12-03,全能电竞Y7000 【新】U7-255HX/RTX5060/16G 1T,选了好久，最后还是赶着这波国补下了单。最新的Ultra 7搭配5060，外壳是金属材质，摸起来凉凉的，手感一流，键盘布局合理，有我最喜爱的小数字键盘。奈斯！,0,该店铺购买≥2次,5,16G,1T,UNK
1387,j***6,2026-01-25,全能电竞Y7000 【新】U7-255HX/RTX5060/16G 1T,拯救者Y7000性能强劲，散热给力，3A游戏流畅，办公设计都轻松，外观硬朗，性价比超高，非常满意！,0,该店铺购买≥2次,5,16G,1T,UNK
1388,恋上发呆猫,2025-11-24,全能电竞Y7000 【新】U7-255HX/RTX5060/16G 1T,真心觉得这次购物太棒了，商品性价比超高，质量可靠。物流高效，商家服务贴心，售后让人满意。??发货很快，两三天就到了，这个颜色我很喜欢，性价比很高，非常nice,0,否,5,16G,1T,UNK
1389,o***2,2026-01-26,全能电竞Y7000 【新】U7-255HX/RTX5060/16G 1T,一直用联想的本，黑色的质感很好，家用办公都行，一直关注的国产品牌，用的几个本本都是联想的。值得入手,0,否,5,16G,1T,UNK
1390,jd_1b2s9f33tyo801,2025-12-13,全能电竞Y7000 【新】U7-255HX/RTX5060/16G 1T,大学四年一直用的联想轻薄本，对联想这个牌子很信任，工作后也入手了联想拯救者，电脑体积重量都比我预想的小，可以放包里，出差的时候带着玩，目前的体验都很好,0,否,5,16G,1T,UNK
1391,夏***1,2025-12-31,全能电竞Y7000 【新】U7-255HX/RTX5060/16G 1T,??宝贝收到了，颜色很好看，质感也很好，样子简单！??是我想要的！！下次还会再来！商品质量没毛病，价格实惠到家。物流快如闪电，商家服务耐心，售后负责，真心不错！,0,该店铺购买≥2次,5,16G,1T,UNK
1392,峰3011,2025-11-22,全能电竞Y7000 【新】U7-255HX/RTX5060/16G 1T,物流包装得很放心京东一如一如既往的安全快速稳定非常nice。非常漂亮纯黑色的感觉特别棒搭配新的处理器5060显卡分游戏都非常不错够刷看剧也很爽比想象中的要好美的,0,该店铺购买≥10次,5,16G,1T,UNK
1393,张真平,2025-12-03,全能电竞Y7000 【新】U7-255HX/RTX5060/16G 1T,这款笔记本真的太香了，开机速度快，屏幕显示清晰，打游戏完全不卡顿，键盘手感很棒，很舒服，散热也给力，整体使用体验超乎预期，强烈推荐给需要高性能电脑的朋友,1,该店铺购买≥10次,5,16G,1T,UNK
1394,gzhzyn,2025-11-28,全能电竞Y7000 【新】U7-255HX/RTX5060/16G 1T,新机包装完好，多层保护，质感很好，颜值担当，系统运行流畅，屏幕色彩丰富，长时间使用眼睛也不累，键盘手感很好，散热效果很好，长时间使用不发烫。续航基本够用！,2,该店铺购买≥2次,5,16G,1T,UNK
1395,jd_r6ie1w2ew04pls,2025-12-24,全能电竞Y7000 【新】U7-255HX/RTX5060/16G 1T,拯救者R7000真的是性价比之王！处理器搭配RTX独显，不管是运行3A大作还是设计软件都流畅无卡顿，144Hz高刷屏画面丝滑无拖影。霜刃散热系统超给力，长时间高负荷使用机身也不烫手，风扇噪音还特别小，金属机身质感十足且接口丰富，日常办公、学习娱乐全hold住，一线品牌售后也让人放心,0,否,5,16G,1T,UNK
1396,谭宇豪,2025-10-25,全能电竞Y7000 【新】U7-255HX/RTX5060/16G 1T,拯救者Y7000 2025是款性价比极高的全能本i7-14650HX配满血 RTX5060，双烤170W性能释放，开DLSS 3.5玩3A大作丝滑流畅。终于等到国补了，到手价格还不贵，至少比实体店便宜，颜值非常棒，触感很好，对比了很多笔记本因为自己的使用情况还是选择了这款，强烈推荐需要高性能的朋友这款笔记本。,0,否,5,16G,1T,UNK
1397,夕***诺,2025-12-24,全能电竞Y7000 【新】U7-255HX/RTX5060/16G 1T,电脑收到啦，物流也很快，颜值担当，黑色机身质感绝了!开机速度飞快，几秒就搞定，大学生使用打游戏追剧完全不卡顿。屏幕色彩很舒服，久看也不累眼。键盘手感轻盈，打字很流畅。续航也够用，充满电使用大半天没问题。客服态度超好，有问必答，物流也快。性价比很高，这波入手不亏。,0,该店铺购买≥2次,5,16G,1T,UNK
1398,山海观雾0905,2025-12-22,全能电竞Y7000 【新】U7-255HX/RTX5060/16G 1T,挑了很久最终选择了拯救者Y7000，U7处理器+5060+1T，配置非常棒，而且没想到游戏本设置一下模式可以比商务本风扇还安静，收到后很开心第一时间发了朋友圈??,0,否,5,16G,1T,UNK
1399,j***Y,2025-11-29,全能电竞Y7000 【新】U7-255HX/RTX5060/16G 1T,联想拯救者Y7000 2025款性能超强，U7处理器和RTX5060显卡运行大型游戏超流畅，2.5K 180Hz屏幕画面细腻顺滑，性价比很高，非常满意！,0,该店铺购买≥2次,5,16G,1T,UNK
1400,吉***的,2026-01-06,全能电竞Y7000 【新】U7-255HX/RTX5060/16G 1T,快递还挺快 第一天晚上下单 第二天一早就送货上门了 着急用 还挺好 朋友推荐购买的,0,否,5,16G,1T,UNK
1401,jd_138113yby,2025-11-10,全能电竞Y7000 【新】U7-255HX/RTX5060/16G 1T,带雷电接口，相当哇塞，孩子表示非常喜欢！,0,该店铺购买≥2次,5,16G,1T,UNK
1402,飞天法宝,2025-11-02,全能电竞Y7000 【新】U7-255HX/RTX5060/16G 1T,这款联想的拯救者y7000用的u7能效比很高，搭rtx5060显卡，基本啥游戏都可以耍一下。16G内存略微小了些，暂时也够用，后期不够用再考虑加一条。拯救者的整体做工还是很不错的，加上遍地的售后网点，售后不必担心。抢不到国补20%，刚需啊，10%政府补贴加上直播间领券也算近期好价了吧。,0,该店铺购买≥2次,5,16G,1T,UNK
1403,u_l92yq6r761f3,2025-10-23,全能电竞Y7000 【新】U7-255HX/RTX5060/16G 1T,电脑画质色彩很好，操作也很流畅，下载软件快速，运行噪音小不卡顿，尤其是笔记本盖质感好， 不知道材质有种不廉价的手感，散热也挺好更新的时候都不会很烫，客服售后服务很有耐心,0,该店铺购买≥2次,5,16G,1T,UNK
1404,一***力,2025-12-05,全能电竞Y7000 【新】U7-255HX/RTX5060/16G 1T,外表太炫酷啦真的很喜欢黑色用起来感觉非常不错,0,该店铺购买≥2次,5,16G,1T,UNK
1405,say-hi333,2025-12-13,全能电竞Y7000 【新】U7-255HX/RTX5060/16G 1T,强烈推荐，1.电脑外观简约大方，性能强劲，使用起来非常舒适。2.电脑屏幕非常清晰，色彩鲜艳，观影效果非常棒。3.电脑键盘手感非常好，打字起来非常舒适，而且按键反应灵敏。4.电脑音响效果非常出色，声音清晰，音量大，非常适合听音乐和看电影。服务态度:好物流速度:快包装:好性价比:高,0,否,5,16G,1T,UNK
1406,拥抱风也拥抱你,2025-12-17,全能电竞Y7000 【新】U7-255HX/RTX5060/16G 1T,好评！发货速度很快，包装的也很仔细，客服回消息也快，态度也好。最关键的是商品质量很好，100% 正品，经得起查验，是一个不错的商家，值得购买！,0,该店铺购买≥2次,5,16G,1T,UNK
1407,j***F,2025-11-10,全能电竞Y7000 【新】U7-255HX/RTX5060/16G 1T,包装保护：包装很好！！没有磕碰。外形外观：外形好看，很nice运行速度：运行速度相当快，不愧是最新的cpu游戏效果：游戏无卡顿！画面品质：屏幕很好看！,0,该店铺购买≥2次,5,16G,1T,UNK
1408,ar8254s2bzw6ww,2025-11-30,全能电竞Y7000 【新】U7-255HX/RTX5060/16G 1T,很清楚 包装的很好 画面很清楚清晰 一点也不卡顿,0,否,5,16G,1T,UNK
1409,J***想,2025-12-08,全能电竞Y7000 【新】U7-255HX/RTX5060/16G 1T,电脑运行非常流畅，开关机速度快，屏幕色彩清晰逼真。轻薄便携，做工精细，散热效果也很好。性价比超高，满足了我工作和娱乐的所有需求，选择这个真没错！,0,该店铺购买≥2次,5,16G,1T,UNK
1410,jd152860bxk,2025-11-17,全能电竞Y7000 【新】U7-255HX/RTX5060/16G 1T,联想拯救者Y7000，颜值高，速度快，关键很静音，对于我这种只玩玩魔兽世界，中度办公的人来说已经足够，电脑开箱后检查全新，是今年的最新产品，非常漂亮！希望今后能发挥它的功效！,1,该店铺购买≥2次,5,16G,1T,UNK
1411,甜***i,2025-11-19,全能电竞Y7000 【新】U7-255HX/RTX5060/16G 1T,下完单不到24小时就到手了，太快了，东西很好很有份量,0,否,5,16G,1T,UNK
1412,j***8,2026-01-08,全能电竞Y7000 【新】U7-255HX/RTX5060/16G 1T,喜欢的这款笔记本终于到了！包装精美保护到位，开箱就被颜值惊艳，质感一流。开机速度飞快，屏幕显示效果特别清晰，看视频很享受。键盘手感也不错，用了几天处理文档等非常流畅，完全满足我的需求。赶上国补，超划算，这次购物很满意,0,该店铺购买≥2次,5,16G,1T,UNK
1413,8***u,2025-12-07,全能电竞Y7000 【新】U7-255HX/RTX5060/16G 1T,包装品质保护好，拆开方便，电脑品质没的说！,0,否,5,16G,1T,UNK
1414,viete_Y,2026-01-18,全能电竞Y7000 【新】U7-255HX/RTX5060/16G 1T,电脑配合国补性价比不错，屏幕清晰色彩明亮。电脑运行很流畅，玩游戏风扇声音挺小的，体验不错。,0,该店铺购买≥2次,5,16G,1T,UNK
1415,jd_1lp9177ou64wjq,2025-12-02,全能电竞Y7000 【新】U7-255HX/RTX5060/16G 1T,真的很喜欢，完全超出期望值，发货速度非常快，包装非常仔细、严实，运送速度很快，很满意的一次购物这质量真是太意外了，实物美美哒，触感很好，很推荐哦~,0,否,5,16G,1T,UNK
1416,等***兴,2025-10-24,全能电竞Y7000 【新】U7-255HX/RTX5060/16G 1T,运行速度：运行速度：很快一联想拯救者电脑收到啦，颜值超预期，黑色机身质感绝了！开机速度飞快，几秒就搞定，日常办公、追剧完全不卡顿。屏幕色彩很舒服，久看也不累眼。键盘手感轻盈，打字很流畅。续航也够用，充满电办公大半天没问题。客服态度超好，有问必答，物流也快。性价比很高，这波入手不亏,2,否,5,16G,1T,UNK
1417,j***u,2025-12-19,全能电竞Y7000 【新】U7-255HX/RTX5060/16G 1T,电脑收到了，发货速度快，多层保护包装完好，黑色机身质感绝了，追剧完全不卡顿，键盘手感轻盈，打字流畅，屏幕色彩清晰很舒服，性价比超高，非常喜欢，满意的一次购物,0,该店铺购买≥2次,5,16G,1T,UNK
1418,jd_n7t73fd4mum2jc,2026-01-24,全能电竞Y7000 【新】U7-255HX/RTX5060/16G 1T,用了快一个月了，安全下车，太满意了！真的是我的梦中情机！工科硕士需要带得动计算的电脑，我又经常出差有便携需求，y7000完美地满足了我的要求，就像轻薄本的小型工作站，真的太惊喜了！而且模具设计得也很好手感超好！,0,该店铺购买≥2次,5,16G,1T,UNK
1419,j***f,2025-11-26,全能电竞Y7000 【新】U7-255HX/RTX5060/16G 1T,这款联想拯救者笔记本性能强劲，外观酷炫，散热优秀??。屏幕显示清晰，键盘手感舒适??，游戏办公两相宜????。物流快，包装严实??，值得入手！??,0,否,5,16G,1T,UNK
1420,NIIIIIIE,2025-11-12,全能电竞Y7000 【新】U7-255HX/RTX5060/16G 1T,东西发货很快，半天就到了，包装完整，没有磕碰。机器的外观设计很有质感，屏幕画面很细腻，运行原神很流畅了，风扇噪音也很小，机身重量适中，可以接受。比较满意，希望能用久一点,2,该店铺购买≥2次,5,16G,1T,UNK
1421,a27238bw4h9xc5,2025-11-13,全能电竞Y7000 【新】U7-255HX/RTX5060/16G 1T,挺好的，第一次买电脑，虽然没买到y7000p（正好我看的那两天涨价了，没办法），虽然现在还没有打游戏，但目前体验还可以，配置也不错了，除了屏幕小点，其他差距也的不太感觉出来,0,否,5,16G,1T,UNK
1422,jd_gQjVXjwbYRyC,2026-01-02,全能电竞Y7000 【新】U7-255HX/RTX5060/16G 1T,家里有台式机，冬天了，弄台笔记本窝床上办公，目前感觉流畅，性能方面应该用不完，不玩游戏就是办办工,0,该店铺购买≥2次,5,16G,1T,UNK
1423,风中摇曳的狗尾马草,2026-01-09,全能电竞Y7000 【新】U7-255HX/RTX5060/16G 1T,千挑万选，总算选的拯救者这款，试用了几天没有失望，办公游戏完全能满足要求,0,该店铺购买≥2次,5,16G,1T,UNK
1424,jd_dmhx5p0j6pa0ym,2025-12-20,全能电竞Y7000 【新】U7-255HX/RTX5060/16G 1T,质量非常好，与卖方描述的完全一样。非常满意，完全出了乎意料！运行速度很快，键盘可以调机的灯光。散热也很快。玩游戏流畅，可以畅玩。长时间处理还行，不是很烫,0,否,5,16G,1T,UNK
1425,开拓者31,2026-01-04,全能电竞Y7000 【新】U7-255HX/RTX5060/16G 1T,包装完好，物流超快，运行流畅，性能强劲，这款电脑绝对是同价位里的性能标杆。,0,否,5,16G,1T,UNK
1426,j***s,2025-11-12,全能电竞Y7000 【新】U7-255HX/RTX5060/16G 1T,1.拯救者Y7000P2025性能强劲，散热出色，屏幕素质高，接口丰富，满足多元需求!2.2025款拯救者Y7000P，处理器显卡强 联合，高刷屏顺滑，散热佳，畅玩无压力!3.入手拯救者Y7000P2025，最新酷睿+RTX显卡，240Hz高刷，245W性能释放超给力,0,该店铺购买≥10次,5,16G,1T,UNK
1427,g***1,2025-11-12,全能电竞Y7000 【新】U7-255HX/RTX5060/16G 1T,1.拯救者Y7000P2025性能强劲，散热出色，屏幕素质高，接口丰富，满足多元需求!2.2025款拯救者Y7000P，处理器显卡强 联合，高刷屏顺滑，散热佳，畅玩无压力!3.入手拯救者Y7000P2025，最新酷睿+RTX显卡，240Hz高刷，245W性能释放超给力,0,该店铺购买≥10次,5,16G,1T,UNK
1428,x***b,2025-11-12,全能电竞Y7000 【新】U7-255HX/RTX5060/16G 1T,1.拯救者Y7000P2025性能强劲，散热出色，屏幕素质高，接口丰富，满足多元需求!2.2025款拯救者Y7000P，处理器显卡强 联合，高刷屏顺滑，散热佳，畅玩无压力!3.入手拯救者Y7000P2025，最新酷睿+RTX显卡，240Hz高刷，245W性能释放超给力,0,该店铺购买≥10次,5,16G,1T,UNK
1429,新***5,2025-12-25,全能电竞Y7000 【新】U7-255HX/RTX5060/16G 1T,电脑质量上乘，配置高且使用起来毫无卡顿。卖家的专业知识和高效服务让我印象深刻，有问电脑质量上乘，配置高且使用起来毫无卡顿。卖家的专业知识和高效服务让我印象深刻，有问必答。物流也非常给力，下单后迅速送达。强烈推荐给大家！答。物流也非常给力，下单后迅速送达。强烈推荐给大家！,0,该店铺购买≥2次,5,16G,1T,UNK
1430,小续7,2025-11-25,全能电竞Y7000 【新】U7-255HX/RTX5060/16G 1T,发货挺快的，到手以后包装的很好，打开从网上搜索的教程进行新机开荒，目前玩游戏什么的都挺流畅的，感觉很不错，用了国补价格比店里面优惠不少，还蛮合适的。,0,否,5,16G,1T,UNK
1431,巴神101,2025-12-10,全能电竞Y7000 【新】U7-255HX/RTX5060/16G 1T,真的很喜欢，完全超出期望值，发货速度非常快，包装非常仔细、严实，运送速度很快，很满意的一次购物这质量真是太意外了，实物美美哒，触感很好，很推荐哦～完全超出期望值，发货速度非常快，包装非常仔细、严实，运送速度很快，很满意的一次购物这质量真是太意外了，实物美美哒，触感很好，很推荐哦～,0,该店铺购买≥2次,5,16G,1T,UNK
1432,jd_e6e073wqfje4pq,2025-11-10,全能电竞Y7000 【新】U7-255HX/RTX5060/16G 1T,好用不卡顿流畅好上手电脑好用。,0,该店铺购买≥2次,5,16G,1T,UNK
1433,Skull_szh,2025-12-07,全能电竞Y7000 【新】U7-255HX/RTX5060/16G 1T,因为设备升级需要，从2022款y7000p更新到这一款2025y7000，自营物流次日达，包装完好屏幕完好，而且综合相比老款，新款的做工更扎实了，外观质感极高，整体偏商务风，不再像一些游戏本一样没法适应办公环境，硬件性能也完全能够满足中度游戏需求，非常满意！,0,该店铺购买≥2次,5,16G,1T,UNK
1434,1***熊,2025-10-28,全能电竞Y7000 【新】U7-255HX/RTX5060/16G 1T,这款笔记本电脑真的太棒了！外观简约大气，性能也超棒，完全满足我的日常需求。键盘手感很好，触控板也很灵敏，整体使用体验非常流畅??。推荐给各位小伙伴！????,0,该店铺购买≥2次,5,16G,1T,UNK
1435,D***g,2025-11-18,全能电竞Y7000 【新】U7-255HX/RTX5060/16G 1T,拯救者Y7000真心超出预期！开机秒进系统，屏幕色彩鲜亮不刺眼，日常办公、追剧超流畅。玩3A游戏时帧率稳定，散热也给力，长时间玩机身不烫手。键盘手感舒适，打字、操作都顺手，接口也够日常使用。外观简约大气，便携性也不错，这个价位能买到这样的配置，性价比拉满，特别推荐！,0,否,5,16G,1T,UNK
1436,清欢Cccccc,2025-11-18,全能电竞Y7000 【新】U7-255HX/RTX5060/16G 1T,不得不说，这价格能有这样的质量，真是让我又惊又喜，以后还来这家买！质量非常好，完全超出期望值，发货速度非常快，包装非常仔细、严实，很满意的一次购物,0,该店铺购买≥10次,5,16G,1T,UNK
1437,娜又何如,2025-11-20,全能电竞Y7000 【新】U7-255HX/RTX5060/16G 1T,孩子高考完一直在抢国补，始终没抢到。正好双十一，政府补贴加上直播间直减最后到手不到7500，价格挺划算了。机器性能极佳，学园林专业的女儿很喜欢。,0,该店铺购买≥2次,5,16G,1T,UNK
1438,u_1moara467x8k,2025-11-10,全能电竞Y7000 【新】U7-255HX/RTX5060/16G 1T,说实话y7000比7000p差不了多少但是这个价格真香，我一开始以为是7000p到了一买膜不是，不过体验太棒了温度极低比我2023y7000p都低真香,0,该店铺购买≥2次,5,16G,1T,UNK
1439,06ja1a07u182p6,2025-12-21,全能电竞Y7000 【新】U7-255HX/RTX5060/16G 1T,卖家发货速度快，师傅送货也快，态度和蔼认真。包装严密，没有损坏。笔记本电脑机身外观大气，做工精良。到了就迫不及待下载了一些游戏。2.5K画质细腻，搭载U7-255HX-RTX5060玩游戏丝滑顺畅不卡顿，散热也很棒，除了玩大型游戏以外有风噪声其他时候很静音，非常满意!!,0,否,5,16G,1T,UNK
1440,jd_ail4y0uyqs51x1,2025-12-21,全能电竞Y7000 【新】U7-255HX/RTX5060/16G 1T,卖家发货速度快，师傅送货也快，态度和蔼认真。包装严密，没有损坏。笔记本电脑机身外观大气，做工精良。到了就迫不及待下载了一些游戏。2.5K画质细腻，搭载U7-255HX-RTX5060玩游戏丝滑顺畅不卡顿，散热也很棒，除了玩大型游戏以外有风噪声其他时候很静音，非常满意！！,0,该店铺购买≥2次,5,16G,1T,UNK
1441,墨涵,2025-11-12,全能电竞Y7000 【新】U7-255HX/RTX5060/16G 1T,1.拯救者Y70002025性能强劲，散热出色，屏幕素质高，接口丰富，满足多元需求!2.2025款拯救者Y7000，处理器显卡强 联合，高刷屏顺滑，散热佳，畅玩无压力!3.入手拯救者Y7000 2025，最新酷睿+RTX显卡，180Hz高刷，245W性能释放超给力,0,该店铺购买≥10次,5,16G,1T,UNK
1442,数字音频,2025-11-05,全能电竞Y7000 【新】U7-255HX/RTX5060/16G 1T,联想 Y7000 性能真的顶！酷睿处理器搭配独立显卡，办公多开文档、做设计渲染不卡顿，玩主流游戏也能稳定帧率。15.6 英寸高色域屏色彩清晰，护眼模式长时间用也不累眼，散热表现超出预期，机身不怎么发烫。键盘手感舒适，接口齐全够日常使用，性价比拉满，学生党和职场人闭眼冲～,0,否,5,16G,1T,UNK
1443,j***b,2026-01-09,全能电竞Y7000 【新】U7-255HX/RTX5060/16G 1T,收到了，发货速度很快，包装很好，感觉产品质量也很好，速度很快，很流畅，画面很清晰，好评！,0,该店铺购买≥10次,5,16G,1T,UNK
1444,p***2,2025-11-14,全能电竞Y7000 【新】U7-255HX/RTX5060/16G 1T,从年头看到年尾，越来越贵，最后还是咬咬牙买了，机子比想象中轻一点，续航时间大概2个小时多一点，运行速度暂时还是满意的，其他的等使用时间长了再验证。,0,该店铺购买≥2次,5,16G,1T,UNK
1445,jd_EqLsMOphKWzL,2025-12-18,全能电竞Y7000 【新】U7-255HX/RTX5060/16G 1T,卖家发货速度快，师傅送货也快，态度和蔼认真。包装严密，没有损坏。笔记本电脑机身外观大气，做工精良。到了就迫不及待下载了一些游戏。2.5K画质细腻，搭载U7-255HX-RTX5060玩游戏丝滑顺畅不卡顿，散热也很棒，除了玩大型游戏以外有风噪声其他时候很静音，非常满意！！,0,否,5,16G,1T,UNK
1446,jd_踏雪飞瞳,2026-01-10,全能电竞Y7000 【新】U7-255HX/RTX5060/16G 1T,联想笔记本，十分好用，速度非常快，玩游戏很给力，很流畅，值得购买。,0,该店铺购买≥2次,5,16G,1T,UNK
1447,一米阳光2002,2025-11-11,全能电竞Y7000 【新】U7-255HX/RTX5060/16G 1T,物流很快，卖家服务态度很好，价格也是非常的实惠，系统流畅，声音也很小，性能还可以的，设计专业完全够用，售后服务也是很好，有什么问题客服都会耐心解答,0,该店铺购买≥2次,5,16G,1T,UNK
1448,c***y,2026-01-09,全能电竞Y7000 【新】U7-255HX/RTX5060/16G 1T,??这款设备玩游戏真的超流畅，运行速度飞快！???外接特别方便，图形处理能力也很强，体验很棒～???快递包装很用心，送货速度也超快，配送员服务态度超好！????整体使用感受非常满意，强烈推荐！????,0,否,5,16G,1T,UNK
1449,jd_wzi82i978w10nt,2025-10-31,全能电竞Y7000 【新】U7-255HX/RTX5060/16G 1T,联想拯救者电脑收到了，太惊喜了，开机速度飞快颜值担当做工精细，性能强劲，键盘手感轻盈，屏幕色彩也非常舒服，整体外观和功能都非常好是一款性价比超高的电脑，喜欢的赶紧入手吧！,0,否,5,16G,1T,UNK
1450,青春灰灰哥,2025-12-29,全能电竞Y7000 【新】U7-255HX/RTX5060/16G 1T,以前用的联想小新，所以这次买电脑就没有看其他的，老牌子，用着放心，就是没有送鼠标还有包包，可能是现在太卷了。目前用着还行。,0,该店铺购买≥2次,5,16G,1T,UNK
1451,星***月,2025-11-14,全能电竞Y7000 【新】U7-255HX/RTX5060/16G 1T,外观漂亮美观，运行速度快，配置好，打字轻松方便，手感好，颜值高，画面清晰，显示效果好，包装精美，京东服务好，物流快，物美价廉！很喜欢，很满意！,0,否,5,16G,1T,UNK
1452,j***自,2025-12-19,全能电竞Y7000 【新】U7-255HX/RTX5060/16G 1T,外观简约大方，性能强劲，使用起来很顺手，电脑屏幕非常清晰，色彩鲜艳，电脑键盘手感非常好，而且按键反应灵敏.电脑音响效果非常出色，声音清晰，声音也大,0,该店铺购买≥2次,5,16G,1T,UNK
1453,6d1zp1y05u3949,2026-01-19,全能电竞Y7000 【新】U7-255HX/RTX5060/16G 1T,电脑品质好，外观漂亮，大方得体有内涵，性价比高，快递及时。,0,该店铺购买≥2次,5,16G,1T,UNK
1454,jd_832i51qemuo1d2,2025-11-04,全能电竞Y7000 【新】U7-255HX/RTX5060/16G 1T,女儿上大学用，选了好久，还是选了拯救者Y7000 7U255HX 5060，早上9点多下的单，下午5点多就收到货了，物流速度特快，女儿收到货很满意，希望以后用的也满意,0,否,5,16G,1T,UNK
1455,远东孤狼,2025-11-02,全能电竞Y7000 【新】U7-255HX/RTX5060/16G 1T,笔记本重量控制很好，外观设计沉稳，没那么多花里胡哨的东西，放在办公室也不招摇，性能完全满足需求，噪音低，散热OK，天气凉不知道夏天如何。目前满意，,0,该店铺购买≥2次,5,16G,1T,UNK
1456,jd_n561tn3ohg9ymq,2025-10-27,全能电竞Y7000 【新】U7-255HX/RTX5060/16G 1T,产品外观黑色很有档次，摸着手感很好，不后滑，没有破损，运行速度快，下载软件超快，长时间使用不会发烫；硬盘等级高，存储空间大，办公打游戏都是不错的选择,0,该店铺购买≥2次,5,16G,1T,UNK
1457,jd_k6wz65y21am9vb,2025-12-18,全能电竞Y7000 【新】U7-255HX/RTX5060/16G 1T,这款电脑外观简约大方，便携适合外出携带。性能强劲，运行大型软件和游戏都很流畅。散热良好，长时间使用也不会过热。价格合理，性价比非常高，值得购买。,0,否,5,16G,1T,UNK
1458,戴***吉,2025-12-14,全能电竞Y7000 【新】U7-255HX/RTX5060/16G 1T,1.?金属机身轻薄便携，屏幕色彩饱满，办公多开流畅无卡顿，续航扎实，日常使用超省心～2.?高性能配置加持，游戏运行丝滑，散热稳定噪音小，颜值手感在线，性价比拉满！3.?机身轻巧易携带，开机唤醒快速，键盘手感舒适。,0,否,5,16G,1T,UNK
1459,jd_l97k7u74quq72t,2025-11-24,全能电竞Y7000 【新】U7-255HX/RTX5060/16G 1T,?包装严实无破损，开机很快，?运行流畅无卡顿。屏幕色彩饱满清晰，散热性能出色，续航时间满足日常需求，?性价比极高，非常满意！,0,否,5,16G,1T,UNK
1460,jd_175301vxl,2025-11-18,全能电竞Y7000 【新】U7-255HX/RTX5060/16G 1T,到货就迫不及待打开了，果真没有让我失望，质量特别好，颜值也相当高，满意的一次购物商品质量好得惊人，感觉物超所值，非常开心购买了这款产品。,0,该店铺购买≥10次,5,16G,1T,UNK
1461,柠檬Joy-称心,2025-10-22,全能电竞Y7000 【新】U7-255HX/RTX5060/16G 1T,产品外观黑色很有档次，摸着手感很好，不会滑，没有破损，运行速度快，下载软件超快，长时间使用不会发烫；硬盘等级高，存储空间大，办公打游戏都是不错的选择,0,该店铺购买≥2次,5,16G,1T,UNK
1462,aqmvpn9gykv89u,2025-10-29,全能电竞Y7000 【新】U7-255HX/RTX5060/16G 1T,电脑收到啦，颜值担当，黑色机身质感绝了！开机速度飞快，几秒就搞定，大学生使用  打游戏追剧完全不卡顿。屏幕色彩很舒服，久看也不累眼。键盘手感轻盈，打字很流畅。续航也够用，充满电使用大半天没问题。客服态度超好，有问必答，物流也快。性价比很高，这波入手不亏。真的很喜欢,1,否,5,16G,1T,UNK
1463,jd_9beb6qvl1pjch3,2025-11-24,全能电竞Y7000 【新】U7-255HX/RTX5060/16G 1T,这款Y7000U性能强悍，高色域屏幕色彩细腻，散热高效运行，设计简约而有质感，游戏办公两相宜，是特别好的产品，给闺女上学买的，很满意,0,否,5,16G,1T,UNK
1464,jd_0tpw0bdkli21v5,2025-12-29,全能电竞Y7000 【新】U7-255HX/RTX5060/16G 1T,性能真的太顶了！i7+RTX4060跑3A大作全程流畅，144Hz高刷屏体验丝滑。散热给力，重度游戏键盘区也只是微温。机身做工扎实，键盘手感不错。续航中规中矩，但游戏本通病可以接受。七千价位段性价比超高，学生党设计剪辑+游戏需求闭眼入！,0,否,5,16G,1T,UNK
1465,k***s,2026-01-05,全能电竞Y7000 【新】U7-255HX/RTX5060/16G 1T,质感确实很不错，比一般的本子强太多了，cpu体质也还行，估计能给我的工作加强助力,0,否,5,16G,1T,UNK
1466,jd_9w60iio96iw9e6,2025-10-28,全能电竞Y7000 【新】U7-255HX/RTX5060/16G 1T,买之前还担心价格低质量不行，结果收到货后惊讶得不行，质量好得没话说，太满意了！感觉配置也很好，和舍友23款对比了一下，这个CPU和显卡都好了不少,1,否,5,16G,1T,UNK
1467,smile0225,2026-01-07,全能电竞Y7000 【新】U7-255HX/RTX5060/16G 1T,??这款产品真的超乎期待！??使用起来非常流畅，性能强劲，完全满足我的日常需求。??散热效果也很不错，长时间运行也不烫手。??外观设计简洁大气，拿在手里很有质感。?总之，物超所值，强烈推荐！????,0,该店铺购买≥2次,5,16G,1T,UNK
1468,一***厦,2026-01-06,全能电竞Y7000 【新】U7-255HX/RTX5060/16G 1T,电脑用了一个星期左右，性能非常到位，毫无卡顿，开机速度只需要17秒，微信公众号每周还会推送电脑使用时长等信息，非常智能，除此之外，还额外赠送了office套装。挺满意的一次购物。,0,否,5,16G,1T,UNK
1469,j***o,2025-12-24,全能电竞Y7000 【新】U7-255HX/RTX5060/16G 1T,电脑收到啦，物流也很快，颜值担当，黑色机身质感绝了!开机速度飞快，几秒就搞定，大学生使用 打游戏追剧完全不卡顿   颜值超高  值得购买,0,该店铺购买≥2次,5,16G,1T,UNK
1470,j***v,2025-11-19,全能电竞Y7000 【新】U7-255HX/RTX5060/16G 1T,旧电脑因为突发事件完全报废，又急用电脑，好巧不巧，刚刚好双十一过去，大部分国补活动都结束了，人怎么能这么倒霉呢，没办法，多掏点钱也得买电脑，想着还是买个稍微好点的，看来看去看中了这款，又有游戏本的性能，又有一定的便携性，还是挺不错了，希望能用个四五年吧,0,该店铺购买≥2次,5,16G,1T,UNK
1471,嘻V哈,2025-12-13,全能电竞Y7000 【新】U7-255HX/RTX5060/16G 1T,昨天拍今天到，京东超赞，拯救者电脑设计简洁，性能强悍，开机很快，鲁大师测了一下分也挺高，双12优惠幅度大，非常值得下手。,0,否,5,16G,1T,UNK
1472,j***k,2025-11-08,全能电竞Y7000 【新】U7-255HX/RTX5060/16G 1T,包装保护好，中间放了泡泡袋，物流很快，直接送到我手上。外观外形做工精致，外观好漂亮。质感非常好，运行很流畅，长时间不烫，散热可以。外接也方便，产品质量满意。,1,否,5,16G,1T,UNK
1473,禁区泥坑,2025-10-31,全能电竞Y7000 【新】U7-255HX/RTX5060/16G 1T,选择了好久，终于还是买了拯救者，毕竟联想品牌还是值得信赖的，整体做工精细，重量也很合适，和其他品牌的游戏本比较起来是挺轻的，总之我挺满意的。,0,否,5,16G,1T,UNK
1474,robertkillmm,2025-11-06,全能电竞Y7000 【新】U7-255HX/RTX5060/16G 1T,这款笔记本性能出色，运行流畅，满足办公娱乐需求。屏幕显示细腻，色彩饱满；轻薄便携，续航持久，散热良好。综合体验优秀，性价比高，值得推荐。,0,该店铺购买≥2次,5,16G,1T,UNK
1475,jd_一一丨一,2025-12-12,全能电竞Y7000 【新】U7-255HX/RTX5060/16G 1T,发货速度，送货速度，态度和蔼认真。包装严密，没有损坏。笔记本电脑机身外观大气，做工精良。到了就迫不及待下载了一些游戏。2.5K画质细腻，搭载U7-255HX-RTX5060玩游戏丝滑顺畅不卡顿，散热也很棒，除了玩大型游戏以外有风噪声其他时候很静音，非常满意！！,0,否,5,16G,1T,UNK
1476,D***斌,2025-11-27,全能电竞Y7000 【新】U7-255HX/RTX5060/16G 1T,跟着同学买的，首先京东购物，多快好省，包装完整，外观简约大气，画面清晰，运行速度快，流畅，办公娱乐两不误，值得拥有，强烈推荐！,0,该店铺购买≥10次,5,16G,1T,UNK
1477,78p8pct4atk3fu,2025-11-13,全能电竞Y7000 【新】U7-255HX/RTX5060/16G 1T,Ultra7处理器性能超强，搭配满血RTX5060显卡，畅玩主流3A大作，2.5K的180Hz高刷屏幕上手流畅，画质细腻，体验拉满。,0,该店铺购买≥2次,5,16G,1T,UNK
1478,wangxiaoguo1209,2025-10-22,全能电竞Y7000 【新】U7-255HX/RTX5060/16G 1T,京东快递服务好，速度快。包装严实，没有破损。拯救者笔记本电脑运行速度很快，外观精美，超薄机身，画面非常清晰，分辨率很高。打游戏不卡顿。非常好。,1,该店铺购买≥2次,5,16G,1T,UNK
1479,w始于初见止于终老,2025-12-13,全能电竞Y7000 【新】U7-255HX/RTX5060/16G 1T,电脑运行速度非常快，看着比较厚重，属于皮实耐用类型的，回来就试玩了游戏，真的很不错，运行速度很快。也很清晰。真的很喜欢,0,该店铺购买≥2次,5,16G,1T,UNK
1480,I***2,2025-11-07,全能电竞Y7000 【新】U7-255HX/RTX5060/16G 1T,拯救者Y7000 AI高静版太香了！Ultra7 255HX+RTX5060性能拉满，3A大作高帧流畅运行无压力。2.5K 180Hz屏幕色彩鲜亮、刷新率丝滑，16G+1T存储完全够用。高静模式噪音控制超惊喜，国家补贴20%性价比直接拉满，游戏党闭眼冲！,0,该店铺购买≥2次,5,16G,1T,UNK
1481,张***a,2026-01-20,全能电竞Y7000 【新】U7-255HX/RTX5060/16G 1T,电脑外观简约大方，性能强劲，使用起来很好上手。电脑屏幕非常清晰，色彩鲜艳，电脑键盘手感非常好，而且按键反应灵敏，电脑音响效果非常出色，声音清晰，音量大，很好的购物体验。,0,该店铺购买≥2次,5,16G,1T,UNK
1482,f***0,2025-11-06,全能电竞Y7000 【新】U7-255HX/RTX5060/16G 1T,跟侄丫头买的，她非常喜欢，联想拯救者系列设计女生也非常适合，本来想买其它牌子的游戏本，但外观设计的太粗犷了，不太适合女生。可惜没国补。,0,该店铺购买≥2次,5,16G,1T,UNK
1483,jd-568,2025-12-05,全能电竞Y7000 【新】U7-255HX/RTX5060/16G 1T,笔记本还是拯救者稳一点，质感优秀，显示效果好，键盘手感好，散热好，接口丰富，性能释放好，使用流畅，单条内存，加装内存方便,0,否,5,16G,1T,UNK
1484,0dyp81qf46op1x,2025-11-26,全能电竞Y7000 【新】U7-255HX/RTX5060/16G 1T,IBM的硬核框架，作为一个老用户联想的用料还是很扎实的，开机使用也很流畅不愧是国民必选机，只要不泡水估计能用个10年不在话下,0,否,5,16G,1T,UNK
1485,jd_h7pm55lk37xn52,2025-11-12,全能电竞Y7000 【新】U7-255HX/RTX5060/16G 1T,rtx5060非常不错，满功耗运行，游戏很流畅，帧率稳如泰山，外形外观完美无瑕，性能强劲，静音模式明显降低噪音，游戏本的理想之选。,0,否,5,16G,1T,UNK
1486,jd_rn4w4rih944phn,2026-01-26,全能电竞Y7000 【新】U7-255HX/RTX5060/16G 1T,我真的非常喜欢这个产品，太棒了，非常好，很喜欢，很漂亮????,0,否,5,16G,1T,UNK
1487,阿***g,2025-11-10,全能电竞Y7000 【新】U7-255HX/RTX5060/16G 1T,很好，运行速度很快。一般游戏都可以开极致画质，颜值也很高，磨砂黑色很高级。物流很快，次日达。联想的质量也放心，很满意的一次购物了。,0,该店铺购买≥2次,5,16G,1T,UNK
1488,5j35w5qe6ar6gk,2025-12-26,全能电竞Y7000 【新】U7-255HX/RTX5060/16G 1T,查了一下是未激活的，，暂时没有发现什么不妥，运行流畅不卡顿，散热给力，开机速度快，屏幕色彩舒服，学生党用着超顺手，操作简单易上手,0,否,5,16G,1T,UNK
1489,芳芳135*****921,2026-01-04,全能电竞Y7000 【新】U7-255HX/RTX5060/16G 1T,包装的挺好的，两三层安装，外官包装精美，保护棉防护很到位，一分钱一分货，推荐外形外观：外观比较好看画面品质：很清晰，分辨率高运行速度：运行速度很快，测试用，速度很快，,0,否,5,16G,1T,UNK
1490,jd_2zvhs4513uy7b7,2025-11-20,全能电竞Y7000 【新】U7-255HX/RTX5060/16G 1T,电脑收到啦，颜值超预期，黑色机身质感绝了！开机速度飞快，几秒就搞定，日常办公、追剧完全不卡顿。屏幕色彩很舒服，久看也不累眼。键盘手感轻盈，打字很流畅。续航也够用，充满电办公大半天没问题。客服态度超好，有问必答，物流也快。性价比很高，这波入手不亏，推荐给需要的朋友～,0,该店铺购买≥2次,5,16G,1T,UNK
1491,j***6,2025-12-26,全能电竞Y7000 【新】U7-255HX/RTX5060/16G 1T,外观真帅，沉稳大气又时尚有活力，各方面设计静福后一流的水准。用料扎实，配置拉满，游戏影音都是一流的体验。京东的旗舰店也相当可靠，买过来也按网上走了一波验机流程，显得有点多此一举了，当然全新机了。大家喜欢的就锁定店铺与产品，及时入手，早买早享受??。,0,否,5,16G,1T,UNK
1492,H***V,2025-11-09,全能电竞Y7000 【新】U7-255HX/RTX5060/16G 1T,对比了几款同价位的电脑，最终选择这款，结果没让人失望，早上下单，下午就送到。外观很漂亮，试用了几天，学习和游戏都能兼顾，很满意！,0,该店铺购买≥2次,5,16G,1T,UNK
1493,刘***哈,2025-10-22,全能电竞Y7000 【新】U7-255HX/RTX5060/16G 1T,联想的品质还是过硬的，用了真多年电脑也用过别的品牌，最终还是联想好啊！联想还是比较靠谱，经得住考验，外观也耐看没有大问题！售后一流的！,0,该店铺购买≥2次,5,16G,1T,UNK
1494,j***y,2025-12-30,全能电竞Y7000 【新】U7-255HX/RTX5060/16G 1T,包装保护：电脑非常的好??包装完整画面品质：非常好??各项数据都不错，很值得之前电脑卡死了，赶紧下单,0,该店铺购买≥2次,5,16G,1T,UNK
1495,9***6,2026-01-06,全能电竞Y7000 【新】U7-255HX/RTX5060/16G 1T,?这款笔记本真的超出预期呢！??屏幕显示色彩鲜亮，看着很舒服，日常办公和看剧都很合适。??键盘手感也不错，打字很顺畅。商品本身、快递包装、送货速度还有配送员服务都特别好，全五星好评啦！??,0,否,5,16G,1T,UNK
1496,科技行销_有趣x1815,2025-12-15,全能电竞Y7000 【新】U7-255HX/RTX5060/16G 1T,性能强劲稳定，设计简洁优雅。无论是日常办公，多任务处理还是影音娱乐，都能带来高效流畅的愉悦体验，堪称得力助手。,0,该店铺购买≥2次,5,16G,1T,UNK
1497,83g240kf51lrut,2026-01-24,全能电竞Y7000 【新】U7-255HX/RTX5060/16G 1T,物流很快，客服很热心，为我解答所有问题，很满意的一次购物，,0,否,5,16G,1T,UNK
1498,43zlw968lnq57c,2025-11-29,全能电竞Y7000 【新】U7-255HX/RTX5060/16G 1T,1. 金属机身轻薄便携，开机秒启运行丝滑，屏幕清晰护眼，办公娱乐都给力，性价比超高！2. 颜值质感双在线，多任务处理无卡顿，续航扎实接口全，物流快服务好，闭眼入不踩雷～3. 超出预期的好用！配置够顶不卡顿，外观简约大气，便携又耐用，这个价位真的太值了！,0,否,5,16G,1T,UNK
1499,尚-江,2025-12-25,全能电竞Y7000 【新】U7-255HX/RTX5060/16G 1T,5060显卡能2k不开光追百帧玩3a游戏   和5070差距不大CPU够用 内存16g有些小  建议买32g或者自己后期加装,0,否,5,16G,1T,UNK
1500,j***b,2025-10-25,全能电竞Y7000 【新】U7-255HX/RTX5060/16G 1T,"Well, this computer is very good. I finally got it, and there is a national supplement. ???外观大气，键盘手感舒适，包装严实，物流迅速，配送员服务贴心，整体体验非常满意！??????",0,否,5,16G,1T,UNK
1501,wuyiqixi,2026-01-23,全能电竞Y7000 【新】U7-255HX/RTX5060/16G 1T,联想拯救者笔记本电脑使用体验超出预期。搭载的高性能处理器与独立显卡，图形处理能力强劲，运行大型游戏和设计软件都很流畅。散热系统表现出色，长时间高负载使用也不会过热。接口丰富且布局合理，外接设备方便快捷。屏幕画质清晰，色彩还原准确。整体性能均衡，是游戏和生产力需求用户的优质选择。,0,该店铺购买≥2次,5,16G,1T,UNK
1502,玖***菜,2025-11-15,全能电竞Y7000 【新】U7-255HX/RTX5060/16G 1T,因为工作需要买的，冲着显卡5060来着，运行速度挺快，谁用谁知道，还有政府补贴，很实惠，整体比预期的好，还耐看，完美。,0,该店铺购买≥2次,5,16G,1T,UNK
1503,j***d,2025-12-08,全能电竞Y7000 【新】U7-255HX/RTX5060/16G 1T,真的好快的速度，我说的是物流哈哈你今天早上买了，下午就到了，好神奇，其他的都在试用中啦，有啥我会分享给各位老铁的,0,否,5,16G,1T,UNK
1504,逸***好,2025-11-23,全能电竞Y7000 【新】U7-255HX/RTX5060/16G 1T,发货速度很快，卖家服务也好，目前很满意处理器性能强劲，运行速度快。操作流畅是打游戏和开发的必选??，而且性价比超高,0,该店铺购买≥2次,5,16G,1T,UNK
1505,wi9685tp3m9742,2025-11-06,全能电竞Y7000 【新】U7-255HX/RTX5060/16G 1T,到货就迫不及待打开了，果真没有让我失望，，颜值也相当高超级超级超级好看，游戏本确实比其他的本重，但是性能方面没得挑，太喜欢了哈哈哈哈哈哈哈哈哈哈嗝,0,该店铺购买≥2次,5,16G,1T,UNK
1506,j36r1g60d6fg3l,2025-11-13,全能电竞Y7000 【新】U7-255HX/RTX5060/16G 1T,灯光炫酷，新机良好，外接方便，接口多，且有一个雷电接口，外观也很不错性能也可以，使用起来很流畅，检验完目前也没问题，运行速度可以，散热做的很好,0,否,5,16G,1T,UNK
1507,AKA跳跳虎,2025-11-07,全能电竞Y7000 【新】U7-255HX/RTX5060/16G 1T,包装保护：包装还是沿用之前的经典包装，保护很到位外形外观：这个版本的外观比较简洁且轻薄画面品质：2.5k屏还是比较清晰运行速度：美中不足的是自带的运行内存只有16GB，还得额外加装16GB，不能出厂加装很不方便，不过运气还行，抽中了三星内存,0,该店铺购买≥2次,5,16G,1T,UNK
1508,虚***C,2025-12-28,全能电竞Y7000 【新】U7-255HX/RTX5060/16G 1T,!刚买的联想电脑到咯，京东物流简直神速，昨天下单今天就到，这速度必须点赞。迫不及待开机试试，哇塞，运行流畅得不像话，多任务处理也毫无压力，就像德芙巧克力一样纵享丝滑。联想的品质一直在线，京东的服务也超贴心，以后还会继续支持京东，支持联想哒!,0,否,5,16G,1T,UNK
1509,jd_67011d57yugo57,2025-12-21,全能电竞Y7000 【新】U7-255HX/RTX5060/16G 1T,作为一名既要肝3A大作又要赶设计作业的大学生，入手联想拯救者Y7000的这几天，彻底颠覆了我对“全能游戏本”的认知，直接封神我的宿舍生产力主力机！,0,否,5,16G,1T,UNK
1510,j***e,2025-11-07,全能电竞Y7000 【新】U7-255HX/RTX5060/16G 1T,性价比非常高，物流很快，外观很酷，手感一如既往的好，质保时间长，ultracpu功耗低，性能也够用，显卡什么游戏都能玩的起了,0,该店铺购买≥2次,5,16G,1T,UNK
1511,weirdie1,2025-11-14,全能电竞Y7000 【新】U7-255HX/RTX5060/16G 1T,非常好，宝贝很高大上，质量很好，看上去就给人一种高级感，价格也合适，这次网购很愉快，大赞??非常好，宝贝很高大上，质量很好，看上去就给人一种高级感，价格也合适，这次网购很愉快，大赞??店家发货非常快，服务态度很好，应该是正品，一次很愉快的购物,0,该店铺购买≥2次,5,16G,1T,UNK
1512,jd_锋981,2025-12-24,全能电竞Y7000 【新】U7-255HX/RTX5060/16G 1T,拯救者y7000，ultra7-255h处理器的，性能好，配置高，显卡5060，政府补贴很便宜，很划算,0,该店铺购买≥10次,5,16G,1T,UNK
1513,u_oapf6dontt7e,2026-01-05,全能电竞Y7000 【新】U7-255HX/RTX5060/16G 1T,该说不说，外观挺好看，性能也还行，就是垃圾软件有点多还要挨个清理,0,该店铺购买≥2次,5,16G,1T,UNK
1514,j***u,2025-12-20,全能电竞Y7000 【新】U7-255HX/RTX5060/16G 1T,完全是被这款笔记本的颜值征服的！极简的外观设计，磨砂质感的机身高级感拉满，拿在手里质感超棒。机身薄到离谱，单手就能轻松拎起来，出差的时候放行李箱里不占地方。虽然主打轻薄，但性能一点没缩水，日常办公、追剧完全够用，完全满足需求。,0,该店铺购买≥2次,5,16G,1T,UNK
1515,不相信光啦,2025-10-23,全能电竞Y7000 【新】U7-255HX/RTX5060/16G 1T,电脑流畅，外观炫酷，简洁大方，很好用，完全能满足我的需求，是个不可多得的好产品，实物真的好看，价格非常实惠，强烈推荐这款，超级喜欢,0,该店铺购买≥2次,5,16G,1T,UNK
1516,j***y,2025-11-25,全能电竞Y7000 【新】U7-255HX/RTX5060/16G 1T,电脑电脑的屏幕亮起，如同晨曦中初醒的星辰，映照出专注与梦想的轮廓。它轻盈地承载着无数个日夜的思绪，每一次敲击键盘的声音，都像在谱写属于自己的故事。这不仅是一台机器，更是思维的延伸，让灵感在数字世界自由驰骋。电脑非常好用，全新的，没有瑕疵。性能也是最棒的。非常喜欢，喜欢的闭眼冲。,0,否,5,16G,1T,UNK
1517,k***5,2025-10-22,全能电竞Y7000 【新】U7-255HX/RTX5060/16G 1T,联想拯救者电脑收到啦，颜值超预期，黑色机身质感绝了！开机速度飞快，几秒就搞定，日常办公、追剧完全不卡顿。屏幕色彩很舒服，久看也不累眼。键盘手感轻盈，打字很流畅。续航也够用，充满电办公大半天没问题。客服态度超好，有问必答，物流也快。性价比很高,0,否,5,16G,1T,UNK
1518,少年时光的时光,2025-10-25,全能电竞Y7000 【新】U7-255HX/RTX5060/16G 1T,?? 这款笔记本真是太棒了！高清屏幕看电影超爽，玩游戏也很流畅。键盘手感很好，打字很舒服。整体设计也很有档次，非常满意！????,0,该店铺购买≥2次,5,16G,1T,UNK
1519,梦***补,2025-12-12,全能电竞Y7000 【新】U7-255HX/RTX5060/16G 1T,性能确实不错，灯光效果很有氛围感，接口数量足够日常外接设备用，图形处理流畅，外接也很方便，机器运行起来很稳定，整体体验超出预期,0,该店铺购买≥2次,5,16G,1T,UNK
1520,wuli派派,2025-11-01,全能电竞Y7000 【新】U7-255HX/RTX5060/16G 1T,这款联想选对了，运行快，打游戏，办公都丝滑流畅，屏幕清晰，质感超级棒，物超所值，日常学习娱乐都特别棒，键盘手感好，推荐给大家,0,该店铺购买≥2次,5,16G,1T,UNK
1521,jd_x524h2xgmv3jr8,2025-12-06,全能电竞Y7000 【新】U7-255HX/RTX5060/16G 1T,包装保护：很好外形外观：漂亮画面品质：很好运行速度：很快游戏效果：非常不错开箱即惊艳，包装严实无破损??，机身质感高级，银色配色超有范儿?，运行流畅不卡顿?，玩游戏丝滑到飞起！物流也给力，客服态度满分～????????,0,否,5,16G,1T,UNK
1522,惊***雨,2025-12-28,全能电竞Y7000 【新】U7-255HX/RTX5060/16G 1T,完全超出预期！轻薄设计方便携带，电池续航实测能坚持8小时办公。屏幕色彩鲜艳，键盘手感舒适，性能处理日常办公和影音娱乐绰绰有余。散热风扇很安静，接口也够用。虽然不适合重度游戏，但作为工作学习伴侣堪称完美。物流超快，包装无破损，会推荐给同事！,0,该店铺购买≥2次,5,16G,1T,UNK
1523,jd_1v4843aqi14v68,2025-11-26,全能电竞Y7000 【新】U7-255HX/RTX5060/16G 1T,物流很快，隔天就送到了。新机包装完整精美，金属a面没有想象中很粘指纹，搭载的最新处理器和RTX5060显卡，跑分也不错，主流游戏丝滑畅玩无压力。高刷屏观感也很爽，散热给力噪音小，续航也比预想好。快充实用 按网上步骤验机是新机 完美,0,否,5,16G,1T,UNK
1524,j***h,2025-12-26,全能电竞Y7000 【新】U7-255HX/RTX5060/16G 1T,圣诞节拿到手的，一拿到手就赶紧下了逆水寒手游，特效杠杠滴，质感也好特别是键盘摸着很舒服，拯救者 用个区区五年不在话下。,0,该店铺购买≥2次,5,16G,1T,UNK
1525,D***6,2025-12-17,全能电竞Y7000 【新】U7-255HX/RTX5060/16G 1T,物流速度很快，开机速度也很快，游戏和追剧完全不卡顿，屏幕色彩看着很舒服。键盘手感轻盈，打字流畅，键盘反应灵敏，音响效果好。,0,该店铺购买≥2次,5,16G,1T,UNK
1526,木***猪,2025-10-28,全能电竞Y7000 【新】U7-255HX/RTX5060/16G 1T,联想拯救者电脑收到啦，颜值超预期，黑色机身质感绝了！开机速度飞快，几秒就搞定，日常办公、追剧完全不卡顿。屏幕色彩很舒服，久看也不累眼。键盘手感轻盈，打字很流畅。续航也够用，充满电办公大半天没问题。客服态度超好，有问必答，物流也快。性价比非常ok,0,否,5,16G,1T,UNK
1527,栀梓淮开,2025-11-06,全能电竞Y7000 【新】U7-255HX/RTX5060/16G 1T,这款联想Y7000 2025款真的很给力！外观沉稳大气，性能强劲，游戏运行流畅不卡顿。屏幕清晰细腻，色彩还原度高，无论是游戏还是看电影都非常享受。键盘手感舒适，打字体验佳。散热表现不错，长时间使用也不会过热。接口丰富，满足日常使用需求。整体性价比高，值得入手！,0,否,5,16G,1T,UNK
1528,o4bx85yf79g32g,2025-11-02,全能电竞Y7000 【新】U7-255HX/RTX5060/16G 1T,外形外观：外观没的说，非常有档次画面品质：分辨率够用了，很流畅运行速度：处理器没问题，内存低了点，加了内存条，速度很快,0,该店铺购买≥2次,5,16G,1T,UNK
1529,181qfssb,2025-10-23,全能电竞Y7000 【新】U7-255HX/RTX5060/16G 1T,关注对比了好久才下手此款笔记本电脑，配置不错，性价比较高，开机反应比较快，笔记本电脑用做平时的上学和办公，相当不错，值得拥有。,0,否,5,16G,1T,UNK
1530,j***b,2025-10-21,全能电竞Y7000 【新】U7-255HX/RTX5060/16G 1T,外形外观：比照片有质感。运行速度：开机迅速。游戏效果：主流游戏都能玩。画面品质：好????包装保护：无瑕疵，包装完好。,0,该店铺购买≥2次,5,16G,1T,UNK
1531,j***4,2025-11-07,全能电竞Y7000 【新】U7-255HX/RTX5060/16G 1T,5060独显性能强劲，2.5K180Hz屏很好，刷新率丝滑，玩起大型游戏流畅，1T的硬盘容量够大，特别喜欢它的高静模式，有政府补贴闭眼入。,0,该店铺购买≥2次,5,16G,1T,UNK
1532,jd_131918zua,2025-11-29,全能电竞Y7000 【新】U7-255HX/RTX5060/16G 1T,这台拯救者电脑真的太给力了!性能超级强悍，无论是运行大型游戏还是处理复杂工作，都流畅得没话说。散热效果出色，长时间使用也不会过热。屏幕色彩鲜艳，视觉效果非常震撼。外观设计也很有质感，键盘手感舒适。总体来说，物超所值，强烈推荐给追求性能和体验的朋友!,0,否,5,16G,1T,UNK
1533,jd_ojjwr2iq20vf7r,2026-01-12,全能电竞Y7000 【新】U7-255HX/RTX5060/16G 1T,1. 联想拯救者Y7000游戏表现扎实，满血显卡运行1080P大作流畅，散热稳定，操作手感佳。2. 拯救者Y7000游戏体验超出预期，性能释放稳，运行主流游戏无压力，接口齐全，日常使用也很顺手。3. Y7000游戏性能靠谱，高负载下不降频，键盘回弹舒适，散热噪音可控，是同价位游戏本的优质之选。,0,否,5,16G,1T,UNK
1534,绿***驴,2025-11-01,全能电竞Y7000 【新】U7-255HX/RTX5060/16G 1T,安全下车，老拯除了贵点其他基本没啥问题，我2017年2月买的拯救者r720终于可以不用跑游戏，安享晚年，当个视频播放器了,0,该店铺购买≥2次,5,16G,1T,UNK
1535,jd_d6567bf2z3406b,2025-11-02,全能电竞Y7000 【新】U7-255HX/RTX5060/16G 1T,购物非常愉快，商品实惠又耐用，质量有保证。物流迅速，商家服务贴心，售后无忧。电脑运行非常流畅，开机速度快，打瓦非常舒服,0,否,5,16G,1T,UNK
1536,美妆达芬尼,2025-10-22,全能电竞Y7000 【新】U7-255HX/RTX5060/16G 1T,这台电脑太惊艳了！运行速度飞快，散热出色，屏幕色彩鲜艳，键盘手感舒适，外观设计简约大气，性价比超高，完全超出预期，强烈推荐！,0,否,5,16G,1T,UNK
1537,杨***_,2025-11-04,全能电竞Y7000 【新】U7-255HX/RTX5060/16G 1T,真心喜欢，颜色、款式都非常棒！外观设计漂亮，尺寸大小合适，包装仔细完整，宝贝手感不错，感觉很好，发货速度快，服务态度一流，给力！5星好评！,0,否,5,16G,1T,UNK
1538,昵***改,2025-11-01,全能电竞Y7000 【新】U7-255HX/RTX5060/16G 1T,电脑有四种模式，平时静音和均衡模式都很安静，野兽模式独显和cpu释放很彻底，还有自定义模式可以根据用户需要调整功效分配。,0,否,5,16G,1T,UNK
1539,jd_178647zyf,2025-11-14,全能电竞Y7000 【新】U7-255HX/RTX5060/16G 1T,宝贝收到咯，真的很棒呀！??质量真是没话说，非常满意！??开心开心??东西质量非常好，与卖家描述的完全一致，非常满意，真的很喜欢，完全超出期望值，发货速度非常快，包装非常仔细、严实，物流公司服务态度很好，运送速度很快，很满意的一次购物。,0,否,5,16G,1T,UNK
1540,Aa懒羊羊大王呢,2025-10-30,全能电竞Y7000 【新】U7-255HX/RTX5060/16G 1T,质量好，价格低，这性价比没谁了。物流飞速，商家服务优质，售后让人放心，强烈推荐！商品品质非常有保障，使用过程中没有出现过任何问题，非常满意。,0,否,5,16G,1T,UNK
1541,j***j,2025-11-07,全能电竞Y7000 【新】U7-255HX/RTX5060/16G 1T,给孩子买的，刚上大一，学的是大数据 ，我也不太懂，主播给推荐，孩子用了一段时间，很满意，对这款机子评价很高，值得入手,0,否,5,16G,1T,UNK
1542,j***i,2025-11-27,全能电竞Y7000 【新】U7-255HX/RTX5060/16G 1T,收到后新手验机了一下，是运输模式，首次开机一本正经的看了一下，也不懂啥，但是看的懂的信息都对的上，蛮好，就看后续用起来怎么样了。,0,该店铺购买≥2次,5,16G,1T,UNK
1543,电脑控,2025-10-24,全能电竞Y7000 【新】U7-255HX/RTX5060/16G 1T,入手了一台联想拯救者笔记本，真是太棒了！做设计处理数据速度飞快，玩游戏也非常流畅??，外观也很酷炫，真的是性价比之王！??,0,该店铺购买≥2次,5,16G,1T,UNK
1544,r6734rl3ye732f,2025-11-03,全能电竞Y7000 【新】U7-255HX/RTX5060/16G 1T,联想拯救者Y7000游戏本笔记本电脑是一款性能卓越的游戏设备，它不仅能够满足高端游戏的需求，还能应对各种专业应用场景。国家补贴使其性价比极高，对于寻求高性能游戏本的用户来说，这是一个不容错过的选择。但总体而言，这是一款值得推荐的笔记本电脑。,0,该店铺购买≥2次,5,16G,1T,UNK
1545,jd_185155kyj,2026-01-25,全能电竞Y7000 【新】U7-255HX/RTX5060/16G 1T,外形外观：低调大气，灯光也足够黑色的又时尚又商务包装保护：包装特别到位，亲手送到运行速度：大品牌值得信赖速度快游戏效果：专为游戏而生非常力量,0,该店铺购买≥2次,5,16G,1T,UNK
1546,jd_niqm295e21tv27,2025-10-21,全能电竞Y7000 【新】U7-255HX/RTX5060/16G 1T,电脑流畅 不亏是拯救者 太帅了 好看好看 性能很强 打游戏流畅 听歌?? ?l??l??l??l??l??l?. 0,0,否,5,16G,1T,UNK
1547,非***生,2026-01-16,全能电竞Y7000 【新】U7-255HX/RTX5060/16G 1T,在网上挑了一段时间，感觉这个电脑还可以收到售后用了一段时间，用着还可以打三角洲还比较流畅。商品品质非常有保障，使用过程中没有出现过任何问题，非常满意。,0,该店铺购买≥2次,5,16G,1T,UNK
1548,k641t2cilwq6ex,2025-10-21,全能电竞Y7000 【新】U7-255HX/RTX5060/16G 1T,电脑收到了太完美了，是我喜欢的类型，运行速度快画面清晰，国补得价格合理卖家发货速度快，有啥问题解决非常快，有需要还会再来的,0,否,5,16G,1T,UNK
1549,j***i,2025-10-30,全能电竞Y7000 【新】U7-255HX/RTX5060/16G 1T,宝贝收到咯????，真的很棒呀！??质量真是没话说，非常满意！??开心开心??孩子开学以后一直在选择电脑 最后定了这款联想新款的游戏本 做设计用也蛮够用 价钱合适立马入手啦！孩子很喜欢  包装完好 物流很快！超赞超赞????????！,0,该店铺购买≥2次,5,16G,1T,UNK
1550,1可乐味的风1,2026-01-03,全能电竞Y7000 【新】U7-255HX/RTX5060/16G 1T,发货速度送货速度是真的快，包装很厚有好几层，外观简洁大方，键盘非常的舒服，很有质感。买来体验了一下，总体没有问题，性价也很高，值得购买。\nn联想拯救者#游戏本英特尔酷睿,0,否,5,16G,1T,UNK
1551,羽***裳,2026-01-10,全能电竞Y7000 【新】U7-255HX/RTX5060/16G 1T,上一台本本也是拯救者 忠实老用户了外观一如既往的简洁丝滑 属于相对便携的游戏本运行流畅 画质清晰 白色背光键盘酷炫实用散热和静音效果比旧款好太多了,0,该店铺购买≥2次,5,16G,1T,UNK
1552,jd_i1n869xm3fh07o,2025-12-28,全能电竞Y7000 【新】U7-255HX/RTX5060/16G 1T,拯救者电脑到手很惊艳，孩子心心念念的游戏本，外观硬朗，运行流畅，散热给力，游戏办公都很稳，性价比高，非常满意。,0,否,5,16G,1T,UNK
1553,CYP2D6联合抑制剂,2025-11-27,全能电竞Y7000 【新】U7-255HX/RTX5060/16G 1T,电脑是新机，处理器性能非常好，功耗控制的也很好，发热量很低。笔记本性能释放也达到了官方的标准。日常使用风扇噪音很小，值得购买,0,否,5,16G,1T,UNK
1554,珠***粤,2026-01-15,全能电竞Y7000 【新】U7-255HX/RTX5060/16G 1T,电脑外观简约大方，性能强劲，使用起来很顺手用后电脑屏幕非常清晰，色彩鲜艳，电脑键盘手感非常好，而且按键反应灵敏.电脑音响效果非常出色， 声音清晰，音量大，很好的购物体验.,0,该店铺购买≥2次,5,16G,1T,UNK
1555,u_f4e9nld4x影号,2025-12-11,全能电竞Y7000 【新】U7-255HX/RTX5060/16G 1T,不得不说，新电脑性能非常强悍，CPU很强，运行代码非常快，散热也很好，2.5K的屏幕色彩还原精准，物流也很快，非常好,0,否,5,16G,1T,UNK
1556,人心简单却难懂,2025-11-19,全能电竞Y7000 【新】U7-255HX/RTX5060/16G 1T,入手这款电脑真的超出预期！开机速度快到惊喜，十秒左右就能进入桌面，日常办公切换文档、运行设计软件都丝滑无卡顿，屏幕色彩饱满清晰，长时间看文档、追剧眼睛也不会觉得累，窄边框设计还让视觉体验更沉浸。性价比直接拉满，已经推荐给身边朋友了，真心值得入手！,0,否,5,16G,1T,UNK
1557,j***i,2025-10-26,全能电竞Y7000 【新】U7-255HX/RTX5060/16G 1T,打瓦打洲嘎嘎快，散热模式可以调，不用担心在图书馆吵到同学，很多次在京东买数码产品了，和线下没区别。用上了，猛攻！！！,0,该店铺购买≥2次,5,16G,1T,UNK
1558,K***T,2025-11-30,全能电竞Y7000 【新】U7-255HX/RTX5060/16G 1T,游戏性能炸裂，画面流畅特效全开，这波入手太值了！新电脑速度超快，运行流畅不卡顿，工作效率倍增超满意！,0,否,5,16G,1T,UNK
1559,003nvr4ai5pk69,2025-11-16,全能电竞Y7000 【新】U7-255HX/RTX5060/16G 1T,笔记本性能强劲，游戏运行流畅，整体表现优秀外观设计大气，键盘手感出色，日常办公娱乐都很给力物流迅速，包装严实，值得信赖！！,0,该店铺购买≥2次,5,16G,1T,UNK
1560,hmjfQWpMuCbw,2025-12-20,全能电竞Y7000 【新】U7-255HX/RTX5060/16G 1T,拯救者Y7000 2025款性能超顶！RTX5060加持游戏丝滑，2.5K高刷屏+强散热，办公游戏双在线超值～,0,否,5,16G,1T,UNK
1561,无云雷暴,2025-12-19,全能电竞Y7000 【新】U7-255HX/RTX5060/16G 1T,到货后用了一段时间，来评价下吧，电脑运行流畅，体验非常好，日常刷视频和办公挺不错，游戏体验也挺棒的??????,0,该店铺购买≥2次,5,16G,1T,UNK
1562,jd_p8i9664slsxhld,2025-12-01,全能电竞Y7000 【新】U7-255HX/RTX5060/16G 1T,非常好用 外观非常美，系统嘎嘎快，一点声音没有，黑色的外观非常的酷炫，一点儿不卡顿，打游戏非常的灵敏，非常的快速，非常的好用,0,否,5,16G,1T,UNK
1563,3***j,2025-10-23,全能电竞Y7000 【新】U7-255HX/RTX5060/16G 1T,屏幕质量：好，清晰键盘手感：舒服，有质感，按键打击感较弱散热效果：好性能表现：还可以，屏幕很大，玩起来挺舒服，流畅外观设计：很帅,0,否,5,16G,1T,UNK
1564,j***0,2025-10-19,全能电竞Y7000 【新】U7-255HX/RTX5060/16G 1T,全新未拆封的，而且也不是翻新机，配置方面屏幕是京东方的，除了内存是记忆科技外其他的都非常nice，而且比原价优惠了不少，还有赠品，非常可以,0,否,5,16G,1T,UNK
1565,z43e9sd3g1t2w4,2025-11-30,全能电竞Y7000 【新】U7-255HX/RTX5060/16G 1T,好用没得说 毕竟拯救者啊外观大气键盘敲击感十足性能完美运行各类软件双十一活动性价比爆棚啊,0,否,5,16G,1T,UNK
1566,dgk4e2n031wx65,2025-11-04,全能电竞Y7000 【新】U7-255HX/RTX5060/16G 1T,联想拯救者Y7000性能强劲，Intel酷睿+RTX显卡加持，游戏流畅；散热优秀，键盘手感佳，是游戏与创作的得力伙伴，性价比出众。,0,否,5,16G,1T,UNK
1567,jd_4da9302f7acd4,2026-01-20,全能电竞Y7000 RTX5060/16核i7/2.5K屏,20的7000换7000感觉更轻薄了，质感一如既往的好。出差玩游戏必备神器。非常棒,0,该店铺购买≥2次,5,UNK,UNK,UNK
1568,里奥纳多messi,2026-01-20,全能电竞Y7000 【新】U7-255HX/RTX5060/16G 1T,拯救者里面挑了很久最终选了这款，机器够轻，小巧方便携带，对于移动办公?游戏的人来说，反正要外接显示器，15.3再适合不过了，255很安静，总之正合我意，很好！！！,0,该店铺购买≥2次,5,16G,1T,UNK
1569,i***k,2025-11-07,全能电竞Y7000 【新】U7-255HX/RTX5060/16G 1T,非常满意，商品质量上乘，服务周到，发货速度快捷，强烈推荐，超级满意！商品质量绝佳，运行速度和散热都不错，小孩说很好用，推荐购买！,0,否,5,16G,1T,UNK
1570,红木90,2025-12-07,全能电竞Y7000 【新】U7-255HX/RTX5060/16G 1T,使用了一段时间，整天体验还是可以的一处铰链有轻微齿轮啮合声音，客服反馈零部件差异其余倒没有太大异常WIN11系统还是有些BUG，通过调整注册表才搞定系统本身的一些问题，恢复系统无效继续体验，后面有异常再追评,0,该店铺购买≥2次,5,16G,1T,UNK
1571,卫卫买买买678,2025-10-24,全能电竞Y7000 【新】U7-255HX/RTX5060/16G 1T,不得不赞，质量真的好，快递发过来非常完美，真心喜欢，这下子孩子可以放心大胆上学使用了，入手后不会让你后悔的，好评,0,该店铺购买≥2次,5,16G,1T,UNK
1572,沐沐离,2025-11-23,全能电竞Y7000 【新】U7-255HX/RTX5060/16G 1T,物流很快，隔天就送到了。新机包装完整精美，金属a面没有想象中很粘指纹，搭载的最新处理器和RTX5060显卡，跑分也不错，主流游戏丝滑畅玩无压力。高刷屏观感也很爽，散热给力噪音小，续航也比预想好。快充实用按网上步骤验机是新机完美15秒,0,该店铺购买≥2次,5,16G,1T,UNK
1573,e***o,2026-01-21,全能电竞Y7000 【新】U7-255HX/RTX5060/16G 1T,对比了好久选的这款，开机速度快，屏幕素质很棒，散热也稳。野兽模式下玩游戏帧率很稳，平时做专业作业也完全够用。包装很扎实，配送小哥态度也很好，这次购物体验满分！,0,否,5,16G,1T,UNK
1574,u_rd3yiohku2an,2025-11-16,全能电竞Y7000 【新】U7-255HX/RTX5060/16G 1T,双层包装保护到位，全新机未拆封，目前使用未发现蓝屏卡顿等故障。联想大品牌，值得信赖。发货快，快递员送货前电话联系非常好。,0,否,5,16G,1T,UNK
1575,3***5,2026-01-06,全能电竞Y7000 【新】U7-255HX/RTX5060/16G 1T,此用户未及时填写评价内容,0,否,5,16G,1T,UNK
1576,jd_147185cii,2025-11-12,全能电竞Y7000 【新】U7-255HX/RTX5060/16G 1T,包装保护：包装很好，完整严实。外形外观：外观大气，要是能带个拯救者灯效就更完美了。画面品质：屏幕没话说，很舒服。运行速度：相应速度快，不会卡顿掉帧。游戏效果：基本上都游戏都没问题。游戏流畅，长时间不烫手。风扇不吵。,0,该店铺购买≥2次,5,16G,1T,UNK
1577,-Sagapo-,2025-11-24,全能电竞Y7000 【新】U7-255HX/RTX5060/16G 1T,这个尺寸很不错，不大也不小，携带方便；性能就不说了，肯定是比较能打的；比较满意，推荐，推荐！,0,该店铺购买≥2次,5,16G,1T,UNK
1578,j***y,2025-10-19,全能电竞Y7000 【新】U7-255HX/RTX5060/16G 1T,笔记本包装还不错外观很喜欢，运行速度超快。按键使用舒服，大型游戏运行流畅本子温度可以，散热快风扇静音。遗憾没有任何赠品，玩几天再追评,0,否,5,16G,1T,UNK
1579,jd_091z8qzq9mq953,2025-12-15,全能电竞Y7000 【新】U7-255HX/RTX5060/16G 1T,包装保护：非常好外形外观：黑色的很高级画面品质：不错不错运行速度：很快很流畅总结很满意 打算上学用,0,否,5,16G,1T,UNK
1580,我***哥,2025-12-15,全能电竞Y7000 【新】U7-255HX/RTX5060/16G 1T,给弟弟买的，第一眼就看上了，联想一直是信赖的品牌，这次也没有失望，运行很流畅，颜值很高,0,否,5,16G,1T,UNK
1581,3kx44jo87hlyld,2025-12-24,全能电竞Y7000 【新】U7-255HX/RTX5060/16G 1T,拯救者性价比高，很划算，硬盘内存容量大，价格便宜，不错，喜欢，晒单还有送wifi,0,该店铺购买≥10次,5,16G,1T,UNK
1582,u***y,2025-10-20,全能电竞Y7000 【新】U7-255HX/RTX5060/16G 1T,国补减了1000买的，性价比高，颜值高，系统运行流畅，最高兴的是机子提前6天发货，让远方的学子不会空手而归??,0,该店铺购买≥2次,5,16G,1T,UNK
1583,jd_0wbg38x26mo931,2025-11-01,全能电竞Y7000 【新】U7-255HX/RTX5060/16G 1T,性能向：满血显卡性能强，散热稳，游戏创作皆能扛。?均衡向：性能均衡性价比高，接口足，售后有保障。????????????,0,否,5,16G,1T,UNK
1584,jd_1qtcs876m8eqi0,2025-10-31,全能电竞Y7000 【新】U7-255HX/RTX5060/16G 1T,这款电脑开机秒启超流畅，屏幕画质细腻护眼，散热静音给力，办公娱乐全能hold住；机身轻薄便携不压手，性能强劲运行无卡顿，接口齐全适配广，用着顺手超省心；显色精准且续航持久，键盘敲击手感舒适，外观简约大气质感足，日常使用体验满分，性价比直接拉满！,0,该店铺购买≥2次,5,16G,1T,UNK
1585,该***5,2025-10-21,全能电竞Y7000 【新】U7-255HX/RTX5060/16G 1T,快递保装很用心，质感很好，买电脑选京东品牌选联想！电脑外观漂亮时尚上网嗖嗖的，起初担心孩子上学用内存小和客服沟通后再也不担心了。,0,否,5,16G,1T,UNK
1586,jd_ttfc06292wis16,2025-11-29,全能电竞Y7000 【新】U7-255HX/RTX5060/16G 1T,电脑超好的，外观设计美观，材料好，画面品质：挺好的，开机顺畅，性能好，客服服务好，回复快,0,该店铺购买≥2次,5,16G,1T,UNK
1587,jd_nkjmauocjahpj6,2025-12-03,全能电竞Y7000 【新】U7-255HX/RTX5060/16G 1T,首先机身摸起来质感很好，然后目前用起来也完全没有问题，运行的挺快的。玩一些常见的游戏完全没问题。质量没问题。,0,否,5,16G,1T,UNK
1588,4***1,2025-12-14,全能电竞Y7000 【新】U7-255HX/RTX5060/16G 1T,外形外观：超级好看，很高级运行速度：特别快，游戏一点不卡，高帧率，使用体验非常好,0,该店铺购买≥2次,5,16G,1T,UNK
1589,知性魅者_安安,2025-11-07,全能电竞Y7000 【新】U7-255HX/RTX5060/16G 1T,送货速度非常快，晚上下单第二天就到。机子的外形酷黑，很高级，非常喜欢。对比各大平台，京东价值最低。,0,该店铺购买≥2次,5,16G,1T,UNK
1590,京心甄选,2025-11-23,全能电竞Y7000 【新】U7-255HX/RTX5060/16G 1T,外形外观：外观很好看，就是不如9000系列的灯光，毕竟价格不一样，但是整体效果很好，推荐刚刚入门和我一样的购买,0,否,5,16G,1T,UNK
1591,b***i,2025-10-19,全能电竞Y7000 【新】U7-255HX/RTX5060/16G 1T,16号抢购了心怡联想拯救者y7000.二天后就收到机器，产品棒棒哒，爱不释手，人生中的第一台电脑，后将成为生活学习中的好帮手.,0,否,5,16G,1T,UNK
1592,发***z,2025-11-23,全能电竞Y7000 【新】U7-255HX/RTX5060/16G 1T,电脑质量很好 速度也很快 配送很及时画面品质：清晰外形外观：好看运行速度也快 推荐大家购买 很好的一款电脑,0,否,5,16G,1T,UNK
1593,j***d,2025-12-23,全能电竞Y7000 【新】U7-255HX/RTX5060/16G 1T,性能释放，散热，均衡性表现突出，性价比较高。接口丰富，使用起来比较省心，安全且优秀的选择不会错。,0,否,5,16G,1T,UNK
1594,Niseko-Z,2025-12-20,全能电竞Y7000 【新】U7-255HX/RTX5060/16G 1T,新购入的拯救者R7000P笔记本电脑性能表现卓越，完全满足高强度使用需求。硬件配置强劲，运行流畅无卡顿，散热效果出色，长时间使用也能保持稳定性能。整体使用体验非常满意，性价比极高，符合专业级用户和游戏玩家的高标准需求。,0,否,5,16G,1T,UNK
1595,8***7,2025-10-27,全能电竞Y7000 【新】U7-255HX/RTX5060/16G 1T,很不错的一次购物体验，刚好赶上国补，买到了期待已久的拯救者Y7000，响应速度很快，代码编译的也很顺畅,0,该店铺购买≥2次,5,16G,1T,UNK
1596,u_hhiu74yttt13,2025-11-04,全能电竞Y7000 【新】U7-255HX/RTX5060/16G 1T,收到宝贝太超出我的意料了，外观非常漂亮，性能卓越，不愧是拯救者，当天下单，第2天就收到货了。包装完好无损，给物流点个赞,0,否,5,16G,1T,UNK
1597,jd_oln3x4474xf89h,2025-12-04,全能电竞Y7000 【新】U7-255HX/RTX5060/16G 1T,拿到手快一天了，感觉还不错，还是比较流畅，性能还是可以。外观比较好看，上网玩也不卡，国补完快七千还行吧。,0,该店铺购买≥2次,5,16G,1T,UNK
1598,w***5,2025-11-16,全能电竞Y7000 【新】U7-255HX/RTX5060/16G 1T,联想大品牌，服务好，品质有保证，电脑性能好，外观漂亮，运行速度快，静音好用，野兽模式声音稍大,0,否,5,16G,1T,UNK
1599,jd_137984dzd,2025-12-09,全能电竞Y7000 【新】U7-255HX/RTX5060/16G 1T,商品今天购买今天就到了，速度杠杠的，包装设计也非常稳固，手感视觉非常的舒适，现在在体验中，拯救者杠杠的,0,该店铺购买≥2次,5,16G,1T,UNK
1600,j***c,2025-11-21,全能电竞Y7000 【新】U7-255HX/RTX5060/16G 1T,外形外观：很符合我的审美，非常满意运行速度：运行非常流畅，开机速度也很快物流非常快，第二天就到货了，非常棒,0,否,5,16G,1T,UNK
1601,苏武灵,2025-12-06,全能电竞Y7000 【新】U7-255HX/RTX5060/16G 1T,须然是复合材料，但是电脑外壳质感好，Ultra7 255H+16G内存+1T固态，速度很OK，整体体验不错，希望能撑个十年，毕竟上一台电脑华硕撑了8年??????,0,否,4,16G,1T,UNK
1602,SkyLine1019,2026-01-27,全能电竞Y7000 【新】U7-255HX/RTX5060/16G 1T,速度非常快，外观也非常漂亮，看着就非常给力，已经在京东买啦五六台笔记本电脑啦，每次都非常愉快，省去自己去实体店跑，质量有保障。,0,否,5,16G,1T,UNK
1603,-***-,2026-01-23,全能电竞Y7000 【新】U7-255HX/RTX5060/16G 1T,这次购物体验太棒了！商品质量上乘，卖家服务态度热情周到，发货速度快得惊人，非常满意！这次购物体验太棒了！商品质量上乘，卖家服务态度热情周到，发货速度快得惊人，非常满意！这次购物体验太棒了！商品质量上乘，卖家服务态度热情周到，发货速度快得惊人，非常满意！,0,否,5,16G,1T,UNK
1604,yefeng1846,2026-01-05,全能电竞Y7000 【新】U7-255HX/RTX5060/16G 1T,外形外观：外观好看，优雅跑分评测：评分很高，性能强劲，包装保护：包装完美运行速度：运行速度非常好画面品质：画面质量非常好游戏效果：游戏效果也非常好,0,否,5,16G,1T,UNK
1605,02lo12k7v89a8m,2025-11-30,全能电竞Y7000 【新】U7-255HX/RTX5060/16G 1T,电脑很棒 发货迅速 还是京东这个平台靠谱 以后还会继续下单的 是正品 京东物流也超快,0,否,5,16G,1T,UNK
1606,宇宙计生委主任,2025-12-08,全能电竞Y7000 【新】U7-255HX/RTX5060/16G 1T,质量很好，开机非常快。散热也不错，噪音很小。运行流畅不卡顿。性价比很高。强烈推荐,0,否,5,16G,1T,UNK
1607,哦***伦,2025-10-28,全能电竞Y7000 【新】U7-255HX/RTX5060/16G 1T,这台电脑的表现远超预期，堪称办公与娱乐的全能伙伴！外观简约大气，机身轻薄便携，日常通勤装进背包毫无压力。性能更是惊喜，多任务运行时流畅不卡顿，同时打开设计软件、办公文档和十几个网页也依旧稳定，完全满足我的工作需求。高刷屏画质细腻，色彩还原真实，无论是修图还是看剧都很沉浸。固态硬盘启动速度超快，开机只需几秒，文件传输也十分高效。续航能力亮眼，满电状态下办公一整天无需插电。散热系统给力，长时间使用机身也不发烫，搭配降噪键盘，使用体验极佳。性价比拉满，真心推荐给学生党和职场人！,0,该店铺购买≥2次,5,16G,1T,UNK
1608,请***吧,2025-11-02,全能电竞Y7000 【新】U7-255HX/RTX5060/16G 1T,机器设计紧凑美观，已使用几天，暂未发现问题，运行流畅，做工扎实，京东快递希望永远用不到售后。京东快递速度够快，满意。,0,否,5,16G,1T,UNK
1609,jd_1888t8oegx5zzo,2025-12-15,全能电竞Y7000 【新】U7-255HX/RTX5060/16G 1T,包装很好，物流快，电脑配置很强，运营流畅，不愧是大品牌，值得信赖，体验感很好,0,该店铺购买≥2次,5,16G,1T,UNK
1610,甜甜wwb,2025-11-23,全能电竞Y7000 【新】U7-255HX/RTX5060/16G 1T,到货了第一时间就拆箱验机了，收货体验非常好，物流送货很快，帮我拆箱验机，新手小白很放心,0,否,5,16G,1T,UNK
1611,diandian___平安,2025-12-10,全能电竞Y7000 【新】U7-255HX/RTX5060/16G 1T,下单后京东物流派送很快，前一天下单，第二天就送到了。整机上手不是很重，比预期的轻巧。黑色简洁大方。,0,否,5,16G,1T,UNK
1612,Zhr张先生,2025-12-01,全能电竞Y7000 【新】U7-255HX/RTX5060/16G 1T,看了很多电脑之后决定下单这款，总体来说性价比很高，开箱之后测试也安全下车！很推荐！,0,该店铺购买≥2次,5,16G,1T,UNK
1613,f99wm12yafyil3,2025-11-01,全能电竞Y7000 【新】U7-255HX/RTX5060/16G 1T,很好很强大！下单后，第二天就收到了，包装的很仔细，机器比想象的要薄，对于游戏本来说很不错了。客服很细心，发了系统激活的教材，按图索骥，一步一步开机了。正在装软件中，现在的体验很棒。回头装个游戏看看效果。期待精彩的表演。,0,该店铺购买≥2次,5,16G,1T,UNK
1614,jd_173807nvr,2025-10-29,全能电竞Y7000 【新】U7-255HX/RTX5060/16G 1T,看到有政府补贴就下单这款心仪的产品了，到货拆开完好，样式好看，按指导自行激活了，很顺畅，感觉不错,0,否,5,16G,1T,UNK
1615,范特西Fanty,2025-11-24,全能电竞Y7000 【新】U7-255HX/RTX5060/16G 1T,包装很好，电脑也很漂亮，上手非常舒服。使用效果也不错，很喜欢，配置比较好性价比很高！,0,否,5,16G,1T,UNK
1616,jd_n23qe275e51nps,2025-11-06,全能电竞Y7000 【新】U7-255HX/RTX5060/16G 1T,很满意的一次购物，商家服务好，发货神速，物流也很给力，宝贝收到后非常喜欢，买得放心，用得安心,0,该店铺购买≥2次,5,16G,1T,UNK
1617,檀琮骐,2025-12-06,全能电竞Y7000 【新】U7-255HX/RTX5060/16G 1T,从16年y700isk到现在y7000完成了新老更换。笔记本还是比较信赖联想。,0,该店铺购买≥2次,5,16G,1T,UNK
1618,jd_186059ydj,2025-12-17,全能电竞Y7000 【新】U7-255HX/RTX5060/16G 1T,游戏本里性价比很高的机器！最新款的处理器，运行速度杠的，三种模式下都尝试了下，风扇的声音很小。产品工精致，散热能力出众，配置比较合理，高清屏幕，接口齐全，各方面配置均衡，完全体现出游戏本强劲的！,0,该店铺购买≥2次,5,16G,1T,UNK
1619,7***6,2025-11-29,全能电竞Y7000 【新】U7-255HX/RTX5060/16G 1T,发货很快，配送也很快，包装完美，很炫酷的电脑，画质清晰，运行速度挺快的，还没下载游戏不知道运行怎么样,0,否,5,16G,1T,UNK
1620,jd_afw458cs87q2r0,2025-11-15,全能电竞Y7000 【新】U7-255HX/RTX5060/16G 1T,笔记本电脑已收到，外观产品与描述一致，验机没问题是全新的，非常流畅，双烤无压力，可冲！,0,否,5,16G,1T,UNK
1621,jd136289taf,2025-11-06,全能电竞Y7000 【新】U7-255HX/RTX5060/16G 1T,终于买到了我关注许久的拯救者了。包装严实，物流很快，比预计时间提前一天。期待后期使用效果。,0,否,5,16G,1T,UNK
1622,翊铭大大,2025-10-25,全能电竞Y7000 【新】U7-255HX/RTX5060/16G 1T,性能强劲，散热优秀，使用体验极佳！外观炫酷，性能稳定，是游戏玩家的不二之选！性价比高，续航能力强，办公游戏两不误！散热系统强大，即使长时间使用也能保持冷静，好评！售后服务好，有问题能快速解决，值得信赖的品牌！,0,该店铺购买≥2次,5,16G,1T,UNK
1623,j***s,2025-12-19,全能电竞Y7000 【新】U7-255HX/RTX5060/16G 1T,??外观质感超赞，金属机身很有分量感???键盘手感舒适，打字很跟手，游戏体验流畅????包装严实，运输无破损，细节到位????物流速度快，配送员服务贴心，全程安心????整体非常满意，值得推荐！????,0,否,5,16G,1T,UNK
1624,一颗臭石头,2025-11-08,全能电竞Y7000 【新】U7-255HX/RTX5060/16G 1T,接口丰富，满足基本办公游戏等需求，开机响应块，打开CAD等软件非常快速，电脑运行非常安静,0,该店铺购买≥2次,5,16G,1T,UNK
1625,4ga0krpc44s0qx,2025-11-09,全能电竞Y7000 【新】U7-255HX/RTX5060/16G 1T,我实在是太爱这款拯救者电脑了 对比了好几个品牌才选中它 这款电脑设计感满满 外观很好看 运行很流畅 画质很好 开机速度快 散热效果好 性能一流 屏幕很大气 机身携带方便 客服的服务态度非常棒 物流很快 下次买电脑还会买这个品牌的,0,否,5,16G,1T,UNK
1626,小***6,2025-11-22,全能电竞Y7000 【新】U7-255HX/RTX5060/16G 1T,不得不赞，质量真的好，包装物流也不错。真心喜欢，入手后不会让你后悔的！物流超级超级快！质量也非常不错，的确物有所值一次很好的购物体验，服务周到，物流快速，配送也很周到，态度也很好，物有所值啊，果断好评！,0,该店铺购买≥2次,5,16G,1T,UNK
1627,6t3m654cr7g042,2025-11-20,全能电竞Y7000 【新】U7-255HX/RTX5060/16G 1T,大学女儿园林设计使用，处理器和显卡、内存够用，色彩满意，运行快，是一次不错的选择。,1,否,5,16G,1T,UNK
1628,o***e,2025-10-20,全能电竞Y7000 【新】U7-255HX/RTX5060/16G 1T,这款笔记本电脑真不错，质感很好，屏幕超赞，玩游戏很流畅！物流也很快，包装严实，没有任何损坏。客服态度也很棒，整体购物体验非常满意，强烈推荐给各位！电脑运行稳定，外观时尚，键盘手感舒适，日常办公和娱乐都能轻松应对，性价比很高，值得入手。。,1,否,5,16G,1T,UNK
1629,第***员,2025-12-21,全能电竞Y7000 【新】U7-255HX/RTX5060/16G 1T,接口够多，外接方便。lcd屏幕比较护眼。在游戏本里算轻，希望电源适配器可以再做小一点。,0,否,5,16G,1T,UNK
1630,w***8,2025-11-13,全能电竞Y7000 【新】U7-255HX/RTX5060/16G 1T,"联想，我心目中的国有大品牌，摸电脑的第一次就是联想,它外观大气，低调奢华有内涵，开机激活后，整机运行流畅!反应超快!2.5k的屏幕色彩鲜艳清晰!配合16内存，1t固态，u7高静处理器，整机安静，没有噪音。",0,否,5,16G,1T,UNK
1631,g7587ie7a09q10,2026-01-23,全能电竞Y7000 【新】U7-255HX/RTX5060/16G 1T,18年我的第一台笔记本电脑就是Y7000，陪伴了我整整七年，前段时间弟弟中考练习打字，才将它退役。从1050T进化到5060的感觉真不错。,0,否,5,16G,1T,UNK
1632,xs生活wk,2025-10-29,全能电竞Y7000 【新】U7-255HX/RTX5060/16G 1T,新机质感非常不错，总体还是非常满意的，性能和质感都满足需求，甚至超出预期。具体配置见下图。,0,否,5,16G,1T,UNK
1633,G***8,2025-12-16,全能电竞Y7000 【新】U7-255HX/RTX5060/16G 1T,买来玩暗黑破坏神4  这个配置足够了 fps大概在120左右 有时会有点卡顿 不太影响 音响听感不错 散热声音挺大 用过游戏本的都习惯了！基本都这样、总体性价比挺高 同等配置这个价位的不多,1,否,5,16G,1T,UNK
1634,21-CJH,2025-12-24,全能电竞Y7000 【新】U7-255HX/RTX5060/16G 1T,开机速度很快，多任务处理无压力，玩游戏也很流畅，散热效果很好，物超所值。值得推荐！,0,该店铺购买≥2次,5,16G,1T,UNK
1635,真***a,2025-11-23,全能电竞Y7000 【新】U7-255HX/RTX5060/16G 1T,这次购物体验超棒，商品性价比高，商家服务周到，发货速度很快，东西包装的很好，我很满意??，还会回购,0,否,5,16G,1T,UNK
1636,0p45jz9y1o3qbm,2026-01-10,全能电竞Y7000 【新】U7-255HX/RTX5060/16G 1T,"已经验机是新电脑无疑,买之前还有点担心，价格全网最低了,电脑的扬声器声音真的不是很大,如果考虑入这一款的可以到线下摸一下再买",0,该店铺购买≥2次,5,16G,1T,UNK
1637,慕阳倾寒,2025-12-14,全能电竞Y7000 【新】U7-255HX/RTX5060/16G 1T,原封正品，很满意的一次购物体验，值得信赖的平台和品牌，电脑也特别耐看，外观大气，屏幕清晰,0,否,5,16G,1T,UNK
1638,无***熙,2026-01-25,全能电竞Y7000 【新】U7-255HX/RTX5060/16G 1T,刚买回来，目前使用没啥问题，开机速度也快，打开文件得响应速度也比较快。样子基本比较满意的配置也是研究很久了，然后买的，总的来看，挺好的。,0,该店铺购买≥2次,5,16G,1T,UNK
1639,黑洞传说,2025-11-28,全能电竞Y7000 【新】U7-255HX/RTX5060/16G 1T,外观漂亮 性能强劲 屏幕无敌 美中不足 应该买32G的内存，风扇声音 在视频中有展示，可以接受,0,否,5,16G,1T,UNK
1640,2135z4km34kw9s,2025-12-15,全能电竞Y7000 【新】U7-255HX/RTX5060/16G 1T,作为一名大一学生，选这款[电脑型号]太值了！平时做PPT、写论文、剪视频都能轻松搞定，偶尔玩个小游戏也不卡。颜值很高，[颜色]机身简约耐看，放在宿舍书桌很合适。京东售后也让人放心，推荐给预算有限的学弟学妹！,0,该店铺购买≥2次,5,16G,1T,UNK
1641,466670980,2025-11-27,全能电竞Y7000 【新】U7-255HX/RTX5060/16G 1T,电脑收到了，发货速度很快，这台电脑是给儿子上学用的，开机运行后他很满意，玩游戏比之前顺畅很多。,0,否,5,16G,1T,UNK
1642,Shining-Yue,2025-12-27,全能电竞Y7000 【新】U7-255HX/RTX5060/16G 1T,电脑是新机，10月出厂的，总体性能还可以，办公用大小正合适。,0,否,5,16G,1T,UNK
1643,JX之父,2025-12-15,全能电竞Y7000 【新】U7-255HX/RTX5060/16G 1T,包装保护：??包装保护得超级棒！完全没有损坏，打开后里面的东西也都完好无损外形外观：外形外观真是让人眼前一亮，?设计感十足，看起来非常舒服画面品质：高清屏幕，不刺眼运行速度：非常快,0,该店铺购买≥2次,5,16G,1T,UNK
1644,郭全辉,2025-11-11,全能电竞Y7000 【新】U7-255HX/RTX5060/16G 1T,电脑到手了，电源是245W的，可以设置快充和慢充好评，快捷键切换工作模式和刷新率好评，内存16G忘记升级到32G了，先用着吧，后面不够用再升级，先用段时间再来评价，暂时没有什么问题，比想象的要轻一些！,0,该店铺购买≥2次,5,16G,1T,UNK
1645,j***4,2025-10-19,全能电竞Y7000 【新】U7-255HX/RTX5060/16G 1T,"包装很严实，物流特别快，颜值高，非常满意～性能强劲运行流畅，搭配2.5K高刷屏及RTX5060显卡，游戏玩家和专业设计用户的理想选择！""运行大型游戏毫无压力，散热出色，外观酷炫，体验感拉满，必须好评！""",0,否,5,16G,1T,UNK
1646,觉得肯定,2025-11-14,全能电竞Y7000 【新】U7-255HX/RTX5060/16G 1T,1、产品没得说，包装很好，快递送货非常快2、插上电源开机，联网激活，安装Windows25H2更新3、下载三角洲、和平精英，跑起来爽4、u7 255HX很不错，主要是内存是三星的。稳定性不错！,0,该店铺购买≥2次,5,16G,1T,UNK
1647,瑶***3,2025-10-30,全能电竞Y7000 【新】U7-255HX/RTX5060/16G 1T,这个新款的联想拯救者y7000挺不错的，用的u7+5060组合，之前还在犹豫14650hx和14900hx选哪个，但新出了这个配置很不错，性能完全够用了，京东送货也快，前一天晚上下单，第二天就到了，太棒了。,0,该店铺购买≥2次,5,16G,1T,UNK
1648,jd_e6j2b6m8kp0r68,2025-12-18,全能电竞Y7000 【新】U7-255HX/RTX5060/16G 1T,游戏已经下好了，运行我玩的这些都很流畅，外观也很好看，物流第二天就到了，质量不错。,0,否,5,16G,1T,UNK
1649,jd_fESTudntRmsO,2025-12-27,全能电竞Y7000 【新】U7-255HX/RTX5060/16G 1T,游戏本还是得拯救者，性能强劲，加上国补，这个价格美滋滋啊。,0,该店铺购买≥2次,5,16G,1T,UNK
1650,j***v,2025-12-09,全能电竞Y7000 【新】U7-255HX/RTX5060/16G 1T,电脑收到了，黑色机身质感很好，颜值担当！开机很快，几秒钟搞定。屏幕色彩很舒服，长时间看也不累眼睛。键盘手感轻盈，打字非常流畅，续航也够用，包装很好，物流也很快 ，客服态度还不错有问必答，目前来看相对比较满意,0,该店铺购买≥2次,5,16G,1T,UNK
1651,dtne6z50b7v2nh,2026-01-08,全能电竞Y7000 【新】U7-255HX/RTX5060/16G 1T,电脑挺好的呢，值得购买的推荐给大家的哦，运行流畅，玩游戏也是没问题的哦，性价比很高的哦，很优惠的呢，非常满意的一次购物体验了哦,0,否,5,16G,1T,UNK
1652,j***T,2025-10-30,全能电竞Y7000 【新】U7-255HX/RTX5060/16G 1T,新款机器，就是不一样，物流速度快。用了几天了，反应速度也超快，N次在京东购物，体验非常非常好，点赞好评。,0,该店铺购买≥10次,5,16G,1T,UNK
1653,1ohydo46cno54u,2025-10-29,全能电竞Y7000 【新】U7-255HX/RTX5060/16G 1T,物流超级快，这款笔记本颜值高，灯光效果很酷，运行速度也OK，一看就让人爱不释手，爱打游戏的家人们快冲冲冲,0,否,5,16G,1T,UNK
1654,**呐情,2025-12-16,全能电竞Y7000 【新】U7-255HX/RTX5060/16G 1T,河北国补买的 性价超很高 日常办公游戏很棒 非常满意得一次购物,0,否,5,16G,1T,UNK
1655,琦***r,2025-11-25,全能电竞Y7000 【新】U7-255HX/RTX5060/16G 1T,选来选去，还是回到了拯救者，酷睿二代Ultra高性能芯片加RTX5060的组合能达到170w的释放而且不会过热，不得不说拯救者的调教还是非常厉害的，日常的办公剪辑画图完全可以胜任，国补后的性价比超高，嘎嘎满意的购物体验,0,该店铺购买≥2次,5,16G,1T,UNK
1656,熊猫盖饭_lll,2025-10-28,全能电竞Y7000 【新】U7-255HX/RTX5060/16G 1T,对比很多牌子的笔记本，还是觉得拯救者符合我的心意。用起来很顺畅，大牌子还是值得信赖。,0,该店铺购买≥2次,5,16G,1T,UNK
1657,星兴小谢,2025-11-06,全能电竞Y7000 【新】U7-255HX/RTX5060/16G 1T,很久没有买电脑了，观望了很久终于下手了，希望能用Ai应用体验能好点，手感不错，赞,0,该店铺购买≥2次,5,16G,1T,UNK
1658,Leihends,2026-01-17,全能电竞Y7000 【新】U7-255HX/RTX5060/16G 1T,电脑质感看着很不错，特别是灯光，然后这个配置也刚好够我使用了，叠加上国补真的好便宜好便宜，联想是大牌子，值得信赖。,0,否,5,16G,1T,UNK
1659,u***t,2025-10-24,全能电竞Y7000 【新】U7-255HX/RTX5060/16G 1T,产品质量很好 快递员上门送货并且拍照什么的 特别专业 包装的很结实 是正品 相信京东没问题的 电脑质量很好,0,该店铺购买≥2次,5,16G,1T,UNK
1660,秦1580,2025-11-05,全能电竞Y7000 【新】U7-255HX/RTX5060/16G 1T,联想y7000，性能好，配置高，打游戏也足够。完全没问题。非常好的电脑，京东服务也很好。包装保护：厚实。全新未拆封。外形外观：帅气，简约。画面品质：高清，清晰。已经在使用，非常满意。功能强大。,0,否,5,16G,1T,UNK
1661,9aua3kxojkfr46,2026-01-19,全能电竞Y7000 【新】U7-255HX/RTX5060/16G 1T,打游戏非常爽，性价比也比较高，现在要过布价格比较优惠，整体的质感是不错的。本来是用来打英雄联盟的效果杠杠的刷新率，达??到240 左右,0,该店铺购买≥2次,5,16G,1T,UNK
1662,霖***辰,2025-11-30,全能电竞Y7000 【新】U7-255HX/RTX5060/16G 1T,性能炸裂，办公娱乐两相宜，爱不释手！轻薄如羽，速度飞起，用着超顺心~屏幕绝美，运行流畅，日常神器！,0,否,5,16G,1T,UNK
1663,zuixifeng,2025-12-13,全能电竞Y7000 【新】U7-255HX/RTX5060/16G 1T,一如既往的支持京东自营，正品无忧，次日达，效率拉满，给五星好评,0,否,5,16G,1T,UNK
1664,岁***者,2026-01-03,全能电竞Y7000 【新】U7-255HX/RTX5060/16G 1T,心心念念的联想Y7000，26年国补一上线，就立马抢了国补资格下单，京东物流很快，当天下单下午就收到了，游戏直接起飞啦！,0,该店铺购买≥2次,5,16G,1T,UNK
1665,miraclesir,2025-11-07,全能电竞Y7000 【新】U7-255HX/RTX5060/16G 1T,拯救者性能强劲，散热高效，高色域屏带来的视觉体验佳，是性价比出色的游戏本选择。,0,该店铺购买≥2次,5,16G,1T,UNK
1666,青山潮汐,2025-11-22,全能电竞Y7000 【新】U7-255HX/RTX5060/16G 1T,很喜欢，质感很好，比一般的游戏本轻巧很多，用起来很丝滑流畅 ，爱了爱了，这款游戏本体验超棒，质感出色，比常见的游戏本轻巧不少，携带方便。使用时运行丝滑流畅，没有卡顿。整体很满意，会推荐给朋友。,0,否,5,16G,1T,UNK
1667,wx-1972,2025-11-21,全能电竞Y7000 【新】U7-255HX/RTX5060/16G 1T,快递速度，包装结实，在网上看到这款正好有优惠，而且正是我特别需要的，所以赶紧下单，果然没让我失望，拆开后电脑整机外观好看，连接后使用流畅，正常，还有免费办公软件，下了个大型游戏，玩起来很过瘾。,0,否,5,16G,1T,UNK
1668,jd_166220spk,2025-11-11,全能电竞Y7000 【新】U7-255HX/RTX5060/16G 1T,爱不释手  虽然是游戏本但一点都不笨拙，而且性能非常好，也很炫酷  非常满意,0,该店铺购买≥2次,5,16G,1T,UNK
1669,jd_l184zy1g2m4wr0,2025-11-02,全能电竞Y7000 【新】U7-255HX/RTX5060/16G 1T,联想拯救者游戏本电脑收到了，这是第二次购买了，一如既往的好，外形漂亮，品质上乘，孩子们喜欢的爱不释手,0,该店铺购买≥2次,5,16G,1T,UNK
1670,o***K,2025-10-23,全能电竞Y7000 【新】U7-255HX/RTX5060/16G 1T,电脑收到啦好快的速度！包装无破损。朋友推荐的这款黑色机身颜值高，性能强运行流畅无卡顿。手感好，画面清晰。,0,否,5,16G,1T,UNK
1671,jd_150961byv,2025-12-27,全能电竞Y7000 【新】U7-255HX/RTX5060/16G 1T,?这款笔记本真的超乎预期！散热表现很稳，长时间使用也不烫??，接口丰富完全够用??。运行速度飞快，图形处理能力也很强??，办公娱乐两不误。快递包装严实??，送货速度给力??，整体体验满分??！！,2,否,5,16G,1T,UNK
1672,jd_fwvn387rdfg22f,2025-12-28,全能电竞Y7000 【新】U7-255HX/RTX5060/16G 1T,我是电脑小白。在机械革命和联想两个品牌之间很纠结，最后还是选择了联想。因为联想是个大品牌。售后有保障。笔记本还可以，做工很精细。还没有玩游戏，风扇声音很小，用起来很舒服。先研究研究以后再追评吧。,0,否,5,16G,1T,UNK
1673,语遇鱼,2025-12-09,全能电竞Y7000 【新】U7-255HX/RTX5060/16G 1T,物流很快，隔天就送到了。新机包装完整精美，搭载的最新处理器和RTX5060显卡，跑分也不错，主流游戏丝滑畅玩完全没压力。高刷屏观感也很爽，散热给力噪音小，续航也比预想好。性价比挺高的,0,否,5,16G,1T,UNK
1674,jd_fnx0reb6sxt0h0,2025-10-30,全能电竞Y7000 【新】U7-255HX/RTX5060/16G 1T,非常好用，性价比也非常高，这个拯救者的性能还是在各个方面碾压其他过的，建议都用！,0,该店铺购买≥2次,5,16G,1T,UNK
1675,u_4wlhh2i39z79,2025-11-03,全能电竞Y7000 【新】U7-255HX/RTX5060/16G 1T,联想拯救者y7000笔记本收到了，颜值高端大气上档次，运行流程，物流速度很快。,0,否,5,16G,1T,UNK
1676,jd_152434axm,2025-11-29,全能电竞Y7000 【新】U7-255HX/RTX5060/16G 1T,电脑收到了。 次日达到货速度非常的快，笔记本流畅度也很完美，推荐！,0,否,5,16G,1T,UNK
1677,jd_4h755l4k2q9256,2025-11-23,全能电竞Y7000 【新】U7-255HX/RTX5060/16G 1T,朋友推荐了一个月拯救者，现在我也认可了，大品牌有保证，而且物流送货非常快，到货了送货上门,0,否,5,16G,1T,UNK
1678,jd_99a7hh4b9uol2x,2025-12-06,全能电竞Y7000 【新】U7-255HX/RTX5060/16G 1T,联想拯救者Y7000 AI高静 游戏本笔记本电脑(Ultra7 255HX 16G 1T RTX5060 2.5K 180Hz 黑) ，搭配5060，拿到手感觉还不错，运行流畅。物流较快，第二天就到了。,0,该店铺购买≥2次,5,16G,1T,UNK
1679,n40e857n12257t,2025-10-30,全能电竞Y7000 【新】U7-255HX/RTX5060/16G 1T,非常好 响应速度很快 ultra7-255HX也很给力 总体来看是个不错的机器,0,该店铺购买≥2次,5,16G,1T,UNK
1680,k50w8s3z0a22t8,2025-12-12,全能电竞Y7000 【新】U7-255HX/RTX5060/16G 1T,非常可以啊，本来还担心是不是新机，但验完机之后是新机啊，非常有保障啊，我很满意,0,否,5,16G,1T,UNK
1681,j***z,2025-12-16,全能电竞Y7000 【新】U7-255HX/RTX5060/16G 1T,女儿学设计专业的，拯救者刚刚好符合需求。处理器Ultra7 255HX，显卡RTX5060，生产力满满。16英寸显示器色彩非常满意，做作业不会有色差。16G内存够用了，如果作业感觉慢的话以后还能扩展成32G。物流非常快，昨天下单今天就收到了。而且包装非常好，完美无损。总之是一次非常满意的购物体验。,0,否,5,16G,1T,UNK
1682,金***紫,2025-12-16,全能电竞Y7000 【新】U7-255HX/RTX5060/16G 1T,各个方面都是不错的，这款笔记本外观简约大气，屏幕显示清晰细腻，键盘手感舒适。,0,否,5,16G,1T,UNK
1683,8v1i3q7svkn2jz,2025-11-22,全能电竞Y7000 【新】U7-255HX/RTX5060/16G 1T,运行速度比较快，机子是全新机，客服服务态度也很好，用起来很流畅，充电器什么的也都是全新包装，长时间运营，没感觉烫挺好的包装保护：包装完整画面品质：画面清晰，是我想要的运行速度：运行速度很快，用着非常流畅,1,否,5,16G,1T,UNK
1684,j***j,2025-11-01,全能电竞Y7000 【新】U7-255HX/RTX5060/16G 1T,包装保护：非常好外形外观：好看，超出预期运行速度：很快第一次买拯救者，也是安全下车了是新机,0,否,5,16G,1T,UNK
1685,D***n,2025-12-11,全能电竞Y7000 【新】U7-255HX/RTX5060/16G 1T,包装保护：到货就迫不及待打开了，果真没有让我失望，质量特别好，颜值也相当高，满意的一次购物外观设计漂亮，尺寸大小合适，包装仔细完整，宝贝手感不错，感觉很好，发货速度快，服务态度一流，给力！5星好评！,0,该店铺购买≥2次,5,16G,1T,UNK
1686,7***h,2025-10-22,全能电竞Y7000 【新】U7-255HX/RTX5060/16G 1T,包装很结实漂亮！说明书也一应俱全，介绍得很到位！电脑外观大气手感好，响应很迅速！??????????,0,该店铺购买≥2次,5,16G,1T,UNK
1687,jd_s3p2mxtp388ad3,2026-01-01,全能电竞Y7000 【新】U7-255HX/RTX5060/16G 1T,拥有了第一台自己的小电脑  触摸质感我很喜欢  一开始设置的时候还有三个小问题验证身份  可以可以  挺流畅的  外观  配置没什么问题,0,否,5,16G,1T,UNK
1688,jd_2o4712m501g62n,2025-10-22,全能电竞Y7000 【新】U7-255HX/RTX5060/16G 1T,质量好，价格低，这性价比没谁了。物流飞速，商家服务优质，售后让人放心，强烈推荐！,0,否,5,16G,1T,UNK
1689,花漾年华_欢乐x570,2025-10-23,全能电竞Y7000 【新】U7-255HX/RTX5060/16G 1T,商品质量超棒，完全超出了我的预期！价格实惠，性价比超高。发货很快，下单没多久就收到了，不错不错！商家的服务极其耐心。配货速度快得让人惊喜，很快就收到。包装精也十分用心，商品功能完整，质量一流，太棒啦！,0,该店铺购买≥2次,5,16G,1T,UNK
1690,雯鑫__,2025-10-26,全能电竞Y7000 【新】U7-255HX/RTX5060/16G 1T,1. 性能党首选：RTX显卡+强芯，3A大作流畅跑，散热给力不卡顿！2. 全能生产力：办公多开无压力，游戏画质顶，2.5K高刷屏超爽！3. 口碑款实锤：性能颜值双在线，接口丰富，联想品控信得过！,0,否,5,16G,1T,UNK
1691,u_nzzawurc6rq9,2025-11-03,全能电竞Y7000 【新】U7-255HX/RTX5060/16G 1T,包装非常好，外形简约大气，画面品质清晰，运行速度很快。外接方便。散热也快。,0,该店铺购买≥2次,5,16G,1T,UNK
1692,jd_uy87136iibf969,2025-11-06,全能电竞Y7000 【新】U7-255HX/RTX5060/16G 1T,终于等到了，心心念念的，很不错，包装非常好，物流也很快上午下单下午到，外观也很好看，品质不错,0,否,5,16G,1T,UNK
1693,jd_251k32zgd8vn20,2025-11-23,全能电竞Y7000 【新】U7-255HX/RTX5060/16G 1T,做了很久的攻略终于觉得买这款拯救者，对我小新来说够用了，而且是联想大品牌，相信大品牌,0,否,5,16G,1T,UNK
1694,倾***華,2026-01-13,全能电竞Y7000 【新】U7-255HX/RTX5060/16G 1T,安全下车。黑色的机身整体很有质感，运行流畅，键盘灯光很亮，非常喜欢[大笑R]到货也很快。现在有国补，价格也可以，早买早享受！！！,0,否,5,16G,1T,UNK
1695,j***5,2025-12-08,全能电竞Y7000 【新】U7-255HX/RTX5060/16G 1T,第一次买笔记本电脑选了好久还是决定买拯救者，平时用的不多拿来娱乐一下，这个游戏本很轻巧，玩起游戏来也很流畅。包装保护：保护的很好没有破损外形外观：是很经典的耐脏黑色游戏效果：大型游戏丝滑不掉帧,0,否,5,16G,1T,UNK
1696,6***j,2025-11-08,全能电竞Y7000 【新】U7-255HX/RTX5060/16G 1T,电脑很不错，运行速度超级快，操作起来很流畅，游戏玩得真给力，值得拥有。,0,否,5,16G,1T,UNK
1697,oews9bz1h3m0gu,2025-12-22,全能电竞Y7000 【新】U7-255HX/RTX5060/16G 1T,1.?开机秒速超流畅，屏幕清晰色彩准，办公追剧太香了！2.?颜值高机身轻薄，性能稳定不卡顿，学生党闭眼入不亏！3.?续航持久散热棒，操作丝滑无噪音，性价比高,0,否,5,16G,1T,UNK
1698,j***d,2025-11-28,全能电竞Y7000 【新】U7-255HX/RTX5060/16G 1T,买这台电脑是为了办公用，特意用了半个月之后再来评价的。外形外观：拯救者的品控没得说，外观很大气，非常适合年轻人。运行速度：系统很流畅，而且赠送了免费的正版的office365，性价比还可以。推荐购买,0,该店铺购买≥2次,5,16G,1T,UNK
1699,f78nod0x0r0poy,2025-11-29,全能电竞Y7000 【新】U7-255HX/RTX5060/16G 1T,下午下单第二天早上就到了。噪音很小，屏幕素质不错，是京东方。,0,否,5,16G,1T,UNK
1700,d0cfs0ybil1r47,2025-11-01,全能电竞Y7000 【新】U7-255HX/RTX5060/16G 1T,官方渠道，正品无疑，外观完好，新机，正在开机试完，更多使用感受售后补充。,0,该店铺购买≥2次,5,16G,1T,UNK
1701,juuzxkt8028z4t,2025-11-06,全能电竞Y7000 【新】U7-255HX/RTX5060/16G 1T,昨天晚上下单，今天一早就到了，拿到手迫不及待的打开，机器约显笨重，甚至有点复古，不过这只是外表，内在的东西才是它的价值所在，开机，设置，完成，机器没得说，流畅的一流，游戏下载中，期待它的表现。,0,该店铺购买≥2次,5,16G,1T,UNK
1702,语***卿,2025-12-06,全能电竞Y7000 【新】U7-255HX/RTX5060/16G 1T,联想拯救者Y7000 AI高静版是一款配置均衡、性价比突出的游戏本。其搭载的酷睿Ultra7 255HX处理器和RTX 5060显卡，足以在2.5K分辨率下流畅运行主流3A大作和电竞网游。“AI高静”散热系统有效平衡了性能与噪音，体验良好。结合国家补贴后，能以约7000元的价格入手，这在一线品牌中非常具有竞争力，是兼顾游戏、创作与未来AI应用的务实之选。,0,否,5,16G,1T,UNK
1703,夏***1,2025-12-31,全能电竞Y7000 【新】U7-255HX/RTX5060/16G 1T,外观真帅，沉稳大气又时尚有活力，各方面设计静”福后一流的水准，用料扎实，配冒拉满，游戏點薯與后、都是一流的体验。京东的旗舰店也相当可靠，买过来也按网上走了一波验机流程，显得有点多此一举了，当然全新机了。大家喜欢的就锁定店铺与产品，及时入手，早买早享受,0,否,5,16G,1T,UNK
1704,jd_f36101,2025-12-30,全能电竞Y7000 【新】U7-255HX/RTX5060/16G 1T,电脑外观简约大方，性能强劲，使用起来很顺手，电脑屏幕非常清晰，色彩鲜艳，电脑键盘手感非常好，而且按键反应灵敏.电脑音响效果非常出色，声音清晰，音量大，很好的购物体验.,0,否,5,16G,1T,UNK
1705,ZanderChan,2025-11-27,全能电竞Y7000 【新】U7-255HX/RTX5060/16G 1T,电脑科技感很强，包装很精致，物流也很快，电脑打开很流畅，我很喜欢这个电脑很满意。,0,否,5,16G,1T,UNK
1706,jd_RDRCOKuvNffX,2025-11-24,全能电竞Y7000 【新】U7-255HX/RTX5060/16G 1T,性能卓越，外观完美，大小正合适，玩游戏非常流畅，运营速度快。,0,该店铺购买≥2次,5,16G,1T,UNK
1707,沐***-,2025-11-23,全能电竞Y7000 【新】U7-255HX/RTX5060/16G 1T,颜值超预期，开机速度快，屏幕色彩很舒服，久看也不累眼，键盘手感轻盈，打字很流畅。,0,否,5,16G,1T,UNK
1708,小海123123123,2026-01-25,全能电竞Y7000 【新】U7-255HX/RTX5060/16G 1T,拯救者Y7000性能强劲，运行流畅，散热优秀，外观简约大气，屏幕清晰，使用体验非常满意，性价比高。,0,该店铺购买≥2次,5,16G,1T,UNK
1709,曼巴lovexjr,2025-12-14,全能电竞Y7000 【新】U7-255HX/RTX5060/16G 1T,电脑收到后验机结论都不错，使用起来体验感也挺好的！,0,否,5,16G,1T,UNK
1710,jd_o74d37enx0oyek,2025-11-05,全能电竞Y7000 【新】U7-255HX/RTX5060/16G 1T,包装很好，电脑表面显示清晰，还送了U盘，键盘，鼠标。店家不错都来买。,0,否,5,16G,1T,UNK
1711,W***3,2025-12-09,全能电竞Y7000 【新】U7-255HX/RTX5060/16G 1T,第一次买游戏本，收到宝贝后用了一段时间才来评价，感觉还不错，继续支持京东,0,否,5,16G,1T,UNK
1712,baby琛哥,2025-10-22,全能电竞Y7000 【新】U7-255HX/RTX5060/16G 1T,这款电脑性能超给力，开机秒速，多任务运行丝滑不卡顿，办公娱乐都顺手，太值了！电脑真没买错，运行稳定不发热，响应迅速，满足日常需求绰绰有余，推荐购买！电脑体验感拉满，配置够用，机身轻薄便携，散热好,1,该店铺购买≥2次,5,16G,1T,UNK
1713,6***9,2025-10-21,全能电竞Y7000 【新】U7-255HX/RTX5060/16G 1T,买的预定，但提前一周就收到了，很惊喜，笔记本颜值很酷，开机很快，三角洲流畅运行，办公游戏无压力,0,该店铺购买≥2次,5,16G,1T,UNK
1714,9***s,2025-11-13,全能电竞Y7000 【新】U7-255HX/RTX5060/16G 1T,包装保护：和你严实外形外观：好好好画面品质：好好好运行速度：很快游戏效果：好好好这款电竞笔记本真是太棒了！键盘灯光炫酷??，整体性能非常强大，运行速度快得飞起??。特别适合打游戏，画质也很不错！,0,否,5,16G,1T,UNK
1715,j好好好对对d,2025-11-01,全能电竞Y7000 【新】U7-255HX/RTX5060/16G 1T,总体来说，确实很不错，客服的服务态度也很棒，说话几乎马上就会回消息，物超所值，真心推荐感觉实物比图片更好看，价格和质量成正比，这次购物非常满意，喜欢的宝宝赶紧下手真心觉得这次购物太棒了，商品性价比超高，质量可靠。物流高效，商家服务贴心，售后让人满意。商品品质非常有保障，使用过程中没有出现过任何问题，非常满意。,0,该店铺购买≥2次,5,16G,1T,UNK
1716,jd_6k46g3b2s5x7sl,2025-11-06,全能电竞Y7000 【新】U7-255HX/RTX5060/16G 1T,包装保护：非常好，有两层包装，外观特别帅，黑色很酷，拿在手里很有分量，看起来也很高级。,0,否,5,16G,1T,UNK
1717,jd_al20p040f9833v,2025-11-10,全能电竞Y7000 【新】U7-255HX/RTX5060/16G 1T,联想拯救者Y7000是一款在6000元价位段表现均衡的“性能水桶机”，尤其适合预算有限的学生和游戏玩家?，推荐大家购买，如果能有银色或白色就好了,0,否,5,16G,1T,UNK
1718,jd131239lky,2025-11-09,全能电竞Y7000 【新】U7-255HX/RTX5060/16G 1T,效果不错，质感很好，不愧是一线品牌，没有让我失望，给你点32个赞,0,否,5,16G,1T,UNK
1719,957v11wmxd57z3,2025-12-04,全能电竞Y7000 【新】U7-255HX/RTX5060/16G 1T,颜值巨高，游戏顺畅。经过多方对比，选择了后一线笔记本联想拯救者。不亏静音笔记本，风扇声音不大。宝宝可以安心睡觉性能很好，游戏流畅，办公力量拉满，颜值巨高。一次成功购物,0,该店铺购买≥2次,5,16G,1T,UNK
1720,j***x,2025-11-12,全能电竞Y7000 【新】U7-255HX/RTX5060/16G 1T,非常满意的购物体验，产品外观时尚，质量上乘，性价比高，物流快速，商家服务周到。包装非常结实，东西保护得很好，值得好评，宝贝收到啦，实物真的好看，价格非常实惠，强烈推荐这款，超级喜欢～,0,否,5,16G,1T,UNK
1721,2***q,2026-01-01,全能电竞Y7000 【新】U7-255HX/RTX5060/16G 1T,屏幕质量很棒，色彩还原精准，对比度高，画面清晰无瑕疵。与商品描述完全相符，物流快，客服服务周到，性价比相当不错，值得购买。,0,否,5,16G,1T,UNK
1722,3ilf53ddp6t6gx,2026-01-01,全能电竞Y7000 【新】U7-255HX/RTX5060/16G 1T,屏幕质量很棒，色彩还原精准，对比度高，画面清晰无瑕疵。与商品描述完全相符，物流快，客服服务周到，性价比相当不错，值得购买。,0,否,5,16G,1T,UNK
1723,Pauloou,2025-10-31,全能电竞Y7000 【新】U7-255HX/RTX5060/16G 1T,笔记本收到了，保护的很好，性能强悍，啥游戏都能玩，可以玩3A大作了,0,否,5,16G,1T,UNK
1724,jd_186865aog,2025-11-08,全能电竞Y7000 【新】U7-255HX/RTX5060/16G 1T,双十一纠结很久，最终选定7000-梦中情本，价格合适运行丝滑。,0,该店铺购买≥2次,5,16G,1T,UNK
1725,酸奶盖1,2025-11-07,全能电竞Y7000 【新】U7-255HX/RTX5060/16G 1T,京东物流超快，包装安全，机器质量手感好，运行稳定，屏幕大小合适,0,否,5,16G,1T,UNK
1726,6mw64t3yt9tozk,2025-12-05,全能电竞Y7000 【新】U7-255HX/RTX5060/16G 1T,性能强劲运行流畅，散热系统稳定高效，2.5K高刷屏画质细腻。游戏玩家与设计工作者的高效生产力工具！特别认可该机型的性能表现，对散热系统和屏幕素质表示满意。散热特别靠谱，长时间开高画质玩游戏。,0,否,5,16G,1T,UNK
1727,jd_ipg9k4781y6z54,2025-11-11,全能电竞Y7000 【新】U7-255HX/RTX5060/16G 1T,比之前电脑轻，手感可以，外观接口够用，电脑三种模式可以供选择，售后网点多，不卡顿,0,否,5,16G,1T,UNK
1728,珠海华粤,2026-01-10,全能电竞Y7000 【新】U7-255HX/RTX5060/16G 1T,联想Y7000p性能硬核，散热强劲，144Hz电竞屏带来畅爽体验。设计简洁，做工扎实，是兼顾游戏与生产力的高性价比之选。,0,该店铺购买≥2次,5,16G,1T,UNK
1729,1bj737f4i7550o,2025-11-15,全能电竞Y7000 【新】U7-255HX/RTX5060/16G 1T,联想笔记本电脑，大品牌，质量好，做工精细，外观时尚，很漂亮，联想拯救者，配置高，运行各种软件都很快，屏幕很清晰，运行声音很小，很安静。京东下单，放心，送货很快，包装很好。很喜欢。,1,否,5,16G,1T,UNK
1730,多多请多吃饭,2026-01-05,全能电竞Y7000 【新】U7-255HX/RTX5060/16G 1T,搞活动的时候买的，价格还可以，不太了解电脑，问了身边的人，都比较推荐这个，用了一段时间，还不错，很满意,0,否,5,16G,1T,UNK
1731,m2ybav4hxd8m17,2025-10-26,全能电竞Y7000 【新】U7-255HX/RTX5060/16G 1T,打游戏不卡顿就选y7000p，看朋友都用这个，平常文件也比较好用。,0,该店铺购买≥2次,5,16G,1T,UNK
1732,jd_t6i4n4s5k9om9t,2025-12-06,全能电竞Y7000 【新】U7-255HX/RTX5060/16G 1T,1.性能散热双优:i9+5070超抗打，单条197万跑分，确后2.配置体验满分:新机(8.19产)验机无瑕疵，音效赞，高负载散热稳、低负载安静，i9+5070太够用~3.闭眼入推荐:197万跑分+84°C双烤温度，散热静音兼顾，音效满意，第二天到货无问题，值,2,该店铺购买≥2次,5,16G,1T,UNK
1733,d49ujtsf64h0u2,2025-12-01,全能电竞Y7000 【新】U7-255HX/RTX5060/16G 1T,包装保护：非常好外形外观：这款产品真的超乎期待，运行流畅不卡顿，散热也很快，长时间游戏也没问题???? 外观设计简洁大气，拿在手里很有质感? 包装严实，物流也很给力?? 总体非常满意～??,0,否,5,16G,1T,UNK
1734,囚见囚爱,2025-11-17,全能电竞Y7000 【新】U7-255HX/RTX5060/16G 1T,心仪了很久的笔记本，双十一优惠力度很大，果断入手了，好评,0,该店铺购买≥2次,5,16G,1T,UNK
1735,8***z,2026-01-21,全能电竞Y7000 【新】U7-255HX/RTX5060/16G 1T,质量上乘：产品质量非常好，超出了我的预期！服务周到：客服服务态度很好，解答问题耐心细致。物流迅速：发货速度很快，包装也很结实，非常满意！性价比高：价格实惠，品质优良，性价比超高！值得信赖：多次购买，每次都满意，值得信赖的品牌！,0,该店铺购买≥10次,5,16G,1T,UNK
1736,O***7,2025-11-20,全能电竞Y7000 【新】U7-255HX/RTX5060/16G 1T,机子质量没有问题的，做工OK，使用起来还是挺满意的，玩游戏也流畅。就是感觉自己当时买早了一点，结果后面补贴的时候又不能进行价保。不过这个属于是政策的问题了，跟机子质量没有关系。,0,该店铺购买≥2次,5,16G,1T,UNK
1737,jd_aunzn3p8mxkl2a,2025-12-13,全能电竞Y7000 【新】U7-255HX/RTX5060/16G 1T,颜值很高 使用很流畅 Y7000的种类和大小也比较适合我们出差人士 重量不算重 大小也合适。偶尔做些算法ULTRA7处理器也很流畅 也都够用 乘着双十二赶紧入手一波 非常满意的一次电脑,0,该店铺购买≥2次,5,16G,1T,UNK
1738,jd_x739s0c2bvje8u,2025-11-29,全能电竞Y7000 【新】U7-255HX/RTX5060/16G 1T,电脑到手后用了几天，电脑运行游戏不卡，画质细腻，画面体验舒服。闭眼冲！,0,该店铺购买≥2次,5,16G,1T,UNK
1739,j***v,2025-12-08,全能电竞Y7000 【新】U7-255HX/RTX5060/16G 1T,惊艳！新电脑设计轻薄有质感，开机秒速响应，4K屏色彩生动。性能强悍却安静，续航持久满足全天移动办公。从细节到体验都充满匠心，真正实现了高效与美学的完美平衡。强烈推荐！,0,否,5,16G,1T,UNK
1740,j***5,2025-12-20,全能电竞Y7000 【新】U7-255HX/RTX5060/16G 1T,早就想买这个笔记本了，蹭着国补立马拿下，速度特别快，性能强悍,0,该店铺购买≥2次,5,16G,1T,UNK
1741,0h8a913um9m0up,2026-01-01,全能电竞Y7000 【新】U7-255HX/RTX5060/16G 1T,屏幕质量很棒，色彩还原精准，对比度高，画面清晰无瑕疵。与商品描述完全相符，物流快，客服服务周到，性价比相当不错，值得购买。,0,否,5,16G,1T,UNK
1742,jd_408wc0whtbmq3v,2025-11-23,全能电竞Y7000 【新】U7-255HX/RTX5060/16G 1T,做了很久的攻略，还是决定购买这款，今天到货了很好，包装的很严实，效率很好,0,否,5,16G,1T,UNK
1743,jd_46fq1w8za2yf4d,2025-12-15,全能电竞Y7000 【新】U7-255HX/RTX5060/16G 1T,全新正品安全下车绝对的正品还能保证是全新的太棒好这个价格太好了,0,否,5,16G,1T,UNK
1744,j***3,2026-01-04,全能电竞Y7000 【新】U7-255HX/RTX5060/16G 1T,电脑已经收到，按照正常流程进行开机，目前运行正常，后续需要安装一些软件后再看运行情况，打开抖音音质和画面还是比较清晰的。,0,否,5,16G,1T,UNK
1745,郑***庆,2025-11-05,全能电竞Y7000 【新】U7-255HX/RTX5060/16G 1T,这款联想Legion笔记本电脑真的超级酷炫！??性能强劲，外观设计非常时尚现代感十足，特别是屏幕效果超赞，玩游戏非常流畅??。无论是办公还是娱乐，都是绝佳的选择！强烈推荐给大家！?,0,该店铺购买≥2次,5,16G,1T,UNK
1746,金***员,2025-10-26,全能电竞Y7000 【新】U7-255HX/RTX5060/16G 1T,包装很严实，物流特别快，颜值高性能强劲运行流畅，搭配2.5K高刷屏及RTX5060显卡，游戏玩家和专业设计用户的理想选择！运行大型游戏毫无压力，散热出色，外观酷炫，体验感拉满，好评！,0,否,5,16G,1T,UNK
1747,尼古丁真小马珍珠,2026-01-06,全能电竞Y7000 【新】U7-255HX/RTX5060/16G 1T,这是第n次在网上买东西啦，棒棒棒东西便宜，而且质量又好，物美价廉，买的放心，用的开心。根本停不下来，东西品种多，而且又特别划算方便而且实惠，包装很好，而且没有任何。损坏会一直支持下去。服务很好，也很好用。好评，下次再来。,0,该店铺购买≥2次,5,16G,1T,UNK
1748,瀚海蓝天啊,2025-11-04,全能电竞Y7000 【新】U7-255HX/RTX5060/16G 1T,开箱整体看还不错，作为一个多年的FPS游戏玩家，Y7000在游戏方面的表现超出了我的预期。16：10的屏幕比例带来了更窄的下边框，游戏视野更沉浸。高色域让游戏世界的色彩非常鲜艳真实。,0,该店铺购买≥2次,5,16G,1T,UNK
1749,素冷,2025-12-29,全能电竞Y7000 【新】U7-255HX/RTX5060/16G 1T,刚开始收到时候发现屏幕买错了，是15.3英寸，但是因为是外接显示屏倒是不影响使用。中间有点小问题，售后技术部客服都有耐心的解决了，目前玩游戏什么的都不影响,0,否,5,16G,1T,UNK
1750,jd_158022rkl,2025-12-24,全能电竞Y7000 【新】U7-255HX/RTX5060/16G 1T,非常满意的一次体验！初次尝试就带来了意想不到的惊喜，效果超乎预期。产品品质和服务都让人印象深刻，未来一定会持续关注并支持。真心推荐给大家，期待未来更多惊喜！,0,该店铺购买≥2次,5,16G,1T,UNK
1751,东***6,2025-10-27,全能电竞Y7000 【新】U7-255HX/RTX5060/16G 1T,非常好用，性能很强，不愧是联想拯救者，键盘手感也很好，买的很值,0,该店铺购买≥2次,5,16G,1T,UNK
1752,jd_153338kqe,2025-10-27,全能电竞Y7000 【新】U7-255HX/RTX5060/16G 1T,新平台不错，朋友的14650，我感觉好很多，新加Ai真的太棒了,0,否,5,16G,1T,UNK
1753,故事很短zhy,2025-11-13,全能电竞Y7000 【新】U7-255HX/RTX5060/16G 1T,一直用的都是联想，外观漂亮!性价比高!开机快!运行流畅!反应快!屏幕显示很好，色彩鲜艳清晰!重量适中，携带方便!大品牌，超长质保，质量有保证!????????????????,0,否,5,16G,1T,UNK
1754,jd_nwbve7ogruwe3h,2025-11-30,全能电竞Y7000 【新】U7-255HX/RTX5060/16G 1T,哈哈哈哈哈哈哈哈哈哈哈哈哈哈哈哈好好好好哈哈哈哈哈,0,否,5,16G,1T,UNK
1755,jd_185887vnq,2025-11-04,全能电竞Y7000 【新】U7-255HX/RTX5060/16G 1T,CPU运行速度非常快。玩游戏多开任务也不卡。外观也非常漂亮,0,否,5,16G,1T,UNK
1756,jd_186472ovf,2025-11-02,全能电竞Y7000 【新】U7-255HX/RTX5060/16G 1T,包装保护：包装完好无损外形外观：非常好外观设计非常漂亮运行速度：很快画面品质：非常不错值得购买推荐大家入手游戏本电脑很适合入手尤其是大学生主要是用电脑的专业性价比很高真心推荐,0,否,5,16G,1T,UNK
1757,nv07fum181ghom,2025-11-07,全能电竞Y7000 【新】U7-255HX/RTX5060/16G 1T,很好呀 售后也很给力 客服态度很好 目前使用还是可以的 配置也够用了 很喜欢,0,该店铺购买≥2次,5,16G,1T,UNK
1758,h***h,2025-12-21,全能电竞Y7000 【新】U7-255HX/RTX5060/16G 1T,这款拯救者，办公时静音模式，建模时均衡模式都非常静音，渲染时用野兽模式效率高；不到16寸的屏幕，重2kg刚刚好，兼顾了性能和携带的便利性，生产力神器，非常好的产品，非常好的选择。,0,该店铺购买≥2次,5,16G,1T,UNK
1759,淼***鑫,2025-10-24,全能电竞Y7000 【新】U7-255HX/RTX5060/16G 1T,果然还得是拯救者，就是不一样。运行流畅，质量杠杠的。物超所值！,0,该店铺购买≥2次,5,16G,1T,UNK
1760,滚烫的梅花肉,2025-11-29,全能电竞Y7000 【新】U7-255HX/RTX5060/16G 1T,包装保护：包装的很好。快递送过来外面还有箱子外形外观：非常漂亮。而且很轻巧。便于携带画面品质：画质很高。180hz看起来很舒服游戏效果：一点都不卡。玩游戏随便玩,0,该店铺购买≥2次,5,16G,1T,UNK
1761,三***技,2025-11-19,全能电竞Y7000 【新】U7-255HX/RTX5060/16G 1T,第二次买拯救者系列的，U7新款+5060，一定行。,0,否,5,16G,1T,UNK
1762,u***a,2025-11-02,全能电竞Y7000 【新】U7-255HX/RTX5060/16G 1T,价格性价比高，尺寸合适，打游戏一流，开机速度很快，个人很喜欢灯光效果不错散热好,0,该店铺购买≥2次,5,16G,1T,UNK
1763,jd_seWSARUeXHum,2025-11-24,全能电竞Y7000 【新】U7-255HX/RTX5060/16G 1T,拯救者Y7000真的是闭眼入的好选择！外观简约大气，商务、娱乐场景都能hold住。处理器性能强劲，搭配独立显卡，游戏体验超棒，画面流畅无卡顿。散热系统靠谱，机身不会过度发热。键盘布局合理，按键回弹有力，打字效率高。京东物流速度绝了，售后政策透明，有问题能及时处理。这个配置这个价格，性价比直接拉满，非常推荐！,0,否,5,16G,1T,UNK
1764,630l10arb72glb,2025-11-08,全能电竞Y7000 【新】U7-255HX/RTX5060/16G 1T,整个电脑十分好用，没有卡顿，功能齐全，十分酷炫，性价比高强烈推荐购买！！！,0,否,5,16G,1T,UNK
1765,君***心,2025-11-26,全能电竞Y7000 【新】U7-255HX/RTX5060/16G 1T,U7-255HX，8大核12小核，CPU性能强劲。RTX5060笔记本显卡，畅玩游戏。2.5K 180Hz 400nit屏幕，显示效果优秀。内吹散热，体验很好。,0,该店铺购买≥2次,5,16G,1T,UNK
1766,粉面菜蛋__和谐x3139,2025-10-22,全能电竞Y7000 【新】U7-255HX/RTX5060/16G 1T,电脑是最新款，东西挺好的，是全新未拆封的新机，外观好看，好用，送了办公软件，挺好的,0,否,5,16G,1T,UNK
1767,l***8,2025-11-16,全能电竞Y7000 【新】U7-255HX/RTX5060/16G 1T,给小孩买的，赶上了国家补贴，生在中国真的幸福，好像名额还特别难抢，这款笔记本是一个专业学电脑的海外留学生推荐的，并且告诉我特别保值，第一天看上以后，第二天竟然没货了，如果有需要的朋友可以购买。,0,否,5,16G,1T,UNK
1768,j***w,2025-11-16,全能电竞Y7000 【新】U7-255HX/RTX5060/16G 1T,这台电脑使用体验非常好，物流非常快，第二天就送到了，非常满意的一次购物,0,该店铺购买≥2次,5,16G,1T,UNK
1769,躁***红,2025-11-09,全能电竞Y7000 【新】U7-255HX/RTX5060/16G 1T,使用体验非常流畅，游戏笔记本电脑的性能出色，图形处理能力强，运行大型游戏毫无压力。键盘手感舒适，散热系统高效。总体评价：强烈推荐给游戏爱好者，性价比高，是游戏玩家的理想选择。,0,否,5,16G,1T,UNK
1770,jd_132379gdp,2025-10-20,全能电竞Y7000 【新】U7-255HX/RTX5060/16G 1T,联想拯救者电脑外观很酷，手感很棒，做工精细，一如既往的好品质。,0,否,5,16G,1T,UNK
1771,王建华___1,2025-11-03,全能电竞Y7000 【新】U7-255HX/RTX5060/16G 1T,产品质量上乘，细节处理精致，使用体验极佳，物超所值，强烈推荐给需要的朋友们。这宝贝质量杠杠滴??，细节处理太精致了，边边角角都打磨得超光滑，用起来体验感直接拉满??！从包装到实物都透着用心，完全超出预期，这价格能买到真是赚到啦??！性价比绝绝子，必须安利给身边所有需要的小伙伴，闭眼入不踩雷??！,0,该店铺购买≥2次,5,16G,1T,UNK
1772,c4z4q5x29cvx0v,2025-11-11,全能电竞Y7000 【新】U7-255HX/RTX5060/16G 1T,国补资格终于抢到了，非常感谢客服在此期间的耐心帮助，详细的介绍了国补领取方法细则，以及支付注意事项。到货后包装完好，整机外观无瑕疵，y7000p u7版很静音，性能很强劲。,0,否,5,16G,1T,UNK
1773,jd_180780mlj,2025-10-24,全能电竞Y7000 【新】U7-255HX/RTX5060/16G 1T,朋友推荐的联想拯救者，这一款4060独立显卡，英特尔7处理器是中高配的，外观很时尚。金属壳很有质感，接口齐全，按键舒适，机器开机快，自带Winl1的系统也很好用，反应灵敏，是正品。,0,该店铺购买≥2次,5,16G,1T,UNK
1774,l13632,2025-10-27,全能电竞Y7000 【新】U7-255HX/RTX5060/16G 1T,到手质感很好，PD快充便捷，接口丰富，游戏办公全能，日常使用很安静，物超所值！,0,否,5,16G,1T,UNK
1775,董多多天后,2025-10-31,全能电竞Y7000 【新】U7-255HX/RTX5060/16G 1T,强力推荐，游戏办公都非常出色1功能强大物流非常给力，有喜欢的小伙伴快快下手吧,0,该店铺购买≥2次,5,16G,1T,UNK
1776,jd_31c148rhimurlj,2025-11-21,全能电竞Y7000 【新】U7-255HX/RTX5060/16G 1T,产品质量很好，物流迅速，快递表面无损坏，并且有快递员亲自登门递送。,0,否,5,16G,1T,UNK
1777,阳光滋呐补,2025-11-03,全能电竞Y7000 【新】U7-255HX/RTX5060/16G 1T,包装保护：包装保护完整，无瑕疵画面品质：画质清晰运行速度：不卡顿非常好,0,否,5,16G,1T,UNK
1778,ORG_TT,2025-10-30,全能电竞Y7000 【新】U7-255HX/RTX5060/16G 1T,快递真的非常快，第二天直接到货，真的是爱不释手。 包装保护：包装完好，封条完好； 外形外观：外观时尚，潮流，喜欢； 画面品质：画面高清，显示非常好，视觉效果很好；验机一切正常，就是缺点：特别粘指纹,1,该店铺购买≥2次,5,16G,1T,UNK
1779,白***鏡,2025-11-24,全能电竞Y7000 【新】U7-255HX/RTX5060/16G 1T,物流速度很快，早上买，下午就到了。开机很快。基本游戏都玩的起来。,0,该店铺购买≥2次,5,16G,1T,UNK
1780,不送货上门就不要发,2026-01-22,全能电竞Y7000 【新】U7-255HX/RTX5060/16G 1T,买来工作加打游戏，尺寸非常适合我，电脑不卡，处理速度。十分流畅，屏幕很清楚，非常满意,0,否,5,16G,1T,UNK
1781,靳***二,2025-12-02,全能电竞Y7000 【新】U7-255HX/RTX5060/16G 1T,非常好，快，无论游戏还是工作，速度非常好,0,否,5,16G,1T,UNK
1782,c***c,2026-01-24,全能电竞Y7000 【新】U7-255HX/RTX5060/16G 1T,性能很强，玩大型游戏没问题。不过风扇在全速运行时声音还是比较明显的，键盘中间区域会发热，但能接受。屏幕是180Hz不是顶配的240Hz，但实际观感和流畅度已经非常出色了。作为游戏本，它的表现符合我的预期。,0,该店铺购买≥2次,5,16G,1T,UNK
1783,qa01dcep001df1,2025-11-10,全能电竞Y7000 【新】U7-255HX/RTX5060/16G 1T,包装完整，运行流畅，风扇声音小，外观时尚，总体满意,0,该店铺购买≥2次,5,16G,1T,UNK
1784,jd_13kts720bdc53d,2025-12-04,全能电竞Y7000 【新】U7-255HX/RTX5060/16G 1T,非常稳定 鲁大师180万?，用了快一个月 一直开着没死过机,0,否,5,16G,1T,UNK
1785,u***c,2025-12-20,全能电竞Y7000 【新】U7-255HX/RTX5060/16G 1T,本子外观设计比较完美，配置爆表，运行流畅值得购买，,0,该店铺购买≥2次,5,16G,1T,UNK
1786,u_v62qc9k11l9n,2025-11-06,全能电竞Y7000 【新】U7-255HX/RTX5060/16G 1T,丝滑不卡顿，下单收货速度快，已配好支架，很有质感！,0,该店铺购买≥2次,5,16G,1T,UNK
1787,f1ciu9j759y2f3,2025-12-16,全能电竞Y7000 【新】U7-255HX/RTX5060/16G 1T,质量杠杠的，设计美观大方，商家服务赞，穿上体验很棒，物流服务好，性价比高，爱了爱了！包装很完美，颜值很高，感觉物超所值！客服也非常耐心细致，发货快物流给力，以后还会再来??,0,否,5,16G,1T,UNK
1788,jd_5r5g817isd926l,2025-12-18,全能电竞Y7000 【新】U7-255HX/RTX5060/16G 1T,终于拿到手里了，根据网上验收感觉没啥问题，非常满意,0,否,5,16G,1T,UNK
1789,航***号,2025-11-22,全能电竞Y7000 【新】U7-255HX/RTX5060/16G 1T,包装得很好，完全没有磕碰破损，两层金子堡用后护，还有海绵护垫，很是到位。还是更喜欢深色的机器，耐看也耐脏一些，很有质感，1808deg；折叠，鸡哥审美还是很在线的。风扇声音不大，玩游戏开声音的话，基本是听不到的，剪辑视频、玩3A大作，都挺丝滑的，鸡哥这个配置加推料散热非常足，完美下车,0,否,5,16G,1T,UNK
1790,其实我一直都在1204,2026-01-15,全能电竞Y7000 【新】U7-255HX/RTX5060/16G 1T,游戏体验超爽，画质超高清，色彩也鲜艳，散热也很棒，总之很满意，值得购买，性价比超高！,0,该店铺购买≥2次,5,16G,1T,UNK
1791,M-a-o,2026-01-27,全能电竞Y7000 【新】U7-255HX/RTX5060/16G 1T,键盘手感很好，抱起也不会太大，很好用。我是玩游戏兼顾博图，两者任意切换毫无压力,0,该店铺购买≥2次,5,16G,1T,UNK
1792,jd_nLZdnNaxDnpg,2025-11-02,全能电竞Y7000 【新】U7-255HX/RTX5060/16G 1T,国补一直抢不到，后来直播间做活动买的，力度也很大，比国补还是差点。送货很快，晚上快12点下单，第二天就到了。21年买过7000老款的，没修过，希望这款结实耐用，不负期望。,0,否,5,16G,1T,UNK
1793,2***k,2026-01-26,全能电竞Y7000 【新】U7-255HX/RTX5060/16G 1T,包装保护：包装完好无损外形外观：轻巧便携画面品质：运行流畅，2.5k超竟屏，画质清晰，触感很好,0,否,5,16G,1T,UNK
1794,jd_mKPVNoaYzVuP,2026-01-13,全能电竞Y7000 【新】U7-255HX/RTX5060/16G 1T,国补优惠力度很大，价格非常nice。机身用料扎实，确实声音很轻，散热很快。快递迅速，24小时内就送到了。,0,否,5,16G,1T,UNK
1795,西***馍,2025-12-19,全能电竞Y7000 【新】U7-255HX/RTX5060/16G 1T,收到包裹完整，5060显卡，玩黑神话流畅不卡顿。,0,该店铺购买≥2次,5,16G,1T,UNK
1796,5m86d15rtmt206,2025-11-22,全能电竞Y7000 【新】U7-255HX/RTX5060/16G 1T,包装保护完好，操作流畅，显示清晰，运行速度快！电脑品质很好！,0,否,5,16G,1T,UNK
1797,u_9bp43flko14o,2025-11-08,全能电竞Y7000 【新】U7-255HX/RTX5060/16G 1T,这个性价比不错，开机流畅，外观时尚有质感，配置高手感很好值得下手。,0,否,5,16G,1T,UNK
1798,l2t9g0l6r2l9dr,2025-12-15,全能电竞Y7000 【新】U7-255HX/RTX5060/16G 1T,电脑外观简约大方，性能强劲，使用起来很顺手用后电脑屏幕非常清晰，色彩鲜艳，电脑键盘手感非常好，而且按键反应灵敏.电脑音响效果非常出色， 声音清晰，音量大，很好的购物体验.,0,否,5,16G,1T,UNK
1799,jd_e9c1qq004fka57,2025-10-29,全能电竞Y7000 【新】U7-255HX/RTX5060/16G 1T,已激活，运行流畅，显示一流。孩子想了很长时间，终于到手了跑分评测：高,0,否,5,16G,1T,UNK
1800,jd_06399b95790yzr,2025-12-07,全能电竞Y7000 【新】U7-255HX/RTX5060/16G 1T,电脑很好用 不卡需要的可以购买 价格实惠，包装也很好,0,否,5,16G,1T,UNK
1801,i***i,2025-11-23,全能电竞Y7000 【新】U7-255HX/RTX5060/16G 1T,联想拯救者Y7000 AI款超惊艳！Ultra7+RTX5060跑3A满帧丝滑，2.5K 180Hz屏画质细腻，补贴价入手血赚，散热稳噪音小，游戏办公都能打！,0,该店铺购买≥2次,5,16G,1T,UNK
1802,jd_50rxnhd7c06es1,2025-11-05,全能电竞Y7000 【新】U7-255HX/RTX5060/16G 1T,满意的一次购物，无论是外观设计，屏幕效果，运行速度都让我十分满意！,0,否,5,16G,1T,UNK
1803,kelvin_cx,2025-11-18,全能电竞Y7000 【新】U7-255HX/RTX5060/16G 1T,1这款笔记本颜值在线，机身轻薄便携，通勤出差无负担。运行流畅不卡顿，办公、追剧都够用，全尺寸键盘打字舒适，续航也给力，这个价位能有这配置，性价比超高，真心满意！,1,否,5,16G,1T,UNK
1804,wwiken,2025-11-20,全能电竞Y7000 【新】U7-255HX/RTX5060/16G 1T,包装保护：包装的很好，双层盒子还有薄膜，泡沫保护，看得出包装挺用心外形外观：我的是黑色的，很浓重的黑色，像个黑色武士，还是蛮帅的画面品质：画面画质是特别的清晰的，感觉比我的台式还清楚一点,0,否,5,16G,1T,UNK
1805,j***d,2026-01-04,全能电竞Y7000 【新】U7-255HX/RTX5060/16G 1T,宝贝收到了，质量很不错，包装精致，材质优秀，比想象中好，送礼自用非常合适，下次继续购买,0,该店铺购买≥2次,5,16G,1T,UNK
1806,jd_ucg7adgi7szy66,2025-10-31,全能电竞Y7000 【新】U7-255HX/RTX5060/16G 1T,电脑收到货当天就激活了，下载了几个我们学习用的设计软件，正努力学习。,0,否,5,16G,1T,UNK
1807,j***j,2025-12-17,全能电竞Y7000 【新】U7-255HX/RTX5060/16G 1T,性能强劲流畅，轻薄便携，颜值质感双在线超省心！核芯能打不卡顿，护眼屏+长续航，办公娱乐皆适配～ 金属机身有质感，散热静音佳，全场景使用超靠谱！,0,否,5,16G,1T,UNK
1808,u***f,2025-11-29,全能电竞Y7000 【新】U7-255HX/RTX5060/16G 1T,这款拯救者笔记本真的超乎期待！??运行大型游戏丝滑顺畅，办公处理多任务也毫无压力～??散热表现优秀，久用不烫手??外观酷炫有质感，键盘敲击手感极佳，整体体验满分???????,0,否,5,16G,1T,UNK
1809,j***k,2026-01-07,全能电竞Y7000 【新】U7-255HX/RTX5060/16G 1T,之前用的 19 年的 y7000，终于更新换代到新产品了，比之前轻了一点，喜欢喜欢。,0,该店铺购买≥2次,5,16G,1T,UNK
1810,j***c,2026-01-19,全能电竞Y7000 【新】U7-255HX/RTX5060/16G 1T,这个是真的好，材料和做工都特别精致，做工真的非常棒，我觉着我可以推荐给我朋友买,0,该店铺购买≥2次,5,16G,1T,UNK
1811,李勇木子,2025-10-25,全能电竞Y7000 【新】U7-255HX/RTX5060/16G 1T,早就想要入手一个游戏本了，这一次选择了拯救者，确实很惊艳，京东的服务一如既往的好，联想的笔记本也很优秀，外包装包裹很好，让家人帮忙签收了，回头到家要抓紧尝试一下新笔记本！,0,否,5,16G,1T,UNK
1812,j***1,2025-11-23,全能电竞Y7000 【新】U7-255HX/RTX5060/16G 1T,电脑收到啦！颜值超预期！黑色的机身质感棒极了！开机速度快  短短几秒钟就搞定啦 电脑轻盈 续航能力强  充电性能强  客服态度极佳 回复快 有问必答 ！物流当天就到啦 太值啦！,0,否,5,16G,1T,UNK
1813,jd_6wk2k2u65qfopk,2025-12-17,全能电竞Y7000 【新】U7-255HX/RTX5060/16G 1T,电脑外观间约大方，性能强劲，使用起米很顺手，电脑洋我后非第清晰，色粉鲜艳，电脑键盘手感非常好，而且按键反应灵敏.电脑音响效果非常出色，声音清晰，音量大，很好的购物体验,0,该店铺购买≥2次,5,16G,1T,UNK
1814,j***a,2025-11-22,全能电竞Y7000 【新】U7-255HX/RTX5060/16G 1T,不愧是联想拯救者，性能超强、散热给力、玩游戏毫无压力!屏幕清晰流畅，整体手感舒适，性价比超高，收货超满意!唯一美中不足就是抢不到国补，赶在双十一活动时拿下。,0,该店铺购买≥2次,5,16G,1T,UNK
1815,u***t,2025-12-04,全能电竞Y7000 【新】U7-255HX/RTX5060/16G 1T,这款笔记本不仅拥有强大的性能和精美的外观设计，更提供了极致的使用体验。屏幕清晰、键盘舒适、散热出色，让我在长时间使用中依然保持舒适。强烈推荐给追求高性能和舒适体验的朋友们！,0,否,5,16G,1T,UNK
1816,6x20k6g9ypblt8,2025-11-08,全能电竞Y7000 【新】U7-255HX/RTX5060/16G 1T,金属机身质感扎实，接口齐全无需额外带拓展坞，支持内存和硬盘升级，用个三四年也能轻松扩容。双显三模显卡热切换超实用，办公模式下功耗低、噪音小，兼顾游戏性能与日常使用，学生党闭眼入不亏。,0,否,5,16G,1T,UNK
1817,新苗宁,2025-11-13,全能电竞Y7000 【新】U7-255HX/RTX5060/16G 1T,电脑收到了，试用一下，爽的不得了，超级喜欢 秒开机 ，游戏没有卡顿的时候，扇热也是一流，真是物有所值呀，其余的学习功能都是毛毛雨，轻松搞定，大学生入手真心不会失望，值得拥有 满分。,0,否,5,16G,1T,UNK
1818,jd_5addcced6fb85,2025-11-03,全能电竞Y7000 【新】U7-255HX/RTX5060/16G 1T,外观漂亮，价格实惠，孩子很喜欢，下次还会买！,0,否,5,16G,1T,UNK
1819,jd_3r08i9ibs0yiq9,2025-10-25,全能电竞Y7000 【新】U7-255HX/RTX5060/16G 1T,电脑运行速度很快，打游戏很流畅，物流挺快的，屏幕清晰，好用，外观好看,0,否,5,16G,1T,UNK
1820,j***8,2025-11-07,全能电竞Y7000 【新】U7-255HX/RTX5060/16G 1T,电脑很好 外观很好，它的配置也很好，它的质量也很好，整体很好。,0,该店铺购买≥2次,5,16G,1T,UNK
1821,DamiQAQ,2025-11-30,全能电竞Y7000 【新】U7-255HX/RTX5060/16G 1T,之前的笔记本时间太长了就准备想换一台新的，对比了诸多新笔记本最终选择了这款Y7000。配置为英特尔Ultra7+RTX5060。用来跑CAD画图、剪工作视频效率提升显著，同时挂多种后台切换也不会卡顿。而且AI高静做得很好，全天高强度使用机身只是温温的，风扇声小，不会因为过热降频影响工作进度。,0,否,5,16G,1T,UNK
1822,pbhjh3f1j2fzev,2025-11-18,全能电竞Y7000 【新】U7-255HX/RTX5060/16G 1T,很好用，运行挺快的，发货也超快，外观也特别好看，喜欢喜欢,0,否,5,16G,1T,UNK
1823,陷阱___,2025-11-22,全能电竞Y7000 【新】U7-255HX/RTX5060/16G 1T,电脑非縮流畅，性价比很高。客服飞飞也很热心，凌殿霸甲面还在，回答问题特别耐心，对于家用来说绰绰有余，孩子上学用。性价比高，轻便携带。发货速度快，包装紧实。,0,否,5,16G,1T,UNK
1824,玩乐之狼_发财,2025-11-30,全能电竞Y7000 【新】U7-255HX/RTX5060/16G 1T,物流速度很快..包装的也很严实,0,否,5,16G,1T,UNK
1825,两个大宝贝呀,2025-11-26,全能电竞Y7000 【新】U7-255HX/RTX5060/16G 1T,联想拯救者笔记本电脑玩游戏太爽了！Fn+q模式切换太好用了！非常喜欢??????????????????，外接方便，灯光效果酷??，游戏流畅，超强散热！,14,该店铺购买≥2次,5,16G,1T,UNK
1826,slh320rlocz1p8,2025-10-30,全能电竞Y7000 【新】U7-255HX/RTX5060/16G 1T,包装保护：包装完好无损声音：静音模式下非常安静运行速度：很快,0,否,5,16G,1T,UNK
1827,4qfw0wjjlrifiu,2025-10-30,全能电竞Y7000 【新】U7-255HX/RTX5060/16G 1T,选了好久还是买这款，性能不错，主要用来搞设计,0,该店铺购买≥2次,5,16G,1T,UNK
1828,jd_76f5h45fmwi6e3,2025-10-25,全能电竞Y7000 RTX5060/16核i7/2.5K屏,这台电脑完全超出预期！14 代 i7 + 满血 RTX5060 加持，玩 3A 大作、做设计渲染都丝滑不卡顿，2.5K 180Hz 高色域屏色彩准、画面顺，2kg 重量便携又能打，键盘手感舒服、接口也够用，用着太爽了，满分推荐,3,该店铺购买≥2次,5,UNK,UNK,UNK
1829,尼古二丁,2025-11-18,全能电竞Y7000 【新】U7-255HX/RTX5060/16G 1T,购物体验非常差，机器买来一个星期就开机黑屏无法进入桌面，申请换货 被驳回 说是用了第三方桌面应用导致系统崩溃？可我明明用的官方联想应用商店里的壁纸 没想到就崩溃了 ……还真是挺容易崩溃的？就这么脆弱吗 ？我那用了那么多年的华硕也没见开机系统崩溃呢……反正就这样吧 我看还出现这种情况要怎么处理 ……无力吐槽了  。买之前想清楚吧 ……,0,该店铺购买≥2次,1,16G,1T,UNK
1830,没心没费嘚,2025-11-16,全能电竞Y7000 【新】U7-255HX/RTX5060/16G 1T,开机了，终于到手了(='.'=)??，喜欢喜欢，超级喜欢,0,否,5,16G,1T,UNK
1831,丶***丶,2025-11-19,全能电竞Y7000 【新】U7-255HX/RTX5060/16G 1T,这款电脑运行流畅，散热效果不错，日常办公和娱乐都很给力??。外接设备方便，硬盘升级也轻松搞定??。物流速度快，包装严实，客服态度很好??。整体体验很棒！！,0,该店铺购买≥2次,5,16G,1T,UNK
1832,夏***快,2026-01-21,全能电竞Y7000 【新】U7-255HX/RTX5060/16G 1T,电脑外观好看，无损，正品保障，使用时运行很快，声音不大，很多接口，使用方便，打游戏也很流畅。,0,否,5,16G,1T,UNK
1833,j***e,2026-01-27,16英寸 标压锐龙R7|16G 512G|高刷屏,是理想中的产品??，质量不错，物流也很快，值得点赞！,0,否,5,16G,512G,16
1834,jd_ujk372w48c76v4,2026-01-27,14英寸 标压酷睿i5|24G 512G|高色域,大脑卡的飞起,0,否,2,24G,512G,14
1835,Lu_Chang,2026-01-27,14英寸 标压酷睿i5|24G 512G|高色域,工作需要临时要买个电脑，家电首选京东。物流超级的快，电脑大小很合适，出门携带很方便，办公也不错。美中不足的是需要自己买些小配件。,0,该店铺购买≥2次,5,24G,512G,14
1836,李***成,2026-01-27,14英寸 标压锐龙R7|16G 512G|高刷屏,屏幕清晰，质量超级棒，开机速度快，联网速度快，不卡顿，物流速度很快，服务好，售后服务到位，联想电脑值得信赖,0,否,5,16G,512G,14
1837,j***b,2026-01-27,16英寸 标压锐龙R7|16G 512G|高刷屏,个人感受，国补就是骗人的，钱都让商家骗去了，我在某动平台买电脑，用国补是3799买的，当时价格是4499！不用国补价格变成是4199了，还有300优惠卷，实力3899！说白了国补留给补贴100块钱，但是当时我领取国补是470块钱，中间的差价370块钱哪去了？大家可以去联想商城购买，那里有国补，并且赠送1年延保！这个事件导致我后续的所有配件都是在另外平台购买了！我觉得这个平台太不地道了！如果当时知道有联想商城平台也不能在这里下单！,0,该店铺购买≥2次,5,16G,512G,16
1838,光***o,2026-01-26,16英寸 标压锐龙R7|16G 512G|高刷屏,运行速度：AMD的ryzen7 H255，zen4架构，4nm，用于办公只能说无敌了，用了一下午非常流畅。AMD继续yes！屏幕效果：这款26版是100% srgb的屏幕，亮度最高有400，颜色很惊艳。眼睛观感比拍出来好多了。散热性能：可能因为天冷，风扇声音不明显。轻薄程度：16寸这个重量可以了。,0,否,5,16G,512G,16
1839,aBXjdDJqLYVw,2026-01-26,16英寸 标压锐龙R7|16G 512G|高刷屏,质量很好，超薄，喜欢，款式很好看,0,否,5,16G,512G,16
1840,Silverty,2026-01-26,16英寸 标压锐龙R7|16G 512G|高刷屏,不错哈，感觉可以,0,该店铺购买≥2次,5,16G,512G,16
1841,9kr567c1ud9t4x,2026-01-26,16英寸 标压锐龙R7|16G 512G|高刷屏,很好看起来也很好看,0,该店铺购买≥2次,5,16G,512G,16
1842,君语心雨,2026-01-26,14英寸 标压锐龙R7|16G 512G|高刷屏,物流快，物品完好，已经多次购买,0,该店铺购买≥10次,5,16G,512G,14
1843,李yubiao,2026-01-26,14英寸 标压酷睿i5|24G 512G|高色域,物流配送非常快，前期使用感觉也不错，键盘质感挺好的，系统运行流畅，办公软件激活顺畅，居家办公使用体验感不错，值得推荐。。。,0,否,5,24G,512G,14
1844,u***n,2026-01-26,16英寸 标压锐龙R7|16G 512G|高刷屏,联想小新这款电脑使用顺畅，金属质感摸起来很舒适，客服态度也很好。,0,该店铺购买≥2次,5,16G,512G,16
1845,小峰哎呦喂,2026-01-26,16英寸 标压锐龙R7|16G 512G|高刷屏,全金属机身，质感很好。16寸看着很舒服，比我想象中的薄多了，官方正品未拆封！！！联想还是很有质量保障的，如果用微软系统确实是首选品牌！！,0,否,5,16G,512G,16
1846,9w4s3sr6b2mxeq,2026-01-26,16英寸 标压锐龙R7|16G 512G|高刷屏,抽签中了消费券，赶紧看起来笔记本，觉得这一款联想小新很不错，芯片强劲，配置可以，键盘收盘不错，带的集成显卡可以玩大部分游戏，挺不错的，送货非常快，京东买东西还是很放心的！,0,否,5,16G,512G,16
1847,t***果,2026-01-26,16英寸 标压酷睿i5|24G 512G|高色域,此用户未及时填写评价内容,0,该店铺购买≥2次,1,24G,512G,16
1848,x***5,2026-01-25,14英寸 标压酷睿i5|24G 512G|高色域,联想小新14是办公学习主力机优选，1.46kg重、16.9mm厚，全金属机身质感出众，通勤携带超轻松。i5+24GB内存，多开办公软件、轻度修图剪辑无压力；高色域莱茵护眼屏，长时间使用眼睛不易累。美中不足是键盘键程偏短且无背光，整体性能、便携与续航平衡，性价比突出，是学生党和职场新人的务实之选,0,该店铺购买≥2次,5,24G,512G,14
1849,ufbi4u0hk0h94y,2026-01-25,16英寸 标压锐龙R7|16G 512G|高刷屏,屏幕挺大，还行，以后用着看，我外形外观：还可以屏幕效果：不错轻薄程度：一般吧,0,该店铺购买≥2次,5,16G,512G,16
1850,MoMo小老虎,2026-01-25,14英寸 标压酷睿i5|24G 512G|高色域,从去年到今年，觉得京东不行了，对产品质量把关不上心，奔着京东来的，发货产品有问题，还没说监测是好的，明里暗里说。是我的问题，他们的电脑没问题，我就要求换台电脑，他们不愿意给换，客服打电话，让我当二手电脑卖了，气坏我了，后面不知道他们怎么搞的，又同意给换了台电脑，收到货，没任何问题,0,该店铺购买≥2次,5,24G,512G,14
1851,浅灬落,2026-01-25,16英寸 标压锐龙R7|16G 512G|高刷屏,轻薄，便捷，总体还算流畅，希望用一段时间也能这么好。,0,否,5,16G,512G,16
1852,Ron-xu,2026-01-25,14英寸 标压锐龙R7|16G 512G|高刷屏,前天晚上购买3999，昨天显示3399；就算是国补，这掉价也太快了；而且第一次付款时京东支付也不显示享受国补，第二天就显示了；跟店铺和京东多次沟通无果相互推诿扯皮，所谓的七天无理由退货就是一句空话，你开机就不行了，那不开机我怎么知道电脑好不好，简直就是霸王条款,1,该店铺购买≥2次,1,16G,512G,14
1853,j***f,2026-01-25,16英寸 标压酷睿i5|24G 512G|高色域,此用户未及时填写评价内容,0,该店铺购买≥2次,1,24G,512G,16
1854,jd_y717kxw6t5h1y8,2026-01-25,14英寸 标压酷睿i5|24G 512G|高色域,太垃圾了 刚买回来就卡顿黑屏 超级难用 大家都避雷吧千万别买,0,否,2,24G,512G,14
1855,wt9o3do7i33isl,2026-01-24,14英寸 标压锐龙R7|16G 512G|高刷屏,运行速度流畅，屏幕效果清晰，散热性能也还好，外形外观很小巧，很满意很喜欢，轻巧方便携带,1,否,5,16G,512G,14
1856,2***4,2026-01-24,14英寸 标压酷睿i5|24G 512G|高色域,质量好，价格便宜。值得推荐。,0,该店铺购买≥10次,5,24G,512G,14
1857,2***4,2026-01-24,14英寸 标压酷睿i5|24G 512G|高色域,质量好，价格便宜。值得推荐。,0,该店铺购买≥10次,5,24G,512G,14
1858,2***4,2026-01-24,14英寸 标压酷睿i5|24G 512G|高色域,质量好，价格便宜。值得推荐。,0,该店铺购买≥10次,5,24G,512G,14
1859,2***4,2026-01-24,14英寸 标压酷睿i5|24G 512G|高色域,质量好，价格便宜。值得推荐。,0,该店铺购买≥10次,5,24G,512G,14
1860,2***4,2026-01-24,14英寸 标压酷睿i5|24G 512G|高色域,质量好，价格便宜。值得推荐。,0,该店铺购买≥10次,5,24G,512G,14
1861,2***4,2026-01-24,14英寸 标压酷睿i5|24G 512G|高色域,质量好，价格便宜。物廉价美。,0,该店铺购买≥10次,5,24G,512G,14
1862,jd_q00ckrha0k65f1,2026-01-24,16英寸 标压酷睿i5|24G 512G|高色域,挺好，我又快,0,该店铺购买≥2次,5,24G,512G,16
1863,田祥波,2026-01-24,14英寸 标压锐龙R7|16G 512G|高刷屏,商品价格实惠，质量却超出预期。物流给力，商家服务热情，售后服务让人放心。,1,否,5,16G,512G,14
1864,j***t,2026-01-24,14英寸 标压锐龙R7|16G 512G|高刷屏,存储空间足够 电池续航很久的 颜色显示鲜艳 运行速度可以,1,否,4,16G,512G,14
1865,BawGotDvHjsY,2026-01-24,16英寸 标压锐龙R7|16G 512G|高刷屏,?这款笔记本真的超乎期待！屏幕色彩鲜艳，办公追剧两不误??。轻薄便携，出差带着毫无压力??。运行流畅，多任务处理也不卡顿?。存储空间充足，文件照片随便存??。快递包装严实，配送员服务贴心??。整体体验满分，强烈推荐！??,0,否,5,16G,512G,16
1866,c***3,2026-01-24,14英寸 标压酷睿i5|24G 512G|高色域,给孩子买的，速度很快，颜色护眼效果很好，用来办公，内存足够用！筛选很多好久，还是选择联想老品牌，值得信赖，值得购买的一款，性价比高！,0,否,5,24G,512G,14
1867,可口可乐mao,2026-01-24,16英寸 标压酷睿i5|24G 512G|高色域,非常好的电脑 办公用非常流畅,0,否,5,24G,512G,16
1868,momo7up,2026-01-24,16英寸 标压锐龙R7|16G 512G|高刷屏,趁国补买的 上网看网课轻办公 所以够用了 适合我 电脑不是配置越高越好 越适合你的需求才越好 买贵了性能用不着 前前后后看测评 京东线下店看真机 对比各种配置好坏 学了两个礼拜 分类太多了 光是一个小新就分了数字pro、数字air、数字、数字c、数字se等机型 选择困难症很痛苦的 最后：拿到电脑是两个盘 记得先做磁盘分区 再装软件 就这吧 希望能多用几年,0,否,5,16G,512G,16
1869,北***热,2026-01-23,16英寸 标压锐龙R7|16G 512G|高刷屏,好用的产品，很不错的，大品牌，值得信赖,0,否,5,16G,512G,16
1870,4***5,2026-01-23,16英寸 标压酷睿i5|24G 512G|高色域,此用户未及时填写评价内容,0,否,1,24G,512G,16
1871,0umj71qk2v6lb7,2026-01-23,14英寸 标压锐龙R7|16G 512G|高刷屏,大品牌值得信赖，到货很快，金属机身很有档次，正版系统使用流畅，120hz高刷屏效果好。,1,该店铺购买≥2次,5,16G,512G,14
1872,8***z,2026-01-23,14英寸 标压酷睿i5|24G 512G|高色域,中规中矩的电脑，重量轻。后期升级方便。,0,该店铺购买≥2次,5,24G,512G,14
1873,jd_h5j3pm1q32msjd,2026-01-23,16英寸 标压锐龙R7|16G 512G|高刷屏,轻薄程度：电脑很轻 颜色也超级好看 值得大家信赖外形外观：外观美观时尚大气简约设计时尚潮流适合上班族入手 办公也很方便,0,否,5,16G,512G,16
1874,李***芹,2026-01-23,14英寸 标压锐龙R7|16G 512G|高刷屏,运行速度：运行速度非常快，非常爽而且外观比较轻薄，轻薄程度：非常的大气美观??散热性能：散热不错,1,否,5,16G,512G,14
1875,怎么找不着,2026-01-23,14英寸 标压酷睿i5|24G 512G|高色域,本来在荣耀和小新之间犹豫不决，后来了解到小新预留了内存和硬盘的扩展口，选择了小新。但是体验不是很好，用了才8-9天，突然充不进电，本来想退换货的，但是隔了一个晚上突然又自己好了。就用着先。,0,否,5,24G,512G,14
1876,j***k,2026-01-23,16英寸 标压酷睿i5|24G 512G|高色域,电脑非常难用，才买一个多月早上开机都开好久，wps都打不开,1,否,1,24G,512G,16
1877,春光-123,2026-01-22,14英寸 标压锐龙R7|16G 512G|高刷屏,电脑还是不错的，开机关机都比较快，使用起来比较方便。刚拿到手，正在摸索中。,1,该店铺购买≥2次,5,16G,512G,14
1878,vip825125,2026-01-22,16英寸 标压酷睿i5|24G 512G|高色域,不错，性能好。外形外观：好看,0,否,5,24G,512G,16
1879,好易保食材,2026-01-22,16英寸 标压酷睿i5|24G 512G|高色域,运行速度：很快屏幕效果：清晰轻薄程度：合适很满意的购物，信赖京东！,0,该店铺购买≥2次,5,24G,512G,16
1880,j***w,2026-01-22,16英寸 标压酷睿i5|24G 512G|高色域,大家在京东买东西一定要小心，全是坑，买了笔记本外壳出现印记，联想售后告诉我是人为的，因为31天了，过了质保时间我同意换新壳，并且通知需要拆下来的旧壳一同邮寄过来我需要找专业机构检测，因为售后强调是我人为的，我不认可，可是回复结果都是不给邮寄，没有鬼为什么不敢邮寄呀，难道是内部问题内部消化吗，作为公司这点担当都没有吗，我说如果再次出现这样问题你是不是该给换新的了，可是最后的答复告诉我还是已售后人员鉴定为主，心里还是没有底，感觉被骗了，京东平台也不值得信赖！,0,否,1,24G,512G,16
1881,博***司,2026-01-22,16英寸 标压酷睿i5|24G 512G|高色域,联想小新笔记本上手超赞！轻薄便携通勤无压力，屏幕色彩细腻还带护眼认证，性能流畅多任务不卡顿，续航持久，键盘手感佳，做工质感拉满超实用！,0,该店铺购买≥2次,5,24G,512G,16
1882,evan_gu1995,2026-01-22,14英寸 标压酷睿i5|24G 512G|高色域,东西收到，很满意！！京东平台真的是超级好的卖家，解答疑问不厌其烦，细致认真，关键是东西好，而且货物发得超快，包装仔细，值得信赖！,0,该店铺购买≥10次,5,24G,512G,14
1883,仰信是信韩,2026-01-21,14英寸 标压酷睿i5|24G 512G|高色域,联想电脑性价比高点。还不错吧。,0,该店铺购买≥10次,5,24G,512G,14
1884,粮食的粮,2026-01-21,14英寸 标压酷睿i5|24G 512G|高色域,本款电脑，冬天气温低开不了机，需要重启好多次，一直处于卡壳状态，大概半个小时就能开机了，非常好用，强烈推荐，要想买卡壳的电脑就买它,0,否,1,24G,512G,14
1885,j***y,2026-01-21,16英寸 标压锐龙R7|16G 512G|高刷屏,很好用 不卡顿 插口齐全 十分流畅 功能齐全 运行声音很小,0,否,5,16G,512G,16
1886,ry73bmyqnsf1aw,2026-01-21,16英寸 标压锐龙R7|16G 512G|高刷屏,这个电脑性价比高，用于日常的办公够用，屏幕也蛮清晰的,0,否,5,16G,512G,16
1887,云***7,2026-01-20,14英寸 标压酷睿i5|24G 512G|高色域,此用户未及时填写评价内容,0,否,5,24G,512G,14
1888,jd_133758jos,2026-01-20,16英寸 标压酷睿i5|24G 512G|高色域,很好用，物流很快给朋友推荐购买,0,该店铺购买≥2次,5,24G,512G,16
1889,瘋***X,2026-01-20,16英寸 标压酷睿i5|24G 512G|高色域,好评！收到货物打开之后发现包装很好，很细致。商品的质量也很好；客服有问必答，态度好，发货速度快，对于这一个价位来说，很值得购买，给五星好评！,0,否,5,24G,512G,16
1890,j***6,2026-01-19,14英寸 标压锐龙R7|16G 512G|高刷屏,不敢相信 昨晚下单的 今天早上就到了 京东的效率真的太高了 到货外观检查没有瑕疵 样子还可以 目前买来给老婆做表用的 显示屏14寸1080p120hz 400亮度 dc调光lcd 这价格已经很均衡了,0,该店铺购买≥2次,5,16G,512G,14
1891,j***q,2026-01-19,14英寸 标压酷睿i5|24G 512G|高色域,可真是太好啦，物流服务好 ，配送快，师傅送货上门，包装严实，商品收到之后 没有破损。就是商品价格忽高忽低，入手的时候 慢了几分钟就涨价三百块钱，老百姓很不容易啊！价格说变变了，孩子要用，必须要买呀！,0,否,5,24G,512G,14
1892,j***3,2026-01-18,14英寸 标压酷睿i5|24G 512G|高色域,办公室原来的电脑已经用了8年了，很慢很慢，领导让买个新的，选来选去觉得联想的小新看上去很不错，发货很迅速，包装也特别好，电脑颜值很高，超薄的，电源键在侧面了，系统安装很丝滑，运行速度很快，非常值得,0,否,5,24G,512G,14
1893,j***s,2026-01-17,14英寸 标压酷睿i5|24G 512G|高色域,工作需要临时要买手提电脑，首选京东，物流快品质有保证，美中不足的地方就是自己另外买鼠标和电脑包，但总体来说本次购物还是挺满意的。,0,否,5,24G,512G,14
1894,gJfYvqgsabUK,2026-01-17,14英寸 标压酷睿i5|24G 512G|高色域,刚买回来看上去不错,0,否,5,24G,512G,14
1895,小李物麻麻,2026-01-17,14英寸 标压酷睿i5|24G 512G|高色域,之前的联想的电脑十几年了，一直想换，看了好多家，对比了好多家，需要用到CAD，这款电脑满足了所有需求，价格也合适，联想老品牌还是好用，值了！,0,该店铺购买≥2次,5,24G,512G,14
1896,j***T,2026-01-17,14英寸 标压酷睿i5|24G 512G|高色域,联想笔记本携带方便，外观高端大气材质不错联想这款笔记本真的太适合经常外出办公的人了！携带轻便不占地，金属外壳摸起来很有质感，外观简约大气，开箱就觉得物超所值，推荐给注重便携和颜值的朋友~ ?,0,否,5,24G,512G,14
1897,jd_156023yvj,2026-01-17,14英寸 标压酷睿i5|24G 512G|高色域,物美价廉,0,否,5,24G,512G,14
1898,j***s,2026-01-17,16英寸 标压酷睿i5|24G 512G|高色域,服务态度好，快递速度快,0,否,5,24G,512G,16
1899,97531ff7205y5a,2026-01-17,16英寸 标压酷睿i5|24G 512G|高色域,适合办公，挺好用！收到货包装完好！,0,否,5,24G,512G,16
1900,m99b65k2lzhxrp,2026-01-17,14英寸 标压酷睿i5|24G 512G|高色域,性价比很高的笔记本电脑，运行顺畅！携带方便，非常喜欢,0,该店铺购买≥10次,5,24G,512G,14
1901,85m303ljsji37a,2026-01-16,14英寸 标压酷睿i5|24G 512G|高色域,非常好，价格再便宜一点就好了。,0,该店铺购买≥2次,5,24G,512G,14
1902,slzlylakq,2026-01-16,14英寸 标压酷睿i5|24G 512G|高色域,京东下单店里取，店里还送了鼠标和鼠标垫，唯一不不行的就是电脑是北京寄出，到江苏经过了两天，最慢的一次京东物流。使用体验：运行速度不错，电脑小巧，散热很好。,1,否,5,24G,512G,14
1903,jdyyfc21,2026-01-15,14英寸 标压酷睿i5|24G 512G|高色域,还行,0,否,5,24G,512G,14
1904,j***d,2026-01-14,14英寸 标压酷睿i5|24G 512G|高色域,京东购物就是方便快捷，比去实体店买东西方便多了，东西质量有保障，京东物流快递送货上门，服务态度很好,0,该店铺购买≥2次,5,24G,512G,14
1905,喜欢凡宸,2026-01-14,14英寸 标压酷睿i5|24G 512G|高色域,看重便携和续航的必入！机身才1.3kg左右，厚度不到17mm，放进背包通勤、出差完全没负担，搭配65W Type-C快充，充电快还不占地方。实测日常办公续航能撑8小时，外出开会不用慌慌张张找电源。接口也超实用，2个USB-A+2个全功能USB-C+HDMI，外接U盘、投影仪都不用转接头，细节拉满的生产力工具！,0,该店铺购买≥2次,5,24G,512G,14
1906,洋洋星宇,2026-01-14,16英寸 标压酷睿i5|24G 512G|高色域,质量和做工都很不错，运行速度快，屏幕显示效果清晰，散热好，京东自营商品品质有保障，售后服务好，送货速度快，下次有需要还会再来购买,0,该店铺购买≥10次,5,24G,512G,16
1907,禄鼎季,2026-01-14,15.1英寸 标压锐龙R7|16G 512G|OLED高刷屏,物流超级快，第二天就送到了，啥毛病没有666,0,否,5,16G,512G,15.1
1908,是慕熙呀,2026-01-13,16英寸 标压酷睿i5|24G 512G|高色域,目前用的还挺好的，后续再看看怎么样,0,否,5,24G,512G,16
1909,贝***宇,2026-01-13,16英寸 标压酷睿i5|24G 512G|高色域,电脑很好看，很轻便很薄，适合放在背包带出去使用，运行也还好，平常普通办公也没什么问题，性价比算上国补也还好，使用一段时间再看看吧。,0,否,4,24G,512G,16
1910,LWindows,2026-01-13,16英寸 标压酷睿i5|24G 512G|高色域,感觉实物比图片更好看，价格和质量成正比，这次购物非常满意，喜欢的宝宝赶紧下手货真价实，高颜值，高品质，一分钱一分货。,0,该店铺购买≥2次,5,24G,512G,16
1911,b***o,2026-01-13,14英寸 标压酷睿i5|24G 512G|高色域,快递员非常好，到货准时，服务热情,0,否,5,24G,512G,14
1912,放飞自我的芋头,2026-01-13,14英寸 标压酷睿i5|24G 512G|高色域,半年前买了小米笔记本，这次买联想笔记本。综合对比，性能参数差不多。小米更轻薄，携带方便，操作速度很快，完全不像这个配置，唯一缺点好像有点漏电；联想小新没有小米轻薄，但比原来老款薄很多了，操作刚开始比较难，反应略微迟钝，用了几天顺畅了，感觉还有磨合期。总体来说，两款都不错，价格也差不多，都推荐。,0,否,5,24G,512G,14
1913,海南分社,2026-01-13,16英寸 标压酷睿i5|24G 512G|高色域,包装严实无损，细节处理到位，体验感很好。,0,该店铺购买≥2次,5,24G,512G,16
1914,j***h,2026-01-13,16英寸 标压酷睿i5|24G 512G|高色域,还好,0,否,5,24G,512G,16
1915,WUXIPOWER,2026-01-12,16英寸 标压酷睿i5|24G 512G|高色域,感觉实物比图片更好看，价格和质量成正比，这次购物非常满意，喜欢的宝宝赶紧下手货真价实，高颜值，高品质，一分钱一分货。,0,该店铺购买≥2次,5,24G,512G,16
1916,u***f,2026-01-12,16英寸 标压锐龙R7|16G 512G|高刷屏,挺薄的，运行速度可以，系统老更新蛮烦的,0,否,5,16G,512G,16
1917,jd_27r07oe3p2xt75,2026-01-12,16英寸 标压酷睿i5|24G 512G|高色域,挺好的,0,否,5,24G,512G,16
1918,9p3m1ecu3c0mm1,2026-01-12,16英寸 标压锐龙R7|16G 512G|高刷屏,挺好的,0,否,5,16G,512G,16
1919,j***z,2026-01-11,16英寸 标压锐龙R7|16G 512G|高刷屏,此用户未填写评价内容,0,该店铺购买≥2次,5,16G,512G,16
1920,c***i,2026-01-11,14英寸 标压酷睿i5|24G 512G|高色域,收到满意哦！,0,该店铺购买≥2次,5,24G,512G,14
1921,Spacestyle甜尤,2026-01-11,16英寸 标压酷睿i5|24G 512G|高色域,别买了，充电器漏电，电脑都不敢摸表面，客服推着让找专员专员三天没理我。售后今天推明天明天推后天的。联想已经不是以前的联想了，y7000老用户留言,1,该店铺购买≥2次,1,24G,512G,16
1922,王***8,2026-01-11,16英寸 标压酷睿i5|24G 512G|高色域,需要买两台笔记本电脑，选了联想的小新16，运行速度快，屏幕效果好，散热性能高，外观漂亮，比较轻薄，性价比高，京东快递送货上门，速度快，态度好,0,该店铺购买≥2次,5,24G,512G,16
1923,mafairy,2026-01-11,14英寸 标压酷睿i5|24G 512G|高色域,机身轻薄便携，开机秒速响应，屏幕色彩通透，办公追剧超流畅，续航给力，性价比绝了！,0,否,5,24G,512G,14
1924,DL19,2026-01-11,14英寸 标压酷睿i5|24G 512G|高色域,说好的只换不修出问题了还是原机发回,1,否,1,24G,512G,14
1925,jd_158090mvb,2026-01-10,16英寸 标压酷睿i5|24G 512G|高色域,小键盘特别好用，好看。,0,该店铺购买≥2次,5,24G,512G,16
1926,jdyyfjyy,2026-01-10,16英寸 标压酷睿i5|24G 512G|高色域,性价比很高的电脑，家用方便,0,否,5,24G,512G,16
1927,j***p,2026-01-10,16英寸 标压酷睿i5|24G 512G|高色域,此用户未及时填写评价内容,2,否,1,24G,512G,16
1928,HQ_-0738,2026-01-10,16英寸 标压酷睿i5|24G 512G|高色域,运行速度：刚更新卡卡的用一段时间再看，只能办公用，只能办公用，只能办公用，屏幕效果：还可以100%的屏显要玩游戏的还是买专门的游戏本吧毕竟价格摆在这4000左右外形外观：还可以包装不错,0,该店铺购买≥2次,5,24G,512G,16
1929,m***m,2026-01-10,14英寸 标压酷睿i5|24G 512G|高色域,此用户未及时填写评价内容,0,否,3,24G,512G,14
1930,j***i,2026-01-10,14英寸 标压酷睿i5|24G 512G|高色域,此用户未及时填写评价内容,0,该店铺购买≥2次,5,24G,512G,14
1931,n***o,2026-01-10,15.1英寸 标压锐龙R7|16G 512G|OLED高刷屏,沒有補貼，3999元有這螢幕跟內附WINDOWS跟OFFICE2024對於台灣顧客而言算划算的,0,否,5,16G,512G,15.1
1932,j***1,2026-01-10,16英寸 标压酷睿i5|24G 512G|高色域,1. **性能优越**：搭载最新一代处理器，提供强劲的计算能力和流畅的多任务处理体验。2. **设计精美**：采用高品质材料，外观时尚简约，细节精致，符合现代审美。3. **显示效果出色**：配备高清显示屏，色彩还原准确，视角宽广，适合办公和娱乐需求。4. **续航持久**：电池寿命长，支持快速充电技术，满足长时间使用需求。,0,该店铺购买≥2次,5,24G,512G,16
1933,u***6,2026-01-09,15.1英寸 标压锐龙R7|16G 512G|OLED高刷屏,此用户未及时填写评价内容,0,该店铺购买≥2次,5,16G,512G,15.1
1934,绍***a,2026-01-09,16英寸 标压酷睿i5|24G 512G|高色域,太慢了，经常死机,1,否,1,24G,512G,16
1935,j5a6nb6ow7yg2q,2026-01-08,16英寸 标压酷睿i5|24G 512G|高色域,试着用一段时间就更能清楚一点,0,该店铺购买≥2次,5,24G,512G,16
1936,朦胧春月下_,2026-01-08,16英寸 标压酷睿i5|24G 512G|高色域,??商品质量真的没得说，用起来特别顺手，细节处理很到位????快递包装严实，一点都没磕碰，看得出很用心????送货速度超快，下单第二天就收到了，效率太高了???????配送员服务态度好，还主动帮忙搬上楼，太贴心了????,0,该店铺购买≥10次,5,24G,512G,16
1937,jd_es6556l6c04863,2026-01-08,14英寸 标压酷睿i5|24G 512G|高色域,联想小新。联想这个品牌是个大品牌，让人很放心。小新的这个笔记本整体来说都流畅度非常好，这个价位物有所值。京东平台大品牌让人放心，售后无忧,0,否,5,24G,512G,14
1938,一抹轻狂,2026-01-08,14英寸 标压酷睿i5|24G 512G|高色域,键盘手感流畅，运行速度快??，屏幕色彩鲜艳，续航给力??，整体体验非常满意！????,0,否,5,24G,512G,14
1939,h***r,2026-01-08,14英寸 标压酷睿i5|24G 512G|高色域,京东发货快，包装好安全放心。电脑的制作工艺和材料的质量好，操作简单方便，开机自行激活，尺寸大小合适，重量轻，收纳简单携带方便，屏幕色彩效果好，运行速度快，无噪音，散热性能效果好，满意，好评。,0,该店铺购买≥2次,5,24G,512G,14
1940,八***7,2026-01-08,15.1英寸 标压锐龙R7|16G 512G|OLED高刷屏,很好,0,否,5,16G,512G,15.1
1941,8***7,2026-01-08,14英寸 标压酷睿i5|24G 512G|高色域,此用户未及时填写评价内容,0,否,5,24G,512G,14
1942,x***8,2026-01-08,14英寸 标压酷睿i5|24G 512G|高色域,联想还是不错的，这个配置能充分满足日常办公需求，性价比高，用起来一点也不卡，纯金属外壳，有科技质感，防摔防磕碰，重量也比较轻便，方便携带，就是屏幕分辨率能再高点就好了,0,该店铺购买≥10次,5,24G,512G,14
1943,x***8,2026-01-08,14英寸 标压酷睿i5|24G 512G|高色域,价格非常实惠，性价比高，这个配置能充分满足日常办公需求，一点也不卡，纯金属外壳，有科技质感，防摔防磕碰，重量也比较轻便，方便携带,0,该店铺购买≥10次,5,24G,512G,14
1944,8vk7luc755zm06,2026-01-08,16英寸 标压酷睿i5|24G 512G|高色域,非常流畅，非常高清非常丝滑，一点都不卡，太好用了，好,0,该店铺购买≥2次,5,24G,512G,16
1945,桑德斯特雷,2026-01-08,14英寸 标压锐龙R7|16G 512G|高刷屏,上一个小新是2022年10月，再上一个是2020年3月，第三个这个是2026年1月，用6年时间来感受小新的变化，除了屏幕在3年以上开始开裂外，基本无大伤主要是办公使用，不玩任何游戏，这个本简直太够用了，甚至奢侈，键盘触感很好，屏幕很亮开机12秒，关机3秒，震惊用户忠诚度可能就是这样培养的吧,1,该店铺购买≥2次,5,16G,512G,14
1946,j***f,2026-01-07,14英寸 标压酷睿i5|24G 512G|高色域,此用户未及时填写评价内容,0,该店铺购买≥2次,1,24G,512G,14
1947,20923zc1dc2635,2026-01-07,16英寸 标压酷睿i5|24G 512G|高色域,性价比很高,0,否,5,24G,512G,16
1948,y***v,2026-01-07,14英寸 标压酷睿i5|24G 512G|高色域,轻薄程度：算是比较轻薄，带出去也不算重运行速度：运行速度，正常办公足够使用了，不会卡顿外形外观：小巧，整体线条还是好看的屏幕效果：还可以，时间久了也不会累散热性能：新机器，散热还好,0,该店铺购买≥2次,5,24G,512G,14
1949,j***d,2026-01-07,16英寸 标压酷睿i5|24G 512G|高色域,物流超给力，隔天就收到啦！商品和卖家描述的一模一样，质量在线，细节处理得很到位。包装严实没有破损，性价比超高，已经推荐给朋友了，下次还会回购～,1,否,5,24G,512G,16
1950,黎明来得早,2026-01-07,14英寸 标压锐龙R7|16G 512G|高刷屏,一直在等性价比高的核显  终于等到了   主要玩龙珠超宇宙2  帧率拉满，相当丝滑  机身是真的轻呀  单手就能开合,1,该店铺购买≥2次,5,16G,512G,14
1951,jd_WvkmKDSwMJMV,2026-01-06,16英寸 标压酷睿i5|24G 512G|高色域,真的垃圾货，这不到两个月，天天不同的新问题,0,该店铺购买≥2次,1,24G,512G,16
1952,资深码迷,2026-01-06,14英寸 标压酷睿i5|24G 512G|高色域,用了一段时间后特意来评价，联想小新14堪称性价比之王！冰河银全金属机身质感拉满，1.4kg左右重量便携无负担，通勤轻松带。14英寸护眼屏色彩舒适，久用不累眼，键盘手感轻盈打字流畅。性能足够日常办公、追剧和轻度创作，多开软件不卡顿，续航撑大半天无压力，丰富接口无需转接，职场人闭眼入～,0,该店铺购买≥2次,5,24G,512G,14
1953,J***1,2026-01-05,14英寸 标压酷睿i5|24G 512G|高色域,是理想中的产品??，质量不错，物流也很快，值得点赞！一次很好的购物体验，服务周到，物流快速，配送也很周到，态度也很好，好评！,0,该店铺购买≥2次,5,24G,512G,14
1954,浅***织,2026-01-05,16英寸 标压酷睿i5|24G 512G|高色域,颜色显示，鲜艳多任务不卡键盘手感很好电池续航也很,0,该店铺购买≥10次,5,24G,512G,16
1955,shijixue,2026-01-05,14英寸 标压酷睿i5|24G 512G|高色域,笔记本电脑很好用，学生学习使用,0,该店铺购买≥2次,5,24G,512G,14
1956,jd_9746rlm4lxsk28,2026-01-05,16英寸 标压酷睿i5|24G 512G|高色域,运行速度：不错屏幕效果：很好散热性能：nice！！,0,否,5,24G,512G,16
1957,领悟人生巅峰,2026-01-05,16英寸 标压酷睿i5|24G 512G|高色域,服务态度好,0,否,5,24G,512G,16
1958,jd_185656eof,2026-01-04,15.1英寸 标压锐龙R7|16G 512G|OLED高刷屏,超级差，买了一个月，两次开不了机。我从来不玩游戏，连应用都只有三四个，都能这样，不敢相信，用久了怎么办,0,否,1,16G,512G,15.1
1959,f5o7n7x32dfgw8,2026-01-04,14英寸 标压酷睿i5|24G 512G|高色域,只要插上充电器使用10几分钟电脑热起来后，手摸到电脑机身电流感很强，严重影响使用感，换货寄回去也不检测就给我返回说没问题，返回来的时候电池只有百分之88的电，说明检测的时候根本没有插充电器，真是垃圾电脑 第一次给差评 平台客服和卖家客服两边推脱 找平他消息都不回,0,否,1,24G,512G,14
1960,l***h,2026-01-04,15.1英寸 标压酷睿5|16G 512G|OLED高刷屏,联想V15笔记本确实靠谱，它以第11代英特尔酷睿处理器与NVIDIA GeForce MX350独立显卡的强强联合，为用户带来了流畅的办公与娱乐体验。轻薄设计、灵活的性能调节、足够的续航能力，一应俱全，满足商务人士日常出差的便携需求。智能化的性能管理与丰富的扩展性，使其不仅在目前能提供过硬的使用体验，在未来的提升空间上同样诱人。而全尺寸键盘配合IPS高清大屏，无论是打字还是观影，都是视觉与手感的享受。加之，其接口的全面性，使得用户在连接多种外设时毫无压力。,2,否,5,16G,512G,15.1
1961,k***r,2026-01-04,16英寸 标压酷睿i5|24G 512G|高色域,做为一般用途还行，屏幕看着不舒服。,0,否,4,24G,512G,16
1962,D***嘻,2026-01-04,14英寸 标压酷睿i5|24G 512G|高色域,更换新笔记本，精心挑选之后选择了这款，主要是看中了前置摄像头??，但非常遗憾的是并没有预期那么清晰，可能习惯的手机摄像头,0,该店铺购买≥10次,5,24G,512G,14
1963,CC妈0902,2026-01-03,16英寸 标压酷睿i5|24G 512G|高色域,朋友都推荐这个牌子，用着挺顺手,0,该店铺购买≥2次,5,24G,512G,16
1964,u_5b4r6zw92jg6,2026-01-03,16英寸 标压酷睿i5|24G 512G|高色域,才买的，刚到货 目前看一切都还好，开机速度很快，没有声音，很安静，屏幕很大，不重，色彩好，主要是用于家庭日常办公，所以能满足我的需求。,0,该店铺购买≥2次,5,24G,512G,16
1965,小謃买买买,2026-01-03,14英寸 标压酷睿i5|24G 512G|高色域,家人们谁懂啊!这款笔记本电脑简直是我的梦中情机??。外观简约时尚，轻薄便携，无论通勤还是出差带着都毫无压力。性能更是强劲，多任务处理不卡顿，运行大型软件也十分流畅。续航能力也很出色，能满足我一整天的使用需求。而且价格亲民，性价比超高，真心推荐给大家??!,1,该店铺购买≥2次,5,24G,512G,14
1966,j***4,2026-01-03,16英寸 标压酷睿i5|24G 512G|高色域,此用户未及时填写评价内容,0,否,1,24G,512G,16
1967,cstiWFHQDDvH,2026-01-03,16英寸 标压酷睿i5|24G 512G|高色域,此用户未填写评价内容,0,否,5,24G,512G,16
1968,u_272khvt2in7b,2026-01-03,16英寸 标压酷睿i5|24G 512G|高色域,给孩子买的，有计算机课程了，需要自备。昨天自己设置研究，今天开学使用。,0,否,5,24G,512G,16
1969,谁在乎谁在意,2026-01-03,16英寸 标压酷睿i5|24G 512G|高色域,垃圾产品，电池续航太短了！开机反应慢点要死，屏幕还有两个亮点,0,否,1,24G,512G,16
1970,u***o,2026-01-03,16英寸 标压酷睿i5|24G 512G|高色域,电池续航还可以，刚到的时候有一点点卡,0,否,4,24G,512G,16
1971,libingxia,2026-01-02,16英寸 标压酷睿i5|24G 512G|高色域,降价太快了才买几天呀,0,否,5,24G,512G,16
1972,是***对,2026-01-02,16英寸 标压酷睿i5|24G 512G|高色域,好用 便宜便捷 有补贴,0,该店铺购买≥2次,5,24G,512G,16
1973,09sf60bdnwtz5r,2026-01-02,14英寸 标压酷睿i5|24G 512G|高色域,卡，卡的用不成,0,该店铺购买≥2次,5,24G,512G,14
1974,u_5wzv1ojhqihx,2026-01-02,16英寸 标压酷睿i5|24G 512G|高色域,商品品质超赞，包装严实完好，物流迅速准时，配送员态度亲切专业，整体购物体验非常满意??????,0,该店铺购买≥2次,5,24G,512G,16
1975,小宝妈彤彤,2026-01-02,16英寸 标压酷睿i5|24G 512G|高色域,联想笔记本大品牌，家里台式电脑就是联想的，性价比超高！！！,0,否,5,24G,512G,16
1976,xqy3ur06u60d53,2026-01-02,16英寸 标压酷睿i5|24G 512G|高色域,整体来说很棒，屏幕够大，操作流畅，外观也很好看，不同角度还有不同颜色，对比了好久，最终选择了性价比很高的小新，喜欢,0,该店铺购买≥2次,5,24G,512G,16
1977,熙***妈,2026-01-01,16英寸 标压酷睿i5|24G 512G|高色域,使用体验非常流畅，电脑运行速度快，屏幕清晰，散热效果佳。设计简约大方，便于携带。总体评价：这款电脑性能卓越，适合办公和娱乐，推荐度极高。,0,该店铺购买≥2次,5,24G,512G,16
1978,5***0,2026-01-01,14英寸 标压酷睿i5|24G 512G|高色域,衣服收到咯，这款式也太百搭了吧??！面料摸着就感觉质量杠杠的??，版型也贼好看。我穿 M 码刚刚好，又显瘦??又暖和??，穿着舒服的不得了，好多朋友都追着我问链接呢，这料子软 fufu 的??，手感绝了～,0,该店铺购买≥10次,5,24G,512G,14
1979,5***0,2026-01-01,14英寸 标压酷睿i5|24G 512G|高色域,衣服收到咯，这款式也太百搭了吧??！面料摸着就感觉质量杠杠的??，版型也贼好看。我穿 M 码刚刚好，又显瘦??又暖和??，穿着舒服的不得了，好多朋友都追着我问链接呢，这料子软 fufu 的??，手感绝了～,0,该店铺购买≥10次,5,24G,512G,14
1980,5***0,2026-01-01,14英寸 标压酷睿i5|24G 512G|高色域,真的很喜欢，完全超出期望值，发货速度非常快，包装非常仔细、严实，运送速度很快，很满意的一次购物这质量真是太意外了，实物美美哒，触感很好，很推荐哦～,0,该店铺购买≥10次,5,24G,512G,14
1981,麦克飞弹1,2025-12-31,16英寸 标压酷睿i5|24G 512G|高色域,非常好,0,否,5,24G,512G,16
1982,小公司一个,2025-12-31,16英寸 标压酷睿i5|24G 512G|高色域,虽然稍大，但对眼睛友好，做工也不错。御三家老大，服务网点多。,0,该店铺购买≥2次,5,24G,512G,16
1983,WYSC666,2025-12-30,16英寸 标压酷睿i5|24G 512G|高色域,做工很精细，材质用料很厚实，质感相当的好，第一次购买这个品牌的笔记本产品，与预期基本相符，物流速度很快，购物体验好，使用寿命有待观察,4,该店铺购买≥2次,5,24G,512G,16
1984,Jack888_,2025-12-30,14英寸 标压酷睿i5|24G 512G|高色域,正品店铺，放心购买，客服态度也很OK，整个购物过程非常顺利！下次还会再来的！赞！??宝贝收到了，颜色很好看，质感也很好，样子简单！??是我想要的！！下次还会再来！,0,该店铺购买≥10次,5,24G,512G,14
1985,兜兜不吃糖-,2025-12-30,16英寸 标压酷睿i5|24G 512G|高色域,??这款设备真让人失望，性能差强人意，使用体验很不顺畅 ????接口太少，扩展性差，日常使用非常不便 ????电池续航短，外出携带完全不实用 ?????屏幕色彩显示一般，视觉效果不够出色 ?????虽然包装和物流服务都很好，但产品本身实在难称满意 ?? ??,0,该店铺购买≥2次,1,24G,512G,16
1986,万里春风浩荡,2025-12-30,16英寸 标压酷睿i5|24G 512G|高色域,外观好看，配置优秀，手感不错,0,否,5,24G,512G,16
1987,张***6,2025-12-30,16英寸 标压酷睿i5|24G 512G|高色域,这款电脑性价比很高，运行内存也比较大，显示屏的色域也很高，用来刷剧显示色泽很好。这次office全家桶，办公也方便，音响音质也行。这款电脑还有个好处是后期扩展方便，预留了硬盘和内存扩展... 展开,0,否,5,24G,512G,16
1988,forcelulu,2025-12-29,14英寸 标压酷睿i5|24G 512G|高色域,联想笔记本电脑小新14 高性能轻薄本 英特尔酷睿标压i5 24G 512G 高色域 办公国家补贴后价格美丽  性能稳定 放心,0,该店铺购买≥10次,5,24G,512G,14
1989,j***v,2025-12-29,14英寸 标压酷睿i5|24G 512G|高色域,买了用来处理简单的办公，还不错,0,该店铺购买≥2次,5,24G,512G,14
1990,皮皮wrq,2025-12-29,16英寸 标压酷睿i5|24G 512G|高色域,东西特别好，大家都可以选购！,0,该店铺购买≥2次,5,24G,512G,16
1991,jd_a9158p1wfjm9xf,2025-12-29,16英寸 标压酷睿i5|24G 512G|高色域,电脑16英寸的大小合适，银色很大气。接口少了，早多两个接口就好了。,0,否,5,24G,512G,16
1992,会啊哈123456,2025-12-29,14英寸 标压酷睿i5|24G 512G|高色域,慢死了,0,否,4,24G,512G,14
1993,j***b,2025-12-29,16英寸 标压酷睿i5|24G 512G|高色域,此用户未及时填写评价内容,0,否,1,24G,512G,16
1994,橘橘的夏天,2025-12-29,14英寸 标压酷睿i5|24G 512G|高色域,货已经收到了，包装看上去还可以，不错的一次购物，还算满意。好很满意，全5分。,0,否,5,24G,512G,14
1995,向***6,2025-12-29,16英寸 标压酷睿i5|24G 512G|高色域,一直使用联想电脑，用着不错,0,该店铺购买≥2次,5,24G,512G,16
1996,j***2,2025-12-29,14英寸 标压酷睿i5|24G 512G|高色域,散热好，不卡顿，点赞推荐哈,0,该店铺购买≥2次,5,24G,512G,14
1997,jd_UNRNpILHhMKa,2025-12-29,14英寸 标压酷睿i5|24G 512G|高色域,运行速度很快，价格很便宜，发货迅速，大品牌值得信赖。,0,该店铺购买≥2次,5,24G,512G,14
1998,u_mdc5no2bw6fx,2025-12-28,14英寸 标压酷睿i5|24G 512G|高色域,运速快、屏幕显示屏效果很好不闪屏、散热效果好、外观设计小巧精致大方而且很轻薄方便携带,0,该店铺购买≥10次,5,24G,512G,14
1999,w***0,2025-12-28,16英寸 标压酷睿i5|24G 512G|高色域,电脑后盖没有完全闭合,2,否,1,24G,512G,16
2000,娇***J,2025-12-28,14英寸 标压酷睿i5|24G 512G|高色域,电脑很轻巧，很好用运行速度：快屏幕效果：屏幕比较大散热性能：散热比较快,0,否,5,24G,512G,14
2001,jd_ly8404ff4pqbx6,2025-12-28,14英寸 标压酷睿i5|24G 512G|高色域,拿到手里还是可以，看后续使用情况,0,否,4,24G,512G,14
2002,j***6,2025-12-28,16英寸 标压酷睿i5|24G 512G|高色域,电脑性能很好，外观大气手感很好,0,否,5,24G,512G,16
2003,jd_159138jvq,2025-12-28,16英寸 标压酷睿i5|24G 512G|高色域,屏幕不错，满足平常办公使用,0,该店铺购买≥2次,5,24G,512G,16
2004,9lt0mgbb566shf,2025-12-28,14英寸 标压酷睿i5|24G 512G|高色域,在京东上关注了好久，24号有活动，果断下手，比平时便宜了几百块，哈哈哈哈！27号收到电脑，就打开试用了一下，整理还行吧，还算流畅。,1,否,4,24G,512G,14
2005,j***f,2025-12-28,14英寸 标压酷睿i5|24G 512G|高色域,此用户未及时填写评价内容,0,该店铺购买≥2次,1,24G,512G,14
2006,u_mdc5no2bw6fx,2025-12-27,14英寸 标压酷睿i5|24G 512G|高色域,运行稳定平稳、屏幕显示效果好、散热效果不错、外观小巧精致、轻薄方便,0,该店铺购买≥10次,5,24G,512G,14
2007,jd_GUEvm7303,2025-12-27,16英寸 标压酷睿i5|24G 512G|高色域,送货上门，东西收到以后马上查看，发现与图片描述一致，超级喜欢，卖家发货速度很快，服务也很到位，给老板点个赞，下次还会来购买！,0,否,5,24G,512G,16
2008,电脉行家0856,2025-12-27,16英寸 标压酷睿i5|24G 512G|高色域,昨天下单买了一台笔记本，联想小新的i5处理器，16 G内存。屏幕也比较大，你这个配置办公家用都很适合，那的质量很放心的用几年都不会坏。,0,该店铺购买≥10次,5,24G,512G,16
2009,jd_suncwt,2025-12-27,14英寸 标压酷睿i5|24G 512G|高色域,联想这款电脑非常垃圾，首次开机2小时，开机前中间还死机。然后进来之后反应特别慢，不流畅，不推荐,0,否,1,24G,512G,14
2010,小***9,2025-12-27,15.1英寸 标压锐龙R7|16G 512G|OLED高刷屏,趁着国补买的，确实便宜不少，屏幕的显示够清晰。,0,否,5,16G,512G,15.1
2011,jd_HYwnYsYkBeuO,2025-12-26,14英寸 标压酷睿i5|24G 512G|高色域,以前使用过联想电脑，这回也买的联想，电脑好用,0,否,5,24G,512G,14
2012,u_va7z9lt6dvt2,2025-12-26,16英寸 标压酷睿i5|24G 512G|高色域,垃圾玩意，用了几天充电器坏了都不愿意换个。垃圾玩意，谁买谁后悔,0,该店铺购买≥2次,1,24G,512G,16
2013,H***乖,2026-01-28,超能电竞Y7000P RTX5060/i9-14900HX/16G 1T,同事推荐的这款笔记本电脑，当天下单第二天就到了。,0,否,5,16G,1T,UNK
2014,Tonyj007,2026-01-28,超能电竞R7000P RTX5060/R9 8940HX/16G 1T,孩子学习用，运行流畅，很喜欢。外观重量也都很合适。,0,该店铺购买≥2次,5,16G,1T,UNK
2015,jd_546957380,2026-01-28,超能电竞Y7000P RTX5060/i9-14900HX/16G 1T,入手联想拯救者Y7000P，体验拉满!16英寸2.5K高刷屏，色彩准、响应快，游戏丝滑不拖影;酷睿Ultra处理器+满血独显，3A大作高画质稳帧，办公创作也毫无压力;霜刃Pro散热给力，高负载下噪音小、温度控制优秀;机身质感扎实，接口齐全，RGB键盘氛围感拉满。兼顾游戏、学习与办公，性价比超高，闭眼入不亏!,0,否,5,16G,1T,UNK
2016,j***p,2026-01-28,超能电竞Y7000P RTX5060/i9-14900HX/16G 1T,快递到货包装严实完好，当天下单次日送达，拆封开机验机顺利，品质有保障，新机运行速度流畅，游戏体验不错，初步使用体验很满意，期待后续长期使用的表现。,0,否,5,16G,1T,UNK
2017,31791wsqgg4j67,2026-01-27,超能电竞R7000P RTX5060/R9 8940HX/16G 1T,拓展接口稳定下载速度快，性能强劲，外观也无可挑剔，值得购买。,0,该店铺购买≥2次,5,16G,1T,UNK
2018,#NAME?,2026-01-27,超能电竞Y7000P RTX5060/i7-14650HX/16G 1T,刚收到真的很惊艳了，一开始没想买y7000p，觉得y7000就可以，它俩差距就四百分辨还差挺多的，果断入手了升级版，终究逃不过哈哈哈哈。说实话用起来真的很顺滑，工作需要使用账号比较多，内存运行还可以，跟家里的台式比起来是新机香哈,0,该店铺购买≥2次,5,16G,1T,UNK
2019,S***楠,2026-01-27,超能电竞Y7000P RTX5060/i9-14900HX/16G 1T,运行速度很快，物流很快，也很负责任，第二天就到，包装也很好，笔记本和描述的一样，预装的系统也都安装好了，联想有自己的联想管家，很方便。,0,否,5,16G,1T,UNK
2020,s***3,2026-01-27,超能电竞Y7000P RTX5070/i9-14900HX/16G 1T,运气有点不佳，屏幕上有拉丝现象。还好有180天只换不修。售后说好打电话的没打，还是自己联系在线客服。咨询时的那客服给她点赞????,0,该店铺购买≥2次,5,16G,1T,UNK
2021,灬***灬,2026-01-27,超能电竞R7000P RTX5060/R9 8940HX/16G 1T,非常不错，非常不错。,0,否,5,16G,1T,UNK
2022,3043f1igzf6ec6,2026-01-27,超能电竞Y7000P RTX5060/i9-14900HX/16G 1T,心心念的电脑终于到了，上手丝滑，操作感拉满，特别喜欢，钟爱粉,0,该店铺购买≥2次,5,16G,1T,UNK
2023,jd_17vs039afw710c,2026-01-27,超能电竞Y7000P RTX5060/i7-14650HX/16G 1T,电脑好看外观可以质量不错但我游戏来也不卡大型三 a 游戏也带得动还得买这个,0,否,5,16G,1T,UNK
2024,jd_dulkstbOSPjF,2026-01-27,超能电竞Y7000P RTX5060/i7-14650HX/16G 1T,包装保护：完美包装，非常棒外形外观：专业电脑，外观设计非常好????画面品质：画面非常清晰，漂亮至极跑分评测：跑分一级棒运行速度：速度流畅丝滑游戏效果：非常棒非常好，好儿非常喜欢，说是专业电脑,0,否,5,16G,1T,UNK
2025,金色的金枪鱼,2026-01-27,超能电竞Y7000P RTX5060/i9-14900HX/16G 1T,这款笔记本颜值质感双在线，运行流畅不卡顿，屏幕清晰续航给力，轻薄便携，办公学习超合适，性价比拉满！超喜欢,0,否,5,16G,1T,UNK
2026,jd_258501171,2026-01-27,超能电竞Y7000P RTX5060/i9-14900HX/16G 1T,笔记本收到，外观挺漂亮，运营流畅！给孩子学习专业用挺好！配置拉满！！！快递很快，客服服务很好有问必答！！！,0,否,5,16G,1T,UNK
2027,u***n,2026-01-27,超能电竞Y7000P RTX5060/i7-14650HX/16G 1T,您好！愿拯救者Y7000P为您带来卓越体验，祝您使用愉快，每一次操作都如丝般顺滑！????愿Y7000P如良师益友，伴您高效前行，每一次触碰都满载愉悦与惊喜！????就是客服态度差，而且我星期五定，星期六说不发货，商家私下打电话叫我退货或者等，我退了又等国补，又等到星期天下单同样的，结果星期一就到了，不是说没货吗？,0,否,5,16G,1T,UNK
2028,2u03wgvy0y6q7u,2026-01-27,超能电竞Y7000P RTX5060/i7-14650HX/16G 1T,拯救者Y7000P 2025款性能满血、屏幕和散热拉满，国补后性价比高，游戏创作都适配，也没有网上说的那么重，闭眼入。,0,该店铺购买≥10次,5,16G,1T,UNK
2029,让梦飞翔5869,2026-01-27,超能电竞Y7000P RTX5060/i9-14900HX/16G 1T,性能强屏质优，散热静音佳，标配单通道内存，，创作游戏皆适配，i9+RTX5060性能拉满，2.5K240Hz屏超赞，散热佳接口全、便携一般,0,否,5,16G,1T,UNK
2030,38度冬天,2026-01-27,超能电竞Y7000P RTX5060/i9-14900HX/16G 1T,联想拯救者 Y7000P 笔记本搭载了英特尔酷睿Ultra 7 255HX或i9-14900HX处理器，以及115W满功耗的RTX 5060显卡。相比上一代RTX 4060，新显卡性能提升约17%，光追性能更是提升了24%???。得益于第二代乾坤散热系统，Y7000P在野兽模式下运行《黑神话：悟空》等3A大作时，噪音可低至41分贝，接近图书馆的安静程度。同时，键盘WASD区域温度能控制在35℃左右，长时间游戏也不会烫手???。在2.5K分辨率高画质下，运行黑神话悟空等大游戏可稳定在60帧以上，开,0,否,5,16G,1T,UNK
2031,jd_6npa4u478ih5nw,2026-01-27,超能电竞R7000P RTX5060/R9 8940HX/16G 1T,联想拯救者，大品牌值得信赖。孩子期待已久，终于入手了,0,否,5,16G,1T,UNK
2032,九寨吻,2026-01-27,超能电竞Y7000P RTX5060/i9-14900HX/16G 1T,价廉物美，有国补，很不错不,0,该店铺购买≥2次,5,16G,1T,UNK
2033,青椰子122,2026-01-27,超能电竞R7000P RTX5060/R9 8940HX/16G 1T,开机速度快，接口够用，画质清晰，个人使用比较满意。,0,否,5,16G,1T,UNK
2034,jd_187564jwv,2026-01-27,超能电竞Y7000P RTX5060/i9-14900HX/16G 1T,性能不错包装保护：??包装保护真的超贴心，层层防护很安心????打开时一点磨损都没有，细节满分????快递小哥送货也超准时，服务周到????整体体验非常满意，值得推荐???下次还会选择这样的物流保障??,0,否,5,16G,1T,UNK
2035,u_b5lfmoaphkxk,2026-01-27,超能电竞Y7000P RTX5060/i9-14900HX/16G 1T,快递到货，包装严实完好，当天下单当天送达。拆封儿开机，验机顺利，品质有保障。新机运行速度流畅，游戏体验不错。初步使用体验很满意，期待后续长期使用的表现,0,该店铺购买≥2次,5,16G,1T,UNK
2036,9***0,2026-01-27,超能电竞Y7000P RTX5060/i9-14900HX/16G 1T,入手这段时间办公游戏双拿捏，机身质感超棒，金属边框摸着很扎实，屏幕色彩清晰刷新率拉满，玩3A大作画面丝滑不卡顿，办公做图也贼流畅。散热效果超出预期，长时间运行机身也只是微热，键盘手感舒服，背光颜值也高。续航日常用够撑大半天，接口也齐全，连外设超方便。大品牌品控在线，性价比直接拉满。,0,该店铺购买≥2次,5,16G,1T,UNK
2037,jd_80n751xahp3x21,2026-01-27,超能电竞Y7000P RTX5070/i9-14900HX/16G 1T,电脑不错,0,该店铺购买≥2次,5,16G,1T,UNK
2038,m16541wpq5pf2y,2026-01-27,超能电竞Y7000P RTX5070/i9-14900HX/16G 1T,跑分评测：??跑分实测超惊艳！??图形处理强得飞起，游戏帧率稳如泰山?散热表现也让我惊喜，长时间用也不烫手??灯光效果酷炫十足，颜值党直接沦陷?整体体验满分，值得入手??,0,否,5,16G,1T,UNK
2039,双***9,2026-01-27,超能电竞Y7000P RTX5060/i7-14650HX/16G 1T,可以的，加上国补，物超所值，拯救！,0,否,5,16G,1T,UNK
2040,v***7,2026-01-27,超能电竞Y7000P RTX5060/i7-14650HX/16G 1T,运行速度可以，挺好的，性价比高，不卡顿,0,否,5,16G,1T,UNK
2041,后a知后觉c,2026-01-27,超能电竞Y7000P RTX5060/i9-14900HX/16G 1T,运行速度挺快，外接也很方便。工作很好的搭档,0,否,5,16G,1T,UNK
2042,14l0enr82jztq7,2026-01-27,超能电竞Y7000P RTX5060/i7-14650HX/16G 1T,之前用联想Y460P一直挺好的，用了十来年。这次换电脑首选联想，正好有国补，拯救者Y7000P画个图，不怎么打游戏完全满足日常工作使用。完美,0,该店铺购买≥2次,5,16G,1T,UNK
2043,jd_xSUqwyPGjlIh,2026-01-27,超能电竞R7000P RTX5060/R9 8940HX/16G 1T,联想这款电脑外观简洁，机身颜值高，屏幕清晰，键盘灵敏，运行速度快，性能配置不错，学习、日常和游戏等够用，价格加上国补划算，非常喜欢????????????,0,该店铺购买≥2次,5,16G,1T,UNK
2044,大胖与小胖与小小胖,2026-01-27,超能电竞R7000P RTX5060/R9 8940HX/16G 1T,手感超级棒，没有塑料感，正在装软件中，一会儿玩游戏拯救者R7000P，2025物流也很快，快递员很耐心，运行速度：流畅，等待steam大作体验,0,该店铺购买≥2次,5,16G,1T,UNK
2045,jd_f0gwx526swfel0,2026-01-27,超能电竞Y7000P RTX5060/i9-14900HX/16G 1T,这款电脑非常的炫酷，性能极强，昨天下单今天就到了，美美开始打游戏，联想真强,0,否,5,16G,1T,UNK
2046,j***o,2026-01-27,超能电竞Y7000P RTX5060/i9-14900HX/16G 1T,新电脑已收到，目前运行正常，服务态度好到让人感动，耐心解答。配货速度惊人的快，很快就到。包装精美精细，非常用心。商品功能强大实用,0,该店铺购买≥2次,5,16G,1T,UNK
2047,jd_138790vcp,2026-01-27,超能电竞Y7000P RTX5060/i9-14900HX/16G 1T,联想拯救者y7000p确实是一款令人印象深刻的游戏本。速度快，性能强，无论是大型游戏还是任务办公，都能轻松应对，屏幕好，素质强，色彩还原准精准，画面丰富，视觉体验极好，散热优秀，不仅好用，而且省心，带来使用的体验感非常很好，是一块好电脑。,0,否,5,16G,1T,UNK
2048,錢***鬱,2026-01-27,超能电竞Y7000P RTX5060/i9-14900HX/16G 1T,外形外观：质感非常好,0,该店铺购买≥2次,5,16G,1T,UNK
2049,j***o,2026-01-27,超能电竞R7000P RTX5060/R9 8940HX/16G 1T,外形炫酷质感佳，运行流畅速度快，物流靠谱，配置强大！,0,否,5,16G,1T,UNK
2050,C***o,2026-01-27,超能电竞Y7000P RTX5060/i9-14900HX/16G 1T,纠结了好久最终入手这款Y7000P i9版，用了快两周彻底被圈粉，不管是游戏党还是创作党都能满足，同价位性价比直接拉满！先夸爆核心性能，i9-14900HX标压处理器太能打了，24核心32线程搭配200W满功耗释放，平时剪4K视频、跑3D建模都不卡顿，渲染速度比之前的老电脑快了一倍还多。搭配RTX 5060显卡，开启DLSS 4技术后，《赛博朋克2077》高画质+光追也能稳定60帧以上，《CS2》更是轻松拉满240Hz刷新率，操作跟手度绝了。,0,该店铺购买≥2次,5,16G,1T,UNK
2051,崔凤弛,2026-01-27,超能电竞R7000P RTX5060/R9 8940HX/16G 1T,电脑是黑色的，键盘灯光可以调节亮度，包装完好没有磕磕碰碰，插头没有刮痕，屏幕没有刮痕。,0,否,5,16G,1T,UNK
2052,暴***媛,2026-01-27,超能电竞R7000P RTX5060/R9 8940HX/16G 1T,发货快，电脑很有质感，这款配置性价比很高，售后也很耐心！,0,否,5,16G,1T,UNK
2053,jd_183627dkk,2026-01-27,超能电竞Y7000P RTX5060/i7-14650HX/16G 1T,体验感非常好，非常流畅，学习，办公，游戏，一个笔记本全部解决，值得够买,0,否,5,16G,1T,UNK
2054,爱铁炮的老九,2026-01-27,超能电竞R7000P RTX5060/R9 8940HX/16G 1T,四种模式可以应对各种需求，还有独立显卡，黑神话悟空帧数稳定160左右，畅玩哈哈哈,0,否,5,16G,1T,UNK
2055,jd_183656kez,2026-01-27,超能电竞Y7000P RTX5060/i9-14900HX/16G 1T,性能拉满，高负载稳得住：搭载i7-14650HX/i9-14900HX处理器+RTX5060（115W满功耗）显卡组合，整机200W双满功耗释放，配合DLSS 4技术，2.5K分辨率下光追3A大作帧率稳定75FPS以上，电竞游戏帧数超480，多任务运行也无卡顿；第二代乾坤散热系统加持，双烤30分钟核心温度仍控制在85℃以内，键盘操作区仅38℃，告别烫手问题。,0,否,5,16G,1T,UNK
2056,uyROhYETOqde,2026-01-27,超能电竞Y7000P RTX5060/i7-14650HX/16G 1T,电脑很好用，己经用上了，没有一点问题很流畅，非常好用的电脑，开机也快，很喜欢。,0,否,5,16G,1T,UNK
2057,1705wl2m3tenn5,2026-01-27,超能电竞Y7000P RTX5060/i7-14650HX/16G 1T,包装完好无损，物流很快次日达，目前用起来感觉不错，值得入手。,0,否,5,16G,1T,UNK
2058,b***k,2026-01-27,超能电竞R7000P RTX5060/R9 8940HX/16G 1T,很不错 外壳很有质感 电脑很流畅玩游戏做PPT特别丝滑一点也不卡顿 非常喜欢 独显也很优秀 推荐推荐,0,否,5,16G,1T,UNK
2059,_***了,2026-01-27,超能电竞Y7000P RTX5060/i9-14900HX/16G 1T,送货迅速，开机快，屏幕清晰，声音也不大喜欢很久了，看了很入手一台，真的很不错，屏幕分辦率高，清晰度超高，玩3A游戏不卡顿，风扇噪音控制得当，散热好性价比高,0,该店铺购买≥2次,5,16G,1T,UNK
2060,jd_la3xfl5y580kc9,2026-01-27,超能电竞R7000P RTX5060/R9 8940HX/16G 1T,包装保护：严丝合缝外形外观：帅气逼人画面品质：美丽动人运行速度：飞驰电掣游戏效果：心满意足,0,该店铺购买≥2次,5,16G,1T,UNK
2061,jd_骑猩猩抓,2026-01-27,超能电竞Y7000P RTX5070/i9-14900HX/16G 1T,京东物流没毛病，上午下单下午到！电脑小白，买来玩游戏，感觉还不错，使用一段期间再追评包装保护：完好外形外观：无瑕疵画面品质：精致跑分评测：中高吧,0,否,5,16G,1T,UNK
2062,jdvip198414,2026-01-27,超能电竞R7000P RTX5060/R9 8940HX/16G 1T,此用户未填写评价内容,0,否,5,16G,1T,UNK
2063,a***3,2026-01-27,超能电竞Y7000P RTX5060/i9-14900HX/16G 1T,终于买了梦寐以求的“拯救者”，马上下载安装心念念地“黑神话”，流畅好玩！惊艳绝伦！联想拯救者太棒了，完全值得拥有！！！,0,该店铺购买≥2次,5,16G,1T,UNK
2064,w63k8mfit20l16,2026-01-27,超能电竞Y7000P RTX5060/i7-14650HX/16G 1T,快递很快，安全下车，外观没有损坏，运行流畅.机身颜值很高，屏幕清晰度惊艳，处理器速度飞快，多任务不卡顿，运行流畅，几乎听不懂风扇声音，长时间用不烫手；接口丰富，满足日常办公和娱乐要求，非常棒，强烈推荐！ 收起,0,否,5,16G,1T,UNK
2065,渐***-,2026-01-27,超能电竞R7000P RTX5060/R9 8940HX/16G 1T,非常好,0,否,5,16G,1T,UNK
2066,leleba的JD,2026-01-27,超能电竞Y7000P RTX5070/i9-14900HX/16G 1T,外观大气，运行流畅，性价比高，游戏效果：嘎嘎舒服 嘎嘎丝滑,0,否,5,16G,1T,UNK
2067,p7gu94gg2un8mn,2026-01-27,超能电竞Y7000P RTX5060/i9-14900HX/16G 1T,体验效果不错，算是有性价比的，声音也不大。外观设计的挺简洁的。,0,否,5,16G,1T,UNK
2068,jd_47n415mylphaw6,2026-01-27,超能电竞Y7000P RTX5060/i7-14650HX/16G 1T,目前玩的挺好,0,否,5,16G,1T,UNK
2069,g***f,2026-01-27,超能电竞Y7000P RTX5060/i9-14900HX/16G 1T,该服务非常出色，响应迅速，质量上乘，性价比高，强烈推荐！50游戏本评价这款50游戏本在市场上的表现相当出色。首先，它搭载了高性能的处理器和独立显卡，能够轻松应对各种大型游戏的需求，让玩家享受流畅无阻的游戏体验。此外，这款笔记本的显示屏拥有高刷新率，使得画面流畅度和响应速度都达到了极致，为玩家提供了沉浸式的游戏体验。在设计方面，50游戏本采用了轻薄便携的设计理念，即便是在高性能的配置下，依然保持了轻盈的机身，非常适合经常需要移动的游戏玩家。同时，它的散热系统也非常出色，即便长时间运行大型游戏,0,否,5,16G,1T,UNK
2070,os366xux41dcmp,2026-01-27,超能电竞Y7000P RTX5060/i9-14900HX/16G 1T,第一次购买拯救者的笔记本，整机性能看着还不错，希望后面一如既往的好用。,0,否,5,16G,1T,UNK
2071,jd_667r19ysbcql11,2026-01-27,超能电竞Y7000P RTX5060/i9-14900HX/16G 1T,玩原神最高画质跑满不卡顿，散热速度特别快，图形处理十分强劲，好评！,0,否,5,16G,1T,UNK
2072,r***q,2026-01-27,超能电竞Y7000P RTX5070/i9-14900HX/16G 1T,东西收到以后马上查看，发现与图片描述一致，超级喜欢，卖家发货速度很快，服务也很到位，给老板点个赞，下次还会来购买！,0,否,5,16G,1T,UNK
2073,jd_139085ghu,2026-01-27,超能电竞Y7000P RTX5060/i9-14900HX/16G 1T,运行速度很快，屏幕画质清晰，电脑性能很好，加上国补，性价比拉满,0,否,5,16G,1T,UNK
2074,jd_u520r56cde4p75,2026-01-27,超能电竞R7000P RTX5060/R9 8940HX/16G 1T,这电脑简直像开了挂的“性能猛兽”，硬盘升级后跑分直接起飞，灯光效果酷到炸街，深夜打游戏都自带BGM！接口多得能接一排外设，外接显示器、键盘、鼠标全都不带喘气的。实拍图一看就知，这配置稳了，性价比直接拉满！,0,该店铺购买≥2次,5,16G,1T,UNK
2075,4mn53k88z1n249,2026-01-27,超能电竞Y7000P RTX5070/i9-14900HX/16G 1T,全新未拆封，没有翻车，电脑性能强悍，非常好用，还比较实惠，物流速度也快，可以放心下单。,0,否,5,16G,1T,UNK
2076,小***坏,2026-01-27,超能电竞R7000P RTX5060/R9 8940HX/16G 1T,一直用的拯救者的笔记本电脑，很好用，性能也够强！推荐得很！,0,否,5,16G,1T,UNK
2077,短***诗,2026-01-27,超能电竞Y7000P RTX5060/i9-14900HX/16G 1T,电竞党狂喜！这款本性能真的顶，玩3A大作和网游都满帧运行，团战丝滑无拖影，散热也做得超棒，长时间玩机身也不烫手。屏幕画质清晰色彩正，键盘按键反馈超舒服，不管是游戏还是追剧体验都绝了，闭眼入不亏！,0,否,5,16G,1T,UNK
2078,意外的刚刚好,2026-01-27,超能电竞R7000P RTX5060/R9 8940HX/16G 1T,??这款产品真的超乎预期！散热效果很棒，运行起来很流畅??，外接设备也特别方便??。接口数量充足，日常使用完全够用??。快递包装严实，送货速度飞快??，配送员服务态度也很好??。整体体验非常满意，强烈推荐！??,0,否,5,16G,1T,UNK
2079,jd_nhl489rte77rnm,2026-01-27,超能电竞Y7000P RTX5060/i7-14650HX/16G 1T,电脑电脑终于到手啦！开机瞬间流畅得飞起，运行速度简直像开了挂！散热也超给力，长时间使用都不烫手。外观简洁大气，放在桌面上倍儿有面子。性价比超高，强烈推荐给,0,该店铺购买≥2次,5,16G,1T,UNK
2080,j***j,2026-01-27,超能电竞Y7000P RTX5060/i9-14900HX/16G 1T,第一次买这么高配的电脑喜欢的不得了。完全解锁了steam的所有游戏，想玩啥就玩啥，玩大型3D游戏时听见散热风扇呼呼的声音就激动，为此背包、鼠标、键盘、键盘膜全部换新整上了。本子品控很攒，液晶屏几乎可以放平，C盘划了超大容量，办公毫无压力。吃了国补性价比超高，值得大家入手。,0,否,5,16G,1T,UNK
2081,jd_azi101,2026-01-27,超能电竞R7000P RTX5060/R9 8940HX/16G 1T,机器做工用料都不错，国补加六期免息，价格很划算,0,否,5,16G,1T,UNK
2082,jd_t188h0clbw4ksb,2026-01-27,超能电竞R7000P RTX5060/R9 8940HX/16G 1T,验机了，官方正品，非常棒，推荐大家购买,0,否,5,16G,1T,UNK
2083,jd_180721xcd,2026-01-27,超能电竞Y7000P RTX5060/i9-14900HX/16G 1T,图片很清晰画面很好.玩游戏也流畅.总体体验感可以.,0,否,5,16G,1T,UNK
2084,j***4,2026-01-27,超能电竞Y7000P RTX5060/i7-14650HX/16G 1T,包装保护：保护到位外形外观：很是帅气画面品质：神机很厉害运行速度：很安静等使用过后再来追评游戏效果：目前为止还没上手，期待体验,0,否,5,16G,1T,UNK
2085,jd159105ztt,2026-01-26,超能电竞Y7000P RTX5060/i9-14900HX/16G 1T,好看好用,0,否,5,16G,1T,UNK
2086,j***m,2026-01-26,超能电竞Y7000P RTX5060/i7-14650HX/16G 1T,在网上做攻略做了很久，发现最喜欢的还是这个电脑。今天呢终于等来了这个电脑打开一看，确实是自己喜欢的样子，开机速度很快，散热也很快，灯光效果很酷，很喜欢，推荐,0,否,5,16G,1T,UNK
2087,41rf220jr7410j,2026-01-26,超能电竞R7000P RTX5060/R9 8940HX/16G 1T,之前用的笔记本是Y470，后来一直想更新个游戏笔记本，碰到本次活动。入手了R7000P。入门级游戏本。做工一流，对物流很满意，头天晚上11点下单，第二天到。物流小哥很贴心，收货很细心。产品很满意，是新机。使用了几天，感觉很顺畅。完美很棒的购机体验。大品牌值得信赖！！！！,0,否,5,16G,1T,UNK
2088,131qe41eyuw669,2026-01-26,超能电竞Y7000P RTX5060/i9-14900HX/16G 1T,宝贝收到了！非常出乎意料，非常惊喜！下次还会来的～好卖家，继续关注！全五分好评！,0,否,5,16G,1T,UNK
2089,j***m,2026-01-26,超能电竞Y7000P RTX5060/i9-14900HX/16G 1T,联想Y7000P真的太好用了！玩游戏超流畅不卡顿，屏幕看着也舒服，散热也给力，日常办公游戏都能打，性价比绝了！,0,否,5,16G,1T,UNK
2090,9n4mvd00ki0kag,2026-01-26,超能电竞R7000P RTX5060/R9 8940HX/16G 1T,外包装盒恨结实，很牢固，里面也没有任何的破损，唯一可惜的就是没有参与国补，因为公司需要开发票，如果参加了国补就没法开票了，其实我不知道自己建议对不对，可以把国补后实付部分开具发票，这样大家都好。,0,否,5,16G,1T,UNK
2091,jd_rd4yccw8d4u0p2,2026-01-26,超能电竞Y7000P RTX5060/i7-14650HX/16G 1T,不错，纵享丝滑，就是系统自带内容过大了点。。16g自带快一半了都,0,否,5,16G,1T,UNK
2092,u***o,2026-01-26,超能电竞Y7000P RTX5060/i9-14900HX/16G 1T,电脑十分帅气 屏幕质感超好 不管干啥都流畅。赶紧下款游戏试试 等不急了,0,否,5,16G,1T,UNK
2093,4***6,2026-01-26,超能电竞Y7000P RTX5060/i7-14650HX/16G 1T,还得是京东啊，安全下车。烤机温度测试屏幕都检测了，非常完美。,0,否,5,16G,1T,UNK
2094,1***6,2026-01-26,超能电竞R7000P RTX5060/R9 8940HX/16G 1T,电脑使用不错，很适合出差携带，用起来也方便,0,否,5,16G,1T,UNK
2095,jd_g2k5i639ln4qbe,2026-01-26,超能电竞R7000P RTX5060/R9 8940HX/16G 1T,电脑很好，外观好看，玩大型游戏不卡，开机顺畅，用着非常顺手，可靠的卖家,0,否,5,16G,1T,UNK
2096,jd_f53gf9bg92hov9,2026-01-26,超能电竞Y7000P RTX5060/i9-14900HX/16G 1T,小巧玲珑，反应灵敏非常适合女孩子使用，外观大气上档次。如果有机会，我会推荐我朋友也买同框设备。商量服务态度非常好,0,否,5,16G,1T,UNK
2097,13h921yjwvf855,2026-01-26,超能电竞R7000P RTX5060/R9 8940HX/16G 1T,快递发货迅速，电脑响应快，包装保护完好，外观帅气，画面细腻，运行速度快，畅玩各类游戏，帧率稳定，显示流畅，,0,否,5,16G,1T,UNK
2098,jd136716sni,2026-01-26,超能电竞Y7000P RTX5060/i9-14900HX/16G 1T,物流快，电脑很好，运行速度快。玩大型游戏，CAD，UG轻轻松松！,0,该店铺购买≥2次,5,16G,1T,UNK
2099,蓅哖688,2026-01-26,超能电竞Y7000P RTX5060/i9-14900HX/16G 1T,给孩子买的，孩子说用着不错反应挺快的！联想大牌能用到毕业就ok了,0,该店铺购买≥2次,5,16G,1T,UNK
2100,131*****518XFQ,2026-01-26,超能电竞Y7000P RTX5060/i7-14650HX/16G 1T,首先京东快递送货速度很快，电脑包装完好；其次电脑外边无任何划痕或者指纹，开机速度非常快，性能强劲；最后售后服务很方便，有问题回复很快！好评！,0,否,5,16G,1T,UNK
2101,o0o冰晶娃娃o0o,2026-01-26,超能电竞Y7000P RTX5060/i9-14900HX/16G 1T,整体感觉不错，游戏画质清晰未见卡顿，工作游戏皆可,0,否,5,16G,1T,UNK
2102,jd_15dgikd35iqoqa,2026-01-26,超能电竞Y7000P RTX5060/i7-14650HX/16G 1T,联想拯救者Y7000P是一款中高端定位的游戏本，在处理器性能、屏幕素质、显卡性能、散热系统等方面表现出色。,0,否,5,16G,1T,UNK
2103,j***j,2026-01-26,超能电竞Y7000P RTX5070/i9-14900HX/16G 1T,一收到货就用上了，质感很好，外形外观大气，画面品质也很高，运行速度也嘎嘎快，体验感非常好，果然是一分价钱一分货，非常推荐。,0,该店铺购买≥2次,5,16G,1T,UNK
2104,h6l2c7daint8nu,2026-01-26,超能电竞R7000P RTX5060/R9 8940HX/16G 1T,用了一不了为什么电池2个小时也用不下来,0,否,5,16G,1T,UNK
2105,书影随侠,2026-01-26,超能电竞R7000P RTX5060/R9 8940HX/16G 1T,看了好久的笔记本，最后选择了这个，性价比很高，这个价位很值。机械革命怕后续出问题，联想虽然溢价，但我还是比较看重售后这一点，后续再买个延保，保修五年,0,否,5,16G,1T,UNK
2106,2***1,2026-01-26,超能电竞Y7000P RTX5060/i7-14650HX/16G 1T,真的太喜欢了！收到货立马就来评价了！,0,否,5,16G,1T,UNK
2107,o2nn45e09p4y8z,2026-01-26,超能电竞Y7000P RTX5060/i7-14650HX/16G 1T,这款联想拯救者笔记本性能强劲，散热出色，游戏运行流畅，键盘手感舒适，整体体验非常棒???? 外观设计也很酷炫，值得入手！！,0,否,5,16G,1T,UNK
2108,j***f,2026-01-26,超能电竞R7000P RTX5060/R9 8940HX/16G 1T,包装保护：快递保护的很好外形外观：很漂亮画面品质：画面很好运行速度：很快,0,否,5,16G,1T,UNK
2109,j***g,2026-01-26,超能电竞Y7000P RTX5060/i9-14900HX/16G 1T,开箱验机全新正品，很有质感，屏幕色彩也很鲜艳细腻，性能强劲，流畅不卡顿,0,该店铺购买≥2次,5,16G,1T,UNK
2110,看起风了哟,2026-01-26,超能电竞Y7000P RTX5060/i9-14900HX/16G 1T,联想拯救者y7000p笔记本电脑 质量相当好，卖家态度也好，有问必答，发货速度杠杠的，值得购买哦外观设计漂亮，尺寸大小合适，电脑小白就想用着舒心一些,0,该店铺购买≥2次,5,16G,1T,UNK
2111,j***A,2026-01-26,超能电竞Y7000P RTX5060/i7-14650HX/16G 1T,电脑不错,0,该店铺购买≥2次,5,16G,1T,UNK
2112,玄月青枫,2026-01-26,超能电竞R7000P RTX5060/R9 8940HX/16G 1T,这款拯救者R7000P绝对是“真香”游戏本！锐龙9处理器性能满血释放，搭配RTX 50系显卡，2.5K 240Hz高刷屏玩3A大作画面丝滑。散热系统给力，即使长时间游戏键盘区也只是微热。最关键是一线品牌配上二线价格，性价比太突出了，确实是预算内一步到位的好选择。,0,否,5,16G,1T,UNK
2113,jd_t4saj42e99rry0,2026-01-26,超能电竞Y7000P RTX5060/i9-14900HX/16G 1T,运行流畅，画质清晰，外接方便，实物与描述一样，快递速运也很快，下单第二天就到了，验机也没问题,0,否,5,16G,1T,UNK
2114,j***e,2026-01-26,超能电竞R7000P RTX5060/R9 8940HX/16G 1T,包装保护：很好没有破碎画面品质：恨清晰游戏效果：很流畅不卡顿运行速度：很稳定没有异常,0,该店铺购买≥2次,5,16G,1T,UNK
2115,荣哥南妹是一对,2026-01-26,超能电竞R7000P RTX5060/R9 8940HX/16G 1T,笔记本已经收到了，孩子上学要用，外观很漂亮，期待用的时间长,0,否,5,16G,1T,UNK
2116,西门冢,2026-01-26,超能电竞R7000P RTX5060/R9 8940HX/16G 1T,已收到，电脑不错。价格还算合适。之前的dell笔记本实在是毛病多多。转投联想。希望物有所值。,0,该店铺购买≥2次,5,16G,1T,UNK
2117,jd_fb257y6g4hmg7s,2026-01-26,超能电竞Y7000P RTX5060/i7-14650HX/16G 1T,拯救者Y7000P太香了！霜刃散热超给力，高负载机身不烫手，噪音还小。金属机身质感拉满，办公创作游戏全适配，键盘手感佳，续航也惊喜，性价比直接拉满，闭眼冲不亏！,0,否,5,16G,1T,UNK
2118,丶Replace丶,2026-01-26,超能电竞R7000P RTX5060/R9 8940HX/16G 1T,做工很好，性能也很强，240Hz的屏幕对于任何日常需求也能满足,0,该店铺购买≥2次,5,16G,1T,UNK
2119,2***o,2026-01-26,超能电竞R7000P RTX5060/R9 8940HX/16G 1T,这款笔记本电脑完全满足了日常所有的游戏场景，配置也非常好，完美运行所有主流游戏，性价比超高的一款产品,0,否,5,16G,1T,UNK
2120,x***i,2026-01-26,超能电竞R7000P RTX5060/R9 8940HX/16G 1T,是全新机！而且京东快递送货上门放心买！机器也非常好用！放心购买！,0,否,5,16G,1T,UNK
2121,u_4crwxqhoci6b,2026-01-26,超能电竞Y7000P RTX5070/i9-14900HX/16G 1T,京东自营入手的联想Y7000P真的太满意了！机身质感超棒，做工扎实精细，配置完全够用，运行游戏流畅不卡顿，日常办公更是轻松驾驭，散热效果也很出色，长时间使用也很稳定。京东自营发货速度特别快，物流给力，售后还有保障，服务贴心周到，性价比直接拉满，这次购物体验超棒，真心推荐给大家！,0,否,5,16G,1T,UNK
2122,我***-,2026-01-26,超能电竞Y7000P RTX5060/i7-14650HX/16G 1T,拯救者 Y7000P 果然名不虚传！性能强、散热好、屏幕棒，三大核心卖点拉满。游戏满帧跑、办公不卡顿，颜值质感在线，兼顾便携与性能。细节也到位，180 度开合、大尺寸触控板、摄像头电控开关，安全感满满。不管是游戏党、学生党还是办公族，都能满足需求，这钱花得值！,0,否,5,16G,1T,UNK
2123,j***h,2026-01-26,超能电竞Y7000P RTX5060/i7-14650HX/16G 1T,外观简洁大气，发货速度很快，试用了一下，孩子很喜欢,0,否,5,16G,1T,UNK
2124,清晰术,2026-01-26,超能电竞Y7000P RTX5060/i9-14900HX/16G 1T,这款电脑外观简约大方，性能强，运行流畅，屏幕清晰，刷新率高，游戏流畅打团一点也不掉帧，办公游戏两不误，性价比高。,0,否,5,16G,1T,UNK
2125,jd_185747vtt,2026-01-26,超能电竞Y7000P RTX5060/i9-14900HX/16G 1T,接口齐全，接显示器、外设超方便。外观漂亮，屏幕清晰刷新率高，散热声音小。游戏流畅打团一点不掉帧。办公游戏两不误，性价比超高。,0,否,5,16G,1T,UNK
2126,o9pjp476kz4mj2,2026-01-26,超能电竞Y7000P RTX5060/i9-14900HX/16G 1T,这款电脑外观简约大方，性能强劲，运行流畅，打开多个程序也不卡顿，散热极佳，长时间使用也不发烫，噪音小，电池续航久。,0,该店铺购买≥2次,5,16G,1T,UNK
2127,jd_054n18tabwq54e,2026-01-26,超能电竞Y7000P RTX5060/i9-14900HX/16G 1T,非常喜欢！千挑万选选择了这一款产品！！还没有使用，但是非常期待！希望可以陪我很久很久！,0,该店铺购买≥2次,5,16G,1T,UNK
2128,jd_9vm00ry91rv6c2,2026-01-26,超能电竞R7000P RTX5060/R9 8940HX/16G 1T,商品体验超棒，外接方便，灯光效果炫酷，硬盘升级轻松，图形处理流畅～??? 快递包装严实，发货迅速，配送员服务贴心，腊八节收到真是暖心又惊喜！??????,0,否,5,16G,1T,UNK
2129,jd_189822zfi,2026-01-26,超能电竞R7000P RTX5060/R9 8940HX/16G 1T,现场拆包验机，外形简约好看，画面品质高，运行速度快，加上国补优惠真香~,0,该店铺购买≥2次,5,16G,1T,UNK
2130,开GTR的大叔,2026-01-26,超能电竞R7000P RTX5060/R9 8940HX/16G 1T,安全下车,0,否,5,16G,1T,UNK
2131,小珊瑚我也1,2026-01-26,超能电竞Y7000P RTX5060/i7-14650HX/16G 1T,包装保护：非常好，非常安全外形外观：外表非常酷炫画面品质：240赫兹画面品质顶级,0,该店铺购买≥2次,5,16G,1T,UNK
2132,j***0,2026-01-26,超能电竞R7000P RTX5060/R9 8940HX/16G 1T,外形外观：机身手感细腻丝滑，散热强大，灯光效果炫酷，屏幕很清晰，整体非常满意,0,否,5,16G,1T,UNK
2133,j***4,2026-01-26,超能电竞Y7000P RTX5060/i9-14900HX/16G 1T,收到货用了几天、机身外观很好看、性能也很流畅、运行速度也很快、用来办工也很合适！值得推荐！,0,否,5,16G,1T,UNK
2134,5wl2k2i67nmy2k,2026-01-26,超能电竞R7000P RTX5060/R9 8940HX/16G 1T,电脑到了，目前来看，非常好,0,否,5,16G,1T,UNK
2135,jd_umzwenumgqxzl3,2026-01-26,超能电竞Y7000P RTX5060/i9-14900HX/16G 1T,货已经收到了，包装看上去还可以，不错的一次购物，还算满意。好很满意，全 5 分。,0,否,5,16G,1T,UNK
2136,jd_7e9de468c3295,2026-01-26,超能电竞R7000P RTX5060/R9 8940HX/16G 1T,趁着浙江国补买了这款电脑，之前的carbon X1用了八年了，希望这款新电脑带来新年新气象,0,否,5,16G,1T,UNK
2137,u_nrg6m17l1e6u,2026-01-26,超能电竞Y7000P RTX5060/i7-14650HX/16G 1T,完美的电脑,0,否,5,16G,1T,UNK
2138,j***h,2026-01-26,超能电竞R7000P RTX5060/R9 8940HX/16G 1T,配置拉满，大型软件/游戏运行丝滑，帧率稳定，散热表现超出预期，电竞党冲！?处理器性能强劲，多任务切换毫无压力，图形处理流畅，设计/编程用着超省心,0,否,5,16G,1T,UNK
2139,东***后,2026-01-25,超能电竞Y7000P RTX5060/i9-14900HX/16G 1T,怎么说呢，心心想想买来了，但是觉得屏幕看起来没有手机清楚，刷抖音会模糊，开大多数软件还是会卡卡的，内存还是上32g，我这个好像都是长鑫的内存固态，不是很满意了也是，对了特别容易沾指纹，要多擦,0,否,3,16G,1T,UNK
2140,鲸让我守着海,2026-01-25,超能电竞Y7000P RTX5060/i9-14900HX/16G 1T,包装保护：完整外形外观：比较大运行速度：嘎嘎快，运行速度很快，而且使用起来感觉也非常好。,0,该店铺购买≥2次,5,16G,1T,UNK
2141,u_remstnioujwo,2026-01-25,超能电竞Y7000P RTX5060/i7-14650HX/16G 1T,联想拯救者Y7000P 2025游戏本：性能与体验的双重盛宴！?作为一名资深游戏玩家和内容创作者，我对笔记本的性能和屏幕素质要求极高。入手联想拯救者Y7000P 2025后，它彻底超出了我的预期，必须给五星好评！,0,否,5,16G,1T,UNK
2142,j***w,2026-01-25,超能电竞Y7000P RTX5070/i9-14900HX/16G 1T,此用户未填写评价内容,0,否,5,16G,1T,UNK
2143,南墙有枝桂桂,2026-01-25,超能电竞Y7000P RTX5060/i7-14650HX/16G 1T,机身质感扎实，接口齐全，高刷屏观感佳，键盘手感舒适，整体做工很规整，很帅??。,0,该店铺购买≥2次,5,16G,1T,UNK
2144,仙***g,2026-01-25,超能电竞Y7000P RTX5060/i9-14900HX/16G 1T,包装保护：包装也不错外形外观：外观外形也很好画面品质：画质也很清晰，总体来说性价比相信老品牌准没错,0,否,5,16G,1T,UNK
2145,邓亚菲,2026-01-25,超能电竞R7000P RTX5060/R9 8940HX/16G 1T,非常的好用，运行的非常快，打游戏以及剪辑类软件也非常的实用，综合能力比较强，同价位的情况下，这个性价比是最高的，强烈推荐这个，好吧，测评也非常高。,0,该店铺购买≥2次,5,16G,1T,UNK
2146,jd_25z273vltk5715,2026-01-25,超能电竞R7000P RTX5060/R9 8940HX/16G 1T,快递很快，安全下车，外观没有损坏，运行流畅.机身颜值很高，屏幕清晰度惊艳，处理器速度飞快，多任务不卡顿，运行流畅，几乎听不懂风扇声音，长时间用不烫手；接口丰富，满足日常办公和娱乐要求，非常棒，强烈推荐!,0,否,5,16G,1T,UNK
2147,jd_137391dzq,2026-01-25,超能电竞Y7000P RTX5070/i9-14900HX/16G 1T,电脑是全新机，已经用上，其他还没发现什么，就是底部的风扇声音太大。,0,否,5,16G,1T,UNK
2148,jd_60vq7p01jx25ei,2026-01-25,超能电竞Y7000P RTX5060/i9-14900HX/16G 1T,入手联想拯救者Y7000P，体验拉满！16英寸2.5K高刷屏，色彩准、响应快，游戏丝滑不拖影；酷睿Ultra处理器+满血独显，3A大作高画质稳帧，办公创作也毫无压力；霜刃Pro散热给力，高负载下噪音小、温度控制优秀；机身质感扎实，接口齐全，RGB键盘氛围感拉满。兼顾游戏、学习与办公，性价比超高，闭眼入不亏！,0,否,5,16G,1T,UNK
2149,说***谎,2026-01-25,超能电竞R7000P RTX5060/R9 8940HX/16G 1T,联想拯救者太香了！性能强悍运行超流畅，高刷屏观感超棒，散热表现很稳，办公游戏都能轻松拿捏，性价比直接拉满，用着超舒心！,0,该店铺购买≥2次,5,16G,1T,UNK
2150,Zane小野,2026-01-25,超能电竞Y7000P RTX5060/i7-14650HX/16G 1T,体验超预期！3A游戏高画质运行流畅，办公剪辑多任务也不卡顿，2.5K高刷屏显示效果超赞。散热表现不错，高负载下机身不怎么烫，接口齐全够用，这个配置性价比很可以,0,该店铺购买≥2次,5,16G,1T,UNK
2151,jd_k2nzep5j8h2s1u,2026-01-25,超能电竞Y7000P RTX5060/i7-14650HX/16G 1T,外形外观：对比了一下Y7000和Y9000 挺喜欢Y7000外观画面品质：如果想要更高配置推荐y9000液晶屏幕运行速度：刚到手热乎的，不错??线下取货的，对比一下目前没有问题！,0,否,5,16G,1T,UNK
2152,jd_k2nzep5j8h2s1u,2026-01-25,超能电竞Y7000P RTX5060/i7-14650HX/16G 1T,外形外观：对比了一下Y7000和Y9000 挺喜欢Y7000外观画面品质：如果想要更高配置推荐y9000液晶屏幕运行速度：刚到手热乎的，不错??线下取货的，对比一下目前没有问题！,0,否,5,16G,1T,UNK
2153,j***1,2026-01-25,超能电竞Y7000P RTX5060/i9-14900HX/16G 1T,快递物流非常快呀 ，电脑外观和画面的流畅度也是杠杠的，非常值得入手，强烈推荐入手,0,该店铺购买≥2次,5,16G,1T,UNK
2154,jd_090kyke21p1c09,2026-01-25,超能电竞Y7000P RTX5060/i9-14900HX/16G 1T,玩游戏流畅，图形处理能力强硬盘好升级运行速度快,0,否,5,16G,1T,UNK
2155,奔***f,2026-01-25,超能电竞Y7000P RTX5060/i9-14900HX/16G 1T,包装保护：保护的很不错外形外观：帅气，太帅了画面品质：超清画质，很棒运行速度：超级快游戏效果：太爽了,0,该店铺购买≥2次,5,16G,1T,UNK
2156,佛***9,2026-01-25,超能电竞Y7000P RTX5060/i9-14900HX/16G 1T,一直犹豫了很久，最终还是选择拯救者，外观精美，性能强劲，换了四台电脑，一直选择联想，大品牌有保障。,0,该店铺购买≥2次,5,16G,1T,UNK
2157,0***j,2026-01-25,超能电竞R7000P RTX5060/R9 8940HX/16G 1T,笔记本电脑已收到，外观设计漂亮，拿在手里很有质感，做工精良，不亏是一线品牌，但价格有点上涨，有点小贵，宝贝手感不错，感觉很好，发货速度快，服务态度一流，给力！5星好评！,0,否,5,16G,1T,UNK
2158,jd_63vvn473nbfx9u,2026-01-25,超能电竞Y7000P RTX5060/i7-14650HX/16G 1T,电脑发货速度快，收到很惊喜，开机速度快，待使用后追加评价。,0,否,5,16G,1T,UNK
2159,u_lwyvrh1m4ri4,2026-01-25,超能电竞Y7000P RTX5060/i9-14900HX/16G 1T,是正品，选了好多还是决定买拯救者，收到货全新机自己激活。而且快递小哥亲自交到手里，很安心的购物,0,否,5,16G,1T,UNK
2160,6o6kk2xyi24ptd,2026-01-25,超能电竞Y7000P RTX5060/i7-14650HX/16G 1T,电脑非常棒，画面特别清晰，游戏特别丝滑送office办公软件，游戏办公即可。,0,否,5,16G,1T,UNK
2161,fang8989,2026-01-25,超能电竞Y7000P RTX5060/i9-14900HX/16G 1T,散热快，接口非常够用，包装保护：非常合理安全外形外观：原装包装，无损坏无划痕画面品质：清晰质感好运行速度：嘎嘎快嘎嘎好用很喜欢，值得拥有,0,否,5,16G,1T,UNK
2162,j***1,2026-01-25,超能电竞Y7000P RTX5060/i7-14650HX/16G 1T,联想拯救者Y7000P是联想旗下经典的16英寸游戏本，以强劲性能、优秀散热和高刷屏著称，是万元级游戏本的标杆产品。核心配置- 处理器：最新款搭载Ultra 7 255HX或i7-14650HX/i9-14900HX，20核28线程设计，睿频可达5.5GHz。- 显卡：RTX 5060/5070独显，支持DLSS 4技术，115W满功耗释放。- 屏幕：16英寸2560×1600分辨率，240Hz高刷新率，500尼特亮度。- 内存存储：16GB DDR5 6400MHz,0,该店铺购买≥2次,5,16G,1T,UNK
2163,j***p,2026-01-25,超能电竞Y7000P RTX5060/i9-14900HX/16G 1T,不错不错,0,否,5,16G,1T,UNK
2164,J***e,2026-01-25,超能电竞Y7000P RTX5060/i7-14650HX/16G 1T,联想拯救者y7000p笔记本电脑，实物与描述的一样，质量相当好，发货速度快，外观设计漂亮，尺寸大小合适，值得购买。,0,该店铺购买≥2次,4,16G,1T,UNK
2165,王啊王阿王,2026-01-25,超能电竞R7000P RTX5060/R9 8940HX/16G 1T,灯光效果超棒，散热安静稳定，办公娱乐两相宜～????? 外接方便，运行流畅，值得入手???????,0,该店铺购买≥2次,5,16G,1T,UNK
2166,tozsgu297k56gf,2026-01-25,超能电竞R7000P RTX5060/R9 8940HX/16G 1T,散热快，打游戏很流畅，外接方便，灯光效果也很酷，推荐买。,0,否,5,16G,1T,UNK
2167,cl71q4x1gge3il,2026-01-25,超能电竞Y7000P RTX5060/i7-14650HX/16G 1T,??外观质感超赞，金属机身拿在手里很有分量！??开机瞬间炫酷LOGO亮起，游戏氛围直接拉满～??键盘背光绚丽多彩，打字手感舒适，长时间使用也不累。?运行流畅，散热给力，玩大型游戏毫无压力！??包装严实，物流飞快，配送员服务贴心到位～??整体体验满分，强烈推荐！,0,否,5,16G,1T,UNK
2168,a***l,2026-01-25,超能电竞Y7000P RTX5060/i7-14650HX/16G 1T,快递准时，色彩艳亮。声音不错，酷毕了，游戏电竞本，设计绘图剪辑都够用了，品质保障，售后保障，五星好评???????早下单早享用...,0,否,5,16G,1T,UNK
2169,瓦罗兰的小铁匠,2026-01-25,超能电竞Y7000P RTX5070/i9-14900HX/16G 1T,机器外观很大气，价格也很合适。运行流畅，很满意的一次购物，,0,该店铺购买≥2次,5,16G,1T,UNK
2170,jd_kqsk822unx51qq,2026-01-25,超能电竞R7000P RTX5060/R9 8940HX/16G 1T,新伙伴到啦  运行十分流畅 不错不错,0,否,5,16G,1T,UNK
2171,y***4,2026-01-25,超能电竞Y7000P RTX5060/i9-14900HX/16G 1T,京东自营买的东西一如既往的好 验过机器全新无瑕疵 大家赶快下手吧！,0,该店铺购买≥2次,5,16G,1T,UNK
2172,faoyr6td9sc6n7,2026-01-25,超能电竞Y7000P RTX5060/i7-14650HX/16G 1T,??这款硬盘升级超顺滑，运行速度飞快?！长时间使用也不烫手，散热很给力??。包装严实，快递员送货超准时??，整体体验满分??！??是正品全新未开封的,0,否,5,16G,1T,UNK
2173,y3n6a16sfo5naf,2026-01-25,超能电竞Y7000P RTX5060/i7-14650HX/16G 1T,包装保护得很好 外形也很漂亮 电脑很流畅 内存也大 很好推荐购买,0,否,5,16G,1T,UNK
2174,又***贝,2026-01-25,超能电竞R7000P RTX5060/R9 8940HX/16G 1T,快递很快，安全下车，外观没有损坏，运行流畅。机身颜值很高，屏幕清晰度惊艳，处理器速度飞快，多任务不卡顿，运行流畅，几乎听不懂风扇声音，长时间用不烫手；接口丰富，满足日常办公和娱乐要求，非常棒，强烈推荐!,0,否,5,16G,1T,UNK
2175,u_s37siziq3srz,2026-01-25,超能电竞Y7000P RTX5060/i9-14900HX/16G 1T,目前用着非常好用，性能比以前的好太多了，值得推荐的笔记本电脑，nice！,0,否,5,16G,1T,UNK
2176,h23q9rpp60z70r,2026-01-25,超能电竞Y7000P RTX5060/i9-14900HX/16G 1T,服务好,0,否,5,16G,1T,UNK
2177,j***h,2026-01-25,超能电竞Y7000P RTX5060/i7-14650HX/16G 1T,国补拿下的电脑收到了，这款拯救者非常不错，很喜欢外形外观设计，画面清晰，流畅不卡顿，性能很好，推荐大家购买。,0,否,5,16G,1T,UNK
2178,汇联电讯,2026-01-25,超能电竞Y7000P RTX5060/i9-14900HX/16G 1T,性价比还可以，外观比较大气，联想拯救者系列值得信赖,0,该店铺购买≥10次,5,16G,1T,UNK
2179,j***h,2026-01-25,超能电竞R7000P RTX5060/R9 8940HX/16G 1T,包装保护：简洁大气外形外观：战斗力十足。画面品质：做工精细。屏幕素质好运行速度：全大核cpu，日常办公，快的飞起游戏效果：主要日常办公用，不过配置很高。相信游戏体验也很好。好久没买过新电脑了，在网上做了不少功课，最终选择了拯救者，大品牌值得信赖，产品力也很强。,0,该店铺购买≥2次,5,16G,1T,UNK
2180,2***4,2026-01-25,超能电竞Y7000P RTX5070/i9-14900HX/16G 1T,联想这款电脑外观简洁，机身颜值高，屏幕清晰，键盘后灵敏，运行速度快，性能配置不错，大学期间学习，日常和游戏等够用，价格加上国补划算。,0,否,5,16G,1T,UNK
2181,jd_139228rlxw,2026-01-25,超能电竞Y7000P RTX5060/i9-14900HX/16G 1T,这款电脑性能很稳定，散热性能也好，给刚毕业孩子买的，孩子很喜欢，配置也好，刚好国补就提前给孩子个惊喜。快递也很给力，第二天就到了。,0,否,5,16G,1T,UNK
2182,小狐同学,2026-01-25,超能电竞Y7000P RTX5070/i9-14900HX/16G 1T,已自己验机，新机器电源都非常新，特等奖。打三角洲非常流畅，感觉自己能单三，我真牛逼,0,该店铺购买≥2次,5,16G,1T,UNK
2183,jd_139967nxn,2026-01-25,超能电竞Y7000P RTX5060/i9-14900HX/16G 1T,今天收到电脑，打开后查看实物与购买的一致，包装完整，请师傅看了，是原装正品。,0,否,5,16G,1T,UNK
2184,jd_fSBiHUpFjEJZ,2026-01-25,超能电竞Y7000P RTX5060/i7-14650HX/16G 1T,电脑收到了，还没有试，试过后再评价真实感受！说是有个无线呢！我还没有收到！,0,否,5,16G,1T,UNK
2185,doki_k,2026-01-25,超能电竞Y7000P RTX5060/i7-14650HX/16G 1T,质感很好，打永杰也很流畅，而且画质也可以，目前没啥问题，风扇声音也不大，但是风量很大很。,0,否,5,16G,1T,UNK
2186,6q9lfe3oe3bvc4,2026-01-25,超能电竞R7000P RTX5060/R9 8940HX/16G 1T,这款电脑搭载 AMD 锐龙 9 8940HX 处理器，16 核心 32 线程，单核 MAX 主频可达 5.3GHz，性能释放激进。优质屏幕：15.6 英寸 2.5K 分辨率 IPS 屏幕，支持 240Hz 超高刷新率和 3ms 响应时间，色彩精准。高效散热，采用霜刃 Pro 散热系统 4.0，五热管 + 双风扇设计，高负载下核心温度稳定。良好设计，机身采用经典的 “碳晶黑” 配色，全金属材质，线条硬朗简洁。,0,否,5,16G,1T,UNK
2187,追求者追求者,2026-01-25,超能电竞R7000P RTX5060/R9 8940HX/16G 1T,质感好，处理器强大，而且物流速度很快，按照验机流程走了一遍，完全没有问题，放心购买。,0,否,5,16G,1T,UNK
2188,jd_0z61yfvg07qrfh,2026-01-25,超能电竞Y7000P RTX5060/i7-14650HX/16G 1T,电脑收到啦，颜值超预期，黑色机身质感绝了！开机速度飞快，几秒就搞定，日常办公、追剧完全不卡顿。屏幕色彩很舒服，久看也不累眼。键盘手感轻盈，打字很流畅。续航也够用，充满电办公大半天没问题。客服态度超好，有问必答，物流也快。性价比很高运行速度：快外形外观：很酷,0,否,5,16G,1T,UNK
2189,筱强超爱笑,2026-01-25,超能电竞R7000P RTX5060/R9 8940HX/16G 1T,暂时还没有完刚给游戏下好，电脑非常好,0,否,5,16G,1T,UNK
2190,jd_0j6jv945a4c8au,2026-01-25,超能电竞Y7000P RTX5070/i9-14900HX/16G 1T,全新笔记本 快递小哥方面拆 配置够用 趁国补入手 京东自营靠得住,0,否,5,16G,1T,UNK
2191,j***8,2026-01-25,超能电竞Y7000P RTX5060/i7-14650HX/16G 1T,我没有用不知道怎么样，给孩子买的说可以,0,否,5,16G,1T,UNK
2192,jd_v59ca8f4e6uqm1,2026-01-25,超能电竞Y7000P RTX5060/i7-14650HX/16G 1T,用了六年的拯救者20款y7000终于换成了2025款y7000p，之前一直想换电脑，在魔霸新锐和y7000p之间徘徊了许久，最终选择了y7000p，y7000p性能强悍，屏幕素质比魔霸新锐的好，接口很多，和我之前的y7000相比就是网线接口没有以前的那种好，也算是一种小小遗憾，摄像头的开关也由原来的物理开关变成了侧边电控开关，还有就是这个笔记本的外壳太容易黏指纹了，最后购买后的小伙伴千万要记得领取电脑自带的正版office哦～,0,否,5,16G,1T,UNK
2193,jd_7647xj8cqe28s6,2026-01-25,超能电竞Y7000P RTX5070/i9-14900HX/16G 1T,很好很不错，外观锋利的下颌，流畅的系统，运行速度很快，办公起来很爽,0,否,5,16G,1T,UNK
2194,x***C,2026-01-25,超能电竞Y7000P RTX5060/i7-14650HX/16G 1T,1.?拯救者Y7000P性能拉满，2.5K高刷屏超丝滑，散热给力游戏办公两不误，金属机身质感超赞，满血显卡+强芯，高色域屏观感佳，性价比直接拉满！,0,否,5,16G,1T,UNK
2195,5b25y0yx7d1u2z,2026-01-25,超能电竞Y7000P RTX5060/i9-14900HX/16G 1T,这款笔记本性能强劲，游戏运行流畅，键盘手感出色，散热表现优秀。外观设计简约大气，细节做工精致，整体体验非常满意！！,0,否,5,16G,1T,UNK
2196,j***j,2026-01-25,超能电竞Y7000P RTX5060/i9-14900HX/16G 1T,运行速度很快，灯光效果很棒，图形处理很强，外接方便！值得推荐！,0,该店铺购买≥2次,5,16G,1T,UNK
2197,很会咬耳朵,2026-01-25,超能电竞Y7000P RTX5060/i7-14650HX/16G 1T,可以，质感很强！游戏无压力,0,否,5,16G,1T,UNK
2198,u3orak590qny1f,2026-01-25,超能电竞Y7000P RTX5060/i7-14650HX/16G 1T,收到货了 可以的 虽然开电脑跟开盲盒一样 如果网卡不太好的话就换一个 还没开始用 过几天再看看 先给个好评 也算安全下车了,0,否,5,16G,1T,UNK
2199,_Black__,2026-01-25,超能电竞Y7000P RTX5060/i7-14650HX/16G 1T,发货速度快，包装完整，东西还不错，先用着看看。,0,否,5,16G,1T,UNK
2200,j***c,2026-01-25,超能电竞Y7000P RTX5060/i7-14650HX/16G 1T,联想拯救者性能拉满，散热优秀，屏显出色，游戏办公创作全适配，拯救者性能强悍，散热佳，屏显好，全能实用,0,否,5,16G,1T,UNK
2201,太***春,2026-01-25,超能电竞Y7000P RTX5060/i7-14650HX/16G 1T,服务一如既往地好，客服耐心专业，物流也快，每次买东西都很省心，会继续回购！很好用的一款产品，！！！！！！！！！一如既往！！！,0,否,5,16G,1T,UNK
2202,-***0,2026-01-25,超能电竞Y7000P RTX5060/i9-14900HX/16G 1T,上午下单下午到货，配送速度没得说。正好想买台电脑，领取了国补选好机型果断下单，笔记本性能强劲，运行流畅，办公游戏两不误。屏幕显示清晰，外观也好看，非常满意。,0,该店铺购买≥2次,5,16G,1T,UNK
2203,jd_pYZZvckQZqpj,2026-01-25,超能电竞R7000P RTX5060/R9 8940HX/16G 1T,很理想的一次购买，电脑品质也很好，包装很严实，快递送货效率也非常快，值得推荐。,0,否,5,16G,1T,UNK
2204,心***6,2026-01-25,超能电竞Y7000P RTX5060/i7-14650HX/16G 1T,非常满意，比实体店实惠，物流超快，家人很满意。,0,否,5,16G,1T,UNK
2205,jd152752gmo,2026-01-25,超能电竞Y7000P RTX5060/i7-14650HX/16G 1T,心心念念的联想拯救者终于到货啦，安全下车，运行非常流程，游戏体验效果拉满。,0,否,5,16G,1T,UNK
2206,56yt54ftsd8z9j,2026-01-25,超能电竞Y7000P RTX5060/i7-14650HX/16G 1T,物流很快，当天就送达了，外观惊艳，开机速度挺快，噪音挺小的,0,该店铺购买≥2次,5,16G,1T,UNK
2207,图润信息,2026-01-25,超能电竞Y7000P RTX5070/i9-14900HX/16G 1T,这款商品给我超棒体验，外观精致颜值高，质量扎实很耐用，用起来顺畅又便捷。性价比极高，真心不错，强烈推荐给大家。,0,该店铺购买≥2次,5,16G,1T,UNK
2208,k71e5r82py7kjz,2026-01-25,超能电竞Y7000P RTX5060/i9-14900HX/16G 1T,硬盘长江存储，鼠标右键刷新延迟，这是什么情况？,0,该店铺购买≥2次,5,16G,1T,UNK
2209,82zawar06zsxz7,2026-01-25,超能电竞Y7000P RTX5060/i7-14650HX/16G 1T,刚入手联想拯救者Y7000P，i7-14650HX+RTX5060的组合真的太顶了！玩《黑神话：悟空》全高画质跑满，2.5K 240Hz的屏幕色彩准、响应快，团战丝毫不拖影。散热表现也远超预期，16G+1T的存储平时剪视频、多开办公软件也完全够用，趁着补贴入手性价比直接拉满，游戏党和生产力用户闭眼冲就对了！,0,该店铺购买≥2次,5,16G,1T,UNK
2210,小小泽很帅,2026-01-25,超能电竞Y7000P RTX5060/i7-14650HX/16G 1T,电脑没问题，验机过了是新机，各方面都很流畅，舒服了,0,该店铺购买≥2次,5,16G,1T,UNK
2211,9999酱,2026-01-24,超能电竞R7000P RTX5060/R9 8940HX/16G 1T,纯新,0,否,5,16G,1T,UNK
2212,-***呀,2025-12-16,超能电竞Y7000P RTX5060/i7-14650HX/16G 1T,本来想着抢国补买，但是实在抢不到，看到有政府补贴直接就下单了，到货很快，包装完好，打开之后质感跟用料都很好，激活过程遇到问题客服也很快解决了，测试之后整体散热功能也很好，值得推荐。,0,否,5,16G,1T,UNK
2213,j***1,2026-01-25,超能电竞Y7000P RTX5060/i7-14650HX/16G 1T,联想拯救者Y7000P是联想旗下经典的16英寸游戏本，以强劲性能、优秀散热和高刷屏著称，是万元级游戏本的标杆产品。核心配置- 处理器：最新款搭载Ultra 7 255HX或i7-14650HX/i9-14900HX，20核28线程设计，睿频可达5.5GHz。- 显卡：RTX 5060/5070独显，支持DLSS 4技术，115W满功耗释放。- 屏幕：16英寸2560×1600分辨率，240Hz高刷新率，500尼特亮度。- 内存存储：16GB DDR5 6400MHz,0,该店铺购买≥2次,5,16G,1T,UNK
2214,j***l,2025-12-24,超能电竞R7000P RTX5060/R9 8940HX/16G 1T,玩游戏很流畅，灯光效果炫酷，外观很高级，接口丰富，散热器很强，低功耗。,0,否,5,16G,1T,UNK
2215,jd_dxCTUEBSCOcJ,2026-01-05,超能电竞Y7000P RTX5060/i9-14900HX/16G 1T,"外观漂亮,灯光效果酷，硬盘，内存好升，散热效果好，快递很快收到。",0,否,5,16G,1T,UNK
2216,j***h,2025-06-15,超能电竞R7000P RTX5060/R9 8945HX/16G 1T,包装保护：京东快递没的说外形外观：大气画面品质：清晰度好运行速度：挺好的游戏效果：杠杠的,0,否,5,16G,1T,UNK
2217,jd_184643kst,2026-01-19,超能电竞Y7000P RTX5060/i9-14900HX/16G 1T,期盼已久的笔记本已收到，外观整洁，运行不错。,0,否,5,16G,1T,UNK
2218,i7wioz3mun9pbi,2026-01-15,超能电竞Y7000P RTX5060/i9-14900HX/16G 1T,大学的时候说不打游戏，买了轻薄本，结果染上了端游，一直想着自己赚钱买一台游戏本，现在工作了第一个月的工资给自己买了一台游戏本。现在虽然很忙，但是闲暇时间打开电脑光看着屏幕就很开心满足。包装保护：赞赞赞外形外观：赞赞赞画面品质：支持支持支持跑分评测：没跑过运行速度：赞赞赞游戏效果：赞赞赞,0,否,5,16G,1T,UNK
2219,jd_j960hk31mgcklp,2026-01-23,超能电竞Y7000P RTX5070/i9-14900HX/16G 1T,颜值很好看，打游戏也很流畅包装保护：也很好,0,该店铺购买≥2次,5,16G,1T,UNK
2220,石头靠谱,2026-01-21,超能电竞R7000P RTX5060/R9 8940HX/16G 1T,超出预期的生产力伙伴！既能高效工作，又能畅快游戏，一举两得。· 性能多面手：编译、渲染速度飞快，多任务处理游刃有余，彻底告别卡顿。· 屏幕素质高：色彩准确，对设计修图等轻度创作非常友好，眼睛看着也舒服。· 续航与便携平衡：续航在游戏本里算不错的，支持PD快充，偶尔外出办公也能应付。· 稳定可靠：散热系统保证了长时间高负载工作的稳定性，作为生产工具让人非常放心。这是一台能让我安心工作、也能随时投入战斗的完美伙伴，投资回报率极高！”,0,该店铺购买≥2次,5,16G,1T,UNK
2221,jd_590mtxuekmuqh8,2025-12-28,超能电竞Y7000P RTX5070/i9-14900HX/16G 1T,联想拯救者Y7000P是一款备受好评的高性能电竞游戏本，以下是一些常见的好评点：? 性能强劲：搭载高性能处理器和显卡，如i7-13700H处理器搭配RTX 4060满血显卡，能让电竞网游帧数拉满，运行《吃鸡》《LOL》等游戏稳定200帧以上，处理3A大作和剪辑渲染等任务也毫无压力。? 屏幕素质高：配备2.5K高刷屏，刷新率可达165Hz甚至240Hz，色域覆盖达100% sRGB或100% DCI-P3，游戏画面顺滑，色彩鲜艳，无论是游戏、观影还是修图都有出色的视觉体验。,0,否,5,16G,1T,UNK
2222,jd_198ryd5w7j4kcn,2026-01-19,超能电竞Y7000P RTX5060/i7-14650HX/16G 1T,非常好，包装完好，速度也很快！,0,否,5,16G,1T,UNK
2223,有YOU就好,2025-12-23,超能电竞R7000P RTX5060/R9 8940HX/16G 1T,拯救者R7000P 2025款是软件开发与游戏双修的利器。锐龙9 8945HX处理器16核32线程带来编译代码如飞，VS Code多开插件+虚拟机调试无压力。RTX5060显卡能玩大部分3A游戏0%。2.5K 240Hz电竞屏在写代码时能分屏显示IDE+浏览器+文档，P3广色域让UI设计色彩精准。双M.2插槽支持组RAID 0，Unity项目加载快人一步，堪称程序员的高性能工作站兼游戏装备。,0,否,5,16G,1T,UNK
2224,gHdHllYlLlAz,2025-12-19,超能电竞Y7000P RTX5070/i9-14900HX/16G 1T,电脑收到了，配送速度很快，外观没有什么问题，很满意！,0,否,4,16G,1T,UNK
2225,jd_r6vi39xu8we1hl,2026-01-18,超能电竞Y7000P RTX5060/i9-14900HX/16G 1T,此用户未填写评价内容,0,否,5,16G,1T,UNK
2226,j***c,2025-12-20,超能电竞Y7000P RTX5060/i7-14650HX/16G 1T,联想电脑就是让人放心。。,0,该店铺购买≥2次,5,16G,1T,UNK
2227,jd_af774awa62w1i1,2025-12-20,超能电竞R7000P RTX5060/R9 8945HX/16G 1T,此用户未填写评价内容,0,该店铺购买≥2次,5,16G,1T,UNK
2228,jd_iweu31zx207ix2,2026-01-22,超能电竞R7000P RTX5060/R9 8940HX/16G 1T,联想拯救者R7000P太香了！锐龙9+RTX5060性能拉满，3A大作流畅运行，乾坤散热控温超稳。2.5K 240Hz高刷屏色彩惊艳，键盘手感超棒，影音游戏都出彩。国补后性价比拉满，一线品控售后靠谱，游戏党和创作党闭眼入的真香机！,0,否,5,16G,1T,UNK
2229,jd_t5455e2y4brp9c,2026-01-17,超能电竞Y7000P RTX5070/i9-14900HX/16G 1T,爱了爱了…不管游戏还是颜值都非常哇塞。当天下单第二天就收到了非常快，联想拯救者值得信赖。,1,否,5,16G,1T,UNK
2230,j***g,2026-01-03,超能电竞Y7000P RTX5060/i7-14650HX/16G 1T,可以，就是价格些贵了,0,否,4,16G,1T,UNK
2231,掏钱小能手,2026-01-18,超能电竞Y7000P RTX5060/i9-14900HX/16G 1T,兄弟!我最近入手的联想拯救者Y7000P，感觉就像挖到了一座电竞宝藏，必须给你好好唠唠??!我买它的时候，正处在考研冲刺和毕业设计的双重折磨中。一边要应对3D建模的渲染压力，一边还渴望在安静的图书馆里不被电脑噪音打扰。这时候联想拯救者Y7000P就像个及时雨，金属机身冰冰凉凉的，设计也简洁大气，从背包里一拿出来，我就知道它会是我今年最铁的“战友”。性能方面，它简直就是个“性能小钢炮”。听我说，这电脑处理器是酷睿Ultra 7 255HX，有8个,0,该店铺购买≥2次,5,16G,1T,UNK
2232,38度冬天,2026-01-27,超能电竞Y7000P RTX5060/i9-14900HX/16G 1T,联想拯救者 Y7000P 笔记本搭载了英特尔酷睿Ultra 7 255HX或i9-14900HX处理器，以及115W满功耗的RTX 5060显卡。相比上一代RTX 4060，新显卡性能提升约17%，光追性能更是提升了24%???。得益于第二代乾坤散热系统，Y7000P在野兽模式下运行《黑神话：悟空》等3A大作时，噪音可低至41分贝，接近图书馆的安静程度。同时，键盘WASD区域温度能控制在35℃左右，长时间游戏也不会烫手???。在2.5K分辨率高画质下，运行黑神话悟空等大游戏可稳定在60帧以上，开,0,否,5,16G,1T,UNK
2233,jd_6pei2b0q43y9t9,2025-12-24,超能电竞R7000P RTX5060/R9 8940HX/16G 1T,1.国补买的，京东物流很快，小哥服务周到2.8940的性能很好，打游戏一点也不卡3.新换的模具温度和噪音控制很好4.屏幕素质特别高,1,否,5,16G,1T,UNK
2234,j***s,2026-01-08,超能电竞R7000P RTX5060/R9 8940HX/16G 1T,给老公买的，他自己在小红书上搜的攻略，心心念念的笔记本电脑终于到手了，他很喜欢～,0,否,5,16G,1T,UNK
2235,x06s731tofo496,2026-01-16,超能电竞R7000P RTX5060/R9 8940HX/16G 1T,键盘灯光很漂亮，还可以自己调，性能释放也很不错，处理器和显卡双烤也没出现任何问题，玩黑神话全高画质稳定在80多帧  ，买来玩英雄联盟的，全高画质240帧拉满，新手小白也可以无脑入性能释放很棒,0,否,5,16G,1T,UNK
2236,j***c,2026-01-19,超能电竞R7000P RTX5060/R9 8940HX/16G 1T,"前天下的单，隔天就到了，快递包装非常完好，验完及时性的，非常满意，240高刷感觉玩游戏应该是会很爽的,中欧颜值感觉还是很不错的，购物体验极佳，买拯救者主要是看他的评价也是很不错的，售后放心吧。",0,否,5,16G,1T,UNK
2237,j***3,2026-01-17,超能电竞R7000P RTX5060/R9 8940HX/16G 1T,拯救者R7000P真的是7k档六边形战士！锐龙9+RTX5060满血释放，3A大作2.5K画质稳跑60+帧，开DLSS4直接拉满电竞帧率；2.5K 240Hz P3广色域屏太顶了，游戏丝滑、修图也精准，雾面屏还不反光。霜刃散热很能打，高负载键盘也不烫手，噪音控制到位。全尺寸键盘+数字小键盘，游戏办公都顺手，接口齐全不用拓展坞。唯一小缺点是裸机2.36kg不算轻、易沾指纹，一线品控+全国联保，学生党/主流玩家闭眼入不踩雷！,0,否,5,16G,1T,UNK
2238,1c1502vg8v3q45,2026-01-23,超能电竞Y7000P RTX5060/i9-14900HX/16G 1T,包装保护：好外形外观：好看画面品质：好用跑分评测：真是快运行速度：快游戏效果：好,0,否,5,16G,1T,UNK
2239,董皓羽,2026-01-22,超能电竞Y7000P RTX5060/i9-14900HX/16G 1T,电脑很好心心念念很久了，关键看重的是京东自营，货真价实，服务到位,0,该店铺购买≥2次,5,16G,1T,UNK
2240,j***s,2026-01-11,超能电竞R7000P RTX5060/R9 8940HX/16G 1T,拯救者R7000p整体表现不错，性能与实用性兼顾，接口够用，适合办公和日常娱乐，但高负载时机身发热较明显，建议搭配散热支架使用。,0,否,5,16G,1T,UNK
2241,摸鱼大豆腐,2026-01-10,超能电竞R7000P RTX5060/R9 8940HX/16G 1T,外型非常好看，完全戳中我的审美！A面指纹收集器是真的，重量上其实不太重也是真的，放进新买的新秀丽背包背着没啥感觉！不得不说今年这个7000p系列的新模具散热和释放都很强悍，完全压得住温度，我没有垫高的情况下用超能模式双烤，整机195w-200w，cpu80°左右，gpu75°左右，可能也是因为冬天室温（14°）不高的缘故。,0,该店铺购买≥2次,5,16G,1T,UNK
2242,j***b,2026-01-12,超能电竞Y7000P RTX5060/i9-14900HX/16G 1T,显卡配置高，显示屏清晰，用着流畅物流也很快，整体不错,0,该店铺购买≥2次,5,16G,1T,UNK
2243,桦***喜,2026-01-06,超能电竞Y7000P RTX5060/i9-14900HX/16G 1T,全新已验机，屏幕没坏点，也没漏光。11月初生产的,0,该店铺购买≥2次,5,16G,1T,UNK
2244,姑苏听雨巴山池,2025-12-25,超能电竞R7000P RTX5060/R9 8940HX/16G 1T,画面品质：屏幕色彩表现非常完美，240Hz高刷极度丝滑游戏效果：合理设置之后，开光追的2077也能稳定60帧左右毫无压力外观设计非常硬朗沉稳，哑光金属材质也很有质感趁着国补末班车下单，爱惨了，外观内敛，性能优越，简直是笔电里的西装暴徒，而且性价比也很高，好评！,4,该店铺购买≥2次,5,16G,1T,UNK
2245,都来表扬我,2025-12-20,超能电竞R7000P RTX5060/R9 8940HX/16G 1T,一直关注这款产品，价格合适果断拿下。收到很满意，已经验机，使用流畅，做工也不错。虽然是入门的p，但是就是喜欢这个可以接近180度的翻折，正合我意。,0,该店铺购买≥2次,5,16G,1T,UNK
2246,u_4crwxqhoci6b,2026-01-26,超能电竞Y7000P RTX5070/i9-14900HX/16G 1T,京东自营入手的联想Y7000P真的太满意了！机身质感超棒，做工扎实精细，配置完全够用，运行游戏流畅不卡顿，日常办公更是轻松驾驭，散热效果也很出色，长时间使用也很稳定。京东自营发货速度特别快，物流给力，售后还有保障，服务贴心周到，性价比直接拉满，这次购物体验超棒，真心推荐给大家！,0,否,5,16G,1T,UNK
2247,C7H5N3O6,2026-01-19,超能电竞R7000P RTX5060/R9 8940HX/16G 1T,外形外观：A面铝皮面盖，B、C面塑料，D盖铝皮底盖，整体做工还行。不过TP触控板左侧的gap比右边大一些，还算是在能接受的范围，好在触控和按压手感还行。运行速度：开机15秒左右，中规中矩的水平，应该是换上自家固态的原因，总体能接受。均衡模式下风扇待机状态有点激进，爱起飞。游戏效果：性能调试这块没问题，很激进，性能释放很完美。,0,该店铺购买≥2次,5,16G,1T,UNK
2248,j***f,2025-12-25,超能电竞R7000P RTX5060/R9 8940HX/16G 1T,这款笔记本真的超出预期，用起来太顺手了，做深度的使用测试，该笔记本在流畅度和稳定性，稳定性上表现优异，电池续航给力反应速度超快。,0,否,5,16G,1T,UNK
2249,小***油,2025-11-09,超能电竞R7000P RTX5060/R9 8940HX/16G 1T,此用户未填写评价内容,0,该店铺购买≥2次,5,16G,1T,UNK
2250,jd_30kobe5s7au6ja,2026-01-04,超能电竞R7000P RTX5060/R9 8940HX/16G 1T,第一次笔记本！送货速度超快！包装保护到位，开机速度超快！特别直播小姐姐讲解到位！,0,否,5,16G,1T,UNK
2251,扣***给,2026-01-06,超能电竞R7000P RTX5060/R9 8940HX/16G 1T,终于到手开箱联想拯救者Y7000P，第一印象是外观低调但质感不错，A面金属材质搭配简约LOGO，商务风与电竞感结合得很好。16英寸2.5K 165Hz屏幕显示细腻，色彩鲜艳，色准优秀，无论是游戏还是修图都很舒服。  i7-13700H + RTX5060的组合足够强悍，实测《赛博朋克2077》2K画质下开启DLSS能稳定80帧以上，散热表现优秀，双烤时风扇噪音控制得不错，键盘区域不会过热。机身稍重（约2.4kg），亮度350尼特在强光下稍显不足。但综合来看，Y7000P在同价位游戏本中性价比很高,0,该店铺购买≥2次,5,16G,1T,UNK
2252,rkk5vnu8zax9c4,2026-01-21,超能电竞R7000P RTX5060/R9 8940HX/16G 1T,送货迅速，开机快，屏幕清晰，声音也不大喜欢很久了，看了很入手一台，真的很不错。屏幕分辦率高，清晰度超高，玩3 A游戏不卡顿，图形处理能力强，风扇噪音控制得当，散热好性价比高。,0,否,5,16G,1T,UNK
2253,j***h,2026-01-25,超能电竞R7000P RTX5060/R9 8940HX/16G 1T,包装保护：简洁大气外形外观：战斗力十足。画面品质：做工精细。屏幕素质好运行速度：全大核cpu，日常办公，快的飞起游戏效果：主要日常办公用，不过配置很高。相信游戏体验也很好。好久没买过新电脑了，在网上做了不少功课，最终选择了拯救者，大品牌值得信赖，产品力也很强。,0,该店铺购买≥2次,5,16G,1T,UNK
2254,j***j,2026-01-07,超能电竞R7000P RTX5060/R9 8940HX/16G 1T,心心念念的新笔记本终于到了！物流速度快，太认可了，且包装精美保护到位，开箱就被颜值惊艳，质感一流。键盘质感也不错，配置比我旧电脑强太多了。完全满足我现在的需求。这次购物非常满意！,0,否,5,16G,1T,UNK
2255,没有经费的间谍,2026-01-01,超能电竞R7000P RTX5060/R9 8940HX/16G 1T,1. 这电脑运行超流畅，性能强劲散热佳，外观简约，爱了??2. 电脑颜值高，配置给力，响应速度快，办公娱乐一把好手??3. 入手的电脑太香啦，续航久，屏幕清晰，性价比超高??4. 这电脑品质超棒，操作丝滑，售后贴心，值得拥有??5. 电脑性能卓越，轻薄便携，使用感超棒，必须五星好评??,0,否,5,16G,1T,UNK
2256,二大二小,2026-01-09,超能电竞Y7000P RTX5060/i7-14650HX/16G 1T,家里的电脑很旧了，一直想换，盯这型号很久了，相较同型号里的i9和5070，这款性价比最高，从去年10月开始一直关注，可惜价格一直在8000以上，去年内存价格疯涨，以为不会有更低价了，都准备放弃添置了，7号无意中抢到国补，果断入手。今天有空才开机，静音效果真不错，颜值也在线，等周末有空了优化完win11后再试试游戏！,0,否,5,16G,1T,UNK
2257,南扣being,2026-01-03,超能电竞Y7000P RTX5060/i7-14650HX/16G 1T,心心念念终于入手拯救者Y7000P，拆开包装的那一刻真的满心欢喜又觉得特别值得。沉甸甸的机身是踏实的质感，开机的瞬间，屏幕的色彩和流畅度直接惊艳，键盘的手感、散热的静音效果都远超预期。从做功课、对比挑选，到下定决心入手，一路都盼着能有一台趁手的本命本，不管是日常学习办公，还是沉浸式打游戏、做设计剪视频，它都稳稳扛住，性能在线不卡顿，细节处全是用心的打磨。质感、配置、品控都拉满，没有辜负期待，更没有辜负自己的这份心意。这台拯救者，是热爱，是陪伴，更是奔赴热爱的底气? 真心推荐，闭眼冲不亏！,0,否,5,16G,1T,UNK
2258,jd_54y39kgb7gw7d1,2026-01-24,超能电竞R7000P RTX5060/R9 8940HX/16G 1T,联想拯救者R7000p笔记本电脑 实物与描述的一样，质量相当好，卖家态度也好，有问必答，发货速度杠杠的，值得购买哦外观设计漂亮，尺寸大小合适，包装仔细完整，宝贝手感不错，感觉很好，发货速度快，服务态度一流，给力！5星好评！感觉挺好的，有图有真相。 收起,0,否,5,16G,1T,UNK
2259,jd_GnyThSNGYfHJ,2025-12-26,超能电竞R7000P RTX5060/R9 8940HX/16G 1T,包装有点破就是不知道怎么的我用耳机连上电脑会外放？为啥呀终于可以玩方舟了??,0,该店铺购买≥2次,5,16G,1T,UNK
2260,宁***春,2026-01-11,超能电竞R7000P RTX5060/R9 8940HX/16G 1T,深圳国补优惠15%入的，到手玩了两天还不错 配个支架后面再配个键盘啥的吧 先用着看看 配上投影仪周末不想出门了,0,该店铺购买≥2次,5,16G,1T,UNK
2261,秋以为期待君归,2026-01-22,超能电竞R7000P RTX5060/R9 8940HX/16G 1T,这一款联想拯救者性价比非常的高，已经验完机了，确定是新机并非二手机或者摸摸机，整机性能也非常不错，烤鸡效果性能释放都挺好。在有锅补的情况下，非常推荐入手，毕竟今年往后内存条涨价，可能价格降不下来，推荐现在入手，安全下车,0,该店铺购买≥2次,5,16G,1T,UNK
2262,P***X,2026-01-03,超能电竞R7000P RTX5060/R9 8940HX/16G 1T,小孩心心念念的拯救者笔记本电脑终于安排上了，他非常喜欢非常开心。实测了是全新的。操作起来非常丝滑，非常奈斯！给他高兴坏了！孩子开心大人也开心！内存大，外形酷，很棒！物流很快。客服的服务态度非常非常好！很有耐心的解决各种问题。很棒的一次购物体验！,0,该店铺购买≥2次,5,16G,1T,UNK
2263,好名字丶丶,2025-12-31,超能电竞Y7000P RTX5060/i9-14900HX/16G 1T,纠结好久终于入手拯救者Y7000P i9款，实测半个月彻底被圈粉，游戏党和生产力用户闭眼冲不亏！首先必须吹爆这颗i9-14900HX处理器，16核24线程+最高5.8GHz睿频，性能真的顶到飞起！平时做设计多开Pr、Ae和CAD，切换起来行云流水毫无卡顿，3D建模渲染速度比之前的旧电脑快了近一半；周末和舍友开黑《CS2》《赛博朋克2077》，开2.5K高画质+DLSS 3.5，帧率稳定在120+，屏幕240Hz刷新率搭配3ms响应，没有丝毫拖影，团战瞄准精准跟手，体验直接拉满。散热和,0,该店铺购买≥2次,5,16G,1T,UNK
2264,我不买了行了吗,2026-01-09,超能电竞R7000P RTX5060/R9 8940HX/16G 1T,运行流畅，屏幕很大，使用体验感很好，美中不足就是没有什么赠品，电脑包鼠标键盘都没有，希望能加上,0,否,5,16G,1T,UNK
2265,Moiraz5,2025-12-21,超能电竞R7000P RTX5060/R9 8940HX/16G 1T,联想拯救者R7000P 2025款（锐龙9 8940HX + RTX5060）性能强劲，搭载16核锐龙处理器与满功耗RTX5060显卡，运行3A大作流畅稳定。散热架构出色，双烤下温度控制优秀，噪音可控。2.5K 240Hz高刷屏色彩艳丽，游戏体验沉浸。整体性价比高，日常与重载皆优秀，强烈推荐！,0,否,5,16G,1T,UNK
2266,jd_3l6470zo2duf78,2026-01-19,超能电竞R7000P RTX5060/R9 8940HX/16G 1T,运转丝滑流畅 验机报告正常，没有被激活过，是全新机，可以可以，师傅直接送货上门，已经推荐给舍友了,0,否,5,16G,1T,UNK
2267,g***f,2026-01-27,超能电竞Y7000P RTX5060/i9-14900HX/16G 1T,该服务非常出色，响应迅速，质量上乘，性价比高，强烈推荐！50游戏本评价这款50游戏本在市场上的表现相当出色。首先，它搭载了高性能的处理器和独立显卡，能够轻松应对各种大型游戏的需求，让玩家享受流畅无阻的游戏体验。此外，这款笔记本的显示屏拥有高刷新率，使得画面流畅度和响应速度都达到了极致，为玩家提供了沉浸式的游戏体验。在设计方面，50游戏本采用了轻薄便携的设计理念，即便是在高性能的配置下，依然保持了轻盈的机身，非常适合经常需要移动的游戏玩家。同时，它的散热系统也非常出色，即便长时间运行大型游戏,0,否,5,16G,1T,UNK
2268,jd_25z273vltk5715,2026-01-25,超能电竞R7000P RTX5060/R9 8940HX/16G 1T,快递很快，安全下车，外观没有损坏，运行流畅.机身颜值很高，屏幕清晰度惊艳，处理器速度飞快，多任务不卡顿，运行流畅，几乎听不懂风扇声音，长时间用不烫手；接口丰富，满足日常办公和娱乐要求，非常棒，强烈推荐!,0,否,5,16G,1T,UNK
2269,OaipG,2025-12-20,超能电竞Y7000P RTX5070/i9-14900HX/16G 1T,包装很严实，拆开没有丝毫问题，物流速度也是超级快的，早上下单，下午就收到了，超级无敌赞，电脑也是巨好的，联想拯救者系列，品质没话说，顶尖笔记本，屏幕观感和键盘的手感都是巨好的，值得推荐买来体验一下！,0,否,5,16G,1T,UNK
2270,y***1,2026-01-24,超能电竞R7000P RTX5060/R9 8940HX/16G 1T,外观设计戳中审美，碳晶黑金属机身质感十足，A面经典大Y灯效低调不浮夸，商务办公和电竞场景切换毫无违和感。2.3kg的重量搭配不到23mm的厚度，日常通勤放进背包毫无压力，打破了游戏本笨重难携的刻板印象。接口配置超全面，RJ45千兆网口、HDMI2.1、双C口双A口再加SD读卡器，外接显示器、传输数据都不用额外转接，实用性拉满。,0,否,5,16G,1T,UNK
2271,jd_z74cp0n9f6lfo0,2025-12-30,超能电竞R7000P RTX5060/R9 8940HX/16G 1T,喜欢这个本很久了，终于收到心仪已久的电脑了，试用了一天忍不住来夸一夸！机乌轻薄颜值高，屏幕清晰度真离中面很惊艳，色彩饱和看着特别舒服。处理器速度飞快，多任务切换完全不卡顿，打游戏、剪视频都流畅到飞起～键盘手感也超棒，散热效果很好，不是很烫，用了几个小时都没什么噪音，很棒。,0,否,5,16G,1T,UNK
2272,风舞耀阳,2025-12-31,超能电竞R7000P RTX5060/R9 8940HX/16G 1T,商品手感质量很好，键盘回弹有力，码字好帮手。屏幕分辨率达到了很棒的视觉效果，完美呈现了显示效果，办公软件运行流畅，良好的生产设备。,0,否,5,16G,1T,UNK
2273,jd_639b0hsbc6s0o2,2025-12-17,超能电竞R7000P RTX5060/R9 8940HX/16G 1T,这款电脑真的超出预期！到手开箱就被扎实的做工惊艳到，机身质感完全不输同价位竞品。实测玩《永劫无间》开高画质稳定80帧以上，散热表现也很给力，连续激战两小时机身只是温热。日常办公多开十几个网页+PS也丝毫不卡，接口丰富度也很够用，性价比直接拉满，闭眼入不亏！,0,该店铺购买≥2次,5,16G,1T,UNK
2274,中***万,2026-01-24,超能电竞R7000P RTX5060/R9 8940HX/16G 1T,电脑已收到 包装完好 运行游戏流畅 声音安静 很满意,0,否,5,16G,1T,UNK
2275,jd_189822zfi,2026-01-26,超能电竞R7000P RTX5060/R9 8940HX/16G 1T,现场拆包验机，外形简约好看，画面品质高，运行速度快，加上国补优惠真香~,0,该店铺购买≥2次,5,16G,1T,UNK
2276,jd_ud5v4enue0x67y,2026-01-01,超能电竞R7000P RTX5060/R9 8940HX/16G 1T,电脑当天下单当天就送到了，正好赶上国补，收到后立马就激活了，目前感觉用的非常好。,0,否,5,16G,1T,UNK
2277,里辰浪,2026-01-04,超能电竞R7000P RTX5060/R9 8940HX/16G 1T,1. 运行流畅不卡顿，屏幕色彩正，续航给力，轻薄便携，办公娱乐两不误，太值了！2. 颜值与实力并存，性能稳定散热好，接口齐全，操作丝滑，日常使用超省心！3. 开机秒速响应，键盘手感舒适，画质清晰，携带方便，性价比直接拉满！4. 配置扎实，多任务处理无压力，屏幕护眼，续航持久，办公党闭眼入！,0,否,5,16G,1T,UNK
2278,z是霸道做饭的小鸭子,2026-01-17,超能电竞R7000P RTX5060/R9 8940HX/16G 1T,拯救者R7000P性能拉满！16G内存+1TB SSD够用，上手超惊喜！游戏操作精准跟手，多任务处理不卡顿，接口丰富扩展性强，机身轻薄便携，日常通勤与电竞对战都适配！,0,否,5,16G,1T,UNK
2279,jd_6k96s8t1oi3bd4,2026-01-10,超能电竞R7000P RTX5060/R9 8940HX/16G 1T,购买的这款R7000p的配置是RTX5060R9/8940HX，在经过非常多的测试后确定是一台硬件方面没什么问题的电脑，烤鸡结果也还好，CPU单烤稳定在113w，86℃。游戏运行得非常流畅！,0,否,5,16G,1T,UNK
2280,jd_00ozt366hlfyhr,2026-01-18,超能电竞R7000P RTX5060/R9 8940HX/16G 1T,朋友推荐的，下单之后第二天就送达了，包装精致，配送员当面帮忙开箱服务态度非常好，电脑画质很清晰，运行速度非常快，性能稳定，玩起来非常流畅，刷视频也非常清晰，散热也很顶，总体来说十分满意。,0,该店铺购买≥2次,5,16G,1T,UNK
2281,jd_1v4930n024a6fz,2025-12-30,超能电竞R7000P RTX5060/R9 8940HX/16G 1T,1.?拯救者R7000P性能强、屏显绝，散热稳，办公游戏双能打，性价比拉满！2.?锐龙+高性能显卡加持，2.5K高刷屏丝滑，轻薄便携，闭眼冲不亏！3.?全能无短板的六边形战士，散热噪音控制佳，一线品质售后超安心～,0,该店铺购买≥2次,5,16G,1T,UNK
2282,u***b,2025-12-21,超能电竞R7000P RTX5060/R9 8945HX/16G 1T,第一次用这么好的笔记本，欢这个本很久了，终于收到心仪已久的电脑了，试用了一天忍不住来夸一夸！散热系统做得不错，长时间使用也能保持稳定，音效也让我很满意，听着音乐特别享受。整体体验非常愉快！,1,该店铺购买≥2次,5,16G,1T,UNK
2283,木子羊羽李翔翔,2025-12-16,超能电竞Y7000P RTX5070/i9-14900HX/16G 1T,已经第二次买了，官方的，特别好用，拯救品质没得说，妥妥超一线！！！,0,该店铺购买≥2次,5,16G,1T,UNK
2284,jd_x108bxjlt0cu1v,2025-10-16,超能电竞R7000P RTX5060/R9 8940HX/16G 1T,全新正品，下车哈哈哈哈哈哈哈哈,0,否,5,16G,1T,UNK
2285,玄月青枫,2026-01-26,超能电竞R7000P RTX5060/R9 8940HX/16G 1T,这款拯救者R7000P绝对是“真香”游戏本！锐龙9处理器性能满血释放，搭配RTX 50系显卡，2.5K 240Hz高刷屏玩3A大作画面丝滑。散热系统给力，即使长时间游戏键盘区也只是微热。最关键是一线品牌配上二线价格，性价比太突出了，确实是预算内一步到位的好选择。,0,否,5,16G,1T,UNK
2286,毛哥选手,2025-12-28,超能电竞R7000P RTX5060/R9 8940HX/16G 1T,选了挺久最终入了拯救者R7000P，到手体验明后超出预期!首先是性能真的顶，平时玩《赛博朋克2077》开高画质帧率很稳，剪视频的时候多核处理也特别流畅，完全没卡顿。键盘手感舒服，背光亮度刚好也不刺眼，2.3kg的重量带出门也不算累。最惊喜的是散热，长时间玩游戏风扇噪音控制得不错，温度也没飙太高，拯救者的品控确实没让人失望，这钱花得值~,1,否,5,16G,1T,UNK
2287,陌小聪1234,2026-01-04,超能电竞R7000P RTX5060/R9 8940HX/16G 1T,家人们谁懂啊??这款笔记本真的太香了！键盘背光超酷炫，晚上关灯用氛围感拉满??。用了一段时间，长时间办公追剧也没觉得烫手，散热表现杠杠滴??。外接设备超方便，接口多得像哆啦A梦的口袋，扩展性直接拉满??。而且硬盘升级也简单，手残党自己动手都能轻松搞定，整体体验感直接起飞，必须安利给身边所有人??！,0,否,5,16G,1T,UNK
2288,jd_135585lkhz,2026-01-03,超能电竞R7000P RTX5060/R9 8940HX/16G 1T,包装保护：很好，包装包的很严实，很不错外形外观：好看，外观很好看很喜欢画面品质：不错，画面赫兹很高，很不错跑分评测：可以呀，跑分跑的很快，很高游戏效果：好哒，游戏效果很好,1,该店铺购买≥2次,5,16G,1T,UNK
2289,jd_156162rxf,2026-01-09,超能电竞R7000P RTX5060/R9 8940HX/16G 1T,喜欢这个本很久了，终于收到心仪已久的电脑了，用了几天忍不住来夸一夸!机身轻薄颜值高，屏幕清晰度真的很惊艳。处理器速度飞快，多任务切换完全不卡顿，打游戏、剪视频都流畅到飞起,0,否,5,16G,1T,UNK
2290,u***n,2026-01-27,超能电竞Y7000P RTX5060/i7-14650HX/16G 1T,您好！愿拯救者Y7000P为您带来卓越体验，祝您使用愉快，每一次操作都如丝般顺滑！????愿Y7000P如良师益友，伴您高效前行，每一次触碰都满载愉悦与惊喜！????就是客服态度差，而且我星期五定，星期六说不发货，商家私下打电话叫我退货或者等，我退了又等国补，又等到星期天下单同样的，结果星期一就到了，不是说没货吗？,0,否,5,16G,1T,UNK
2291,柚***鬼,2026-01-10,超能电竞R7000P RTX5060/R9 8940HX/16G 1T,电脑收到啦，颜值超预期，银色机身质感绝了！开机速度飞快，几秒就搞定，日常办公、追剧完全不卡顿。屏幕色彩很舒服，久看也不累眼。键盘手感轻盈，打字很流畅。续航也够用，充满电办公大半天没问题。客服态度超好，有问必答，物流也快。性价比很高，这波入手不亏，推荐给需要的朋友～,0,否,5,16G,1T,UNK
2292,j***n,2025-12-17,超能电竞Y7000P RTX5060/i7-14650HX/16G 1T,联想拯救者Y7000P上手体验：游戏与创作的全能之选作为纠结了许久的游戏与生产力双需求用户，拯救者Y7000P上手后的表现完全超出预期。性能释放堪称激进，我入手的i7-14700HX版本搭配RTX4070显卡，20核心28线程的配置无论是运行《赛博朋克2077》这类3A大作，还是用Premiere Pro剪辑4K视频都游刃有余，开启DLSS 3.5技术后游戏帧率稳定流畅，渲染速度也比旧电脑快了近一倍。屏幕素质更是同价位第一梯队，16英寸2.5K分辨率搭配165Hz高刷，100% sR,0,该店铺购买≥2次,5,16G,1T,UNK
2293,_***e,2026-01-04,超能电竞R7000P RTX5060/R9 8940HX/16G 1T,真的很喜欢，完全超出期望值，发货速度非常快，包装非常仔细、严实，运送速度很快，很满意的一次购物这质量真是太意外了，实物美美哒，触感很好，很推荐哦~,0,该店铺购买≥2次,5,16G,1T,UNK
2294,准***呀,2026-01-07,超能电竞R7000P RTX5060/R9 8940HX/16G 1T,非常非常喜欢，外观很大气，有分量，价格实惠,0,否,5,16G,1T,UNK
2295,jd_180823wpwk,2026-01-03,超能电竞R7000P RTX5060/R9 8940HX/16G 1T,性能强劲体验佳，升级后无短板，游戏创作皆适配,0,否,5,16G,1T,UNK
2296,54hcfbhdz994ff,2026-01-23,超能电竞R7000P RTX5060/R9 8940HX/16G 1T,速度很快，服务态度很好，散热也很快,0,否,5,16G,1T,UNK
2297,jd上弦月,2026-01-03,超能电竞Y7000P RTX5060/i7-14650HX/16G 1T,拯救者，这个名字真好，电脑收到了，真的喜欢，还没开机的，我等一下看一下开机怎样？现在看起来外观也挺喜欢的,0,否,5,16G,1T,UNK
2298,jd_186215dst,2026-01-21,超能电竞Y7000P RTX5070/i9-14900HX/16G 1T,一直关注这个系列，正好国补下单，屏幕显示很棒，颜色做工不错。性能更不错。,0,否,5,16G,1T,UNK
2299,j***r,2026-01-20,超能电竞R7000P RTX5060/R9 8940HX/16G 1T,这款电脑真的让我非常满意！首先，它行能很强大，无论是处理文档还是玩游戏都能轻松应对。其次，它的外观设计非常精美，线条流畅，色彩撘配也很时尚。此外，它还配备非常丰富的接口和快捷键，让我们使用过场中十分方便。总之，我非常推荐这款电脑给需要高性能、高品质的朋友,0,否,5,16G,1T,UNK
2300,书影随侠,2026-01-26,超能电竞R7000P RTX5060/R9 8940HX/16G 1T,看了好久的笔记本，最后选择了这个，性价比很高，这个价位很值。机械革命怕后续出问题，联想虽然溢价，但我还是比较看重售后这一点，后续再买个延保，保修五年,0,否,5,16G,1T,UNK
2301,jd_oeDGkVIrxtjN,2026-01-14,超能电竞R7000P RTX5060/R9 8940HX/16G 1T,是新机器，没毛病，以前旧笔记本处理数据需要2个小时以上，用拯救者处理20分钟我都惊到了，不相信自己眼睛，又处理了一遍还是20分钟，这一刻后悔的就是没有早点下手，害的我熬了好几个晚上，好评好评，大品牌就是好包装保护：没有破损外形外观：大气又时尚运行速度：杠杠的没得说,0,否,5,16G,1T,UNK
2302,jd_801m11h60043cj,2026-01-02,超能电竞R7000P RTX5060/R9 8940HX/16G 1T,喜欢这个本很久了，终于收到心仪已久的电脑了，试用了一天忍不住来夸一夸！机身轻薄颜值高，屏幕清晰度真的很惊艳，色彩饱和看着特别舒服。处理器速度飞快，多任务切换完全不卡顿，打游戏、剪视频都流畅到飞起～键盘手感也超棒，散热效果很好，不是很烫，用了几个小时都没什么噪音，很棒。 收起,0,否,5,16G,1T,UNK
2303,醉惜颜如水,2026-01-16,超能电竞R7000P RTX5060/R9 8940HX/16G 1T,我买的这款r7000p昨天下单，今天就到了，很快 价格也比专卖店低一点，性能目前来说还是不错的，开箱检查了也没什么问题，非常值得入手的一款产品。,0,该店铺购买≥2次,5,16G,1T,UNK
2304,6q9lfe3oe3bvc4,2026-01-25,超能电竞R7000P RTX5060/R9 8940HX/16G 1T,这款电脑搭载 AMD 锐龙 9 8940HX 处理器，16 核心 32 线程，单核 MAX 主频可达 5.3GHz，性能释放激进。优质屏幕：15.6 英寸 2.5K 分辨率 IPS 屏幕，支持 240Hz 超高刷新率和 3ms 响应时间，色彩精准。高效散热，采用霜刃 Pro 散热系统 4.0，五热管 + 双风扇设计，高负载下核心温度稳定。良好设计，机身采用经典的 “碳晶黑” 配色，全金属材质，线条硬朗简洁。,0,否,5,16G,1T,UNK
2305,jd_186908dtz,2026-01-24,超能电竞R7000P RTX5060/R9 8940HX/16G 1T,包装保护：保护完好，运行速度飞快，接口完全够用，手感极佳画面品质：刷新率可以外形外观：厚重，符合我本人的审美跑分评测：这个分数还可以,0,该店铺购买≥2次,5,16G,1T,UNK
2306,jd_gq5a78e80mep79,2026-01-15,超能电竞R7000P RTX5060/R9 8940HX/16G 1T,按照抖音流程输入代码弄了一遍，确实是新机，还没有激活的，保护膜什么的都有，全新的，很丝滑流畅，确实买的很值，这个价位很香。,0,否,5,16G,1T,UNK
2307,柚子zcy,2026-01-14,超能电竞Y7000P RTX5060/i9-14900HX/16G 1T,作为学生党+程序猿+游戏爱好者，纠结了好久终于入手拯救者Y7000P，到手直接惊艳！i9-14900HX处理器+RTX5060显卡，编译代码、跑虚拟机丝滑不卡顿，玩各类游戏都能高画质流畅运行，2.5K 240Hz高刷屏体验感拉满。机身重量控制得不错，背着去图书馆、实验室毫无压力，散热给力，长时间用也不发烫，键盘手感舒服，续航也能撑大半天。包装严实，快递也快，安全下车！这波属实是游戏和生产力双丰收，同价位闭眼冲就完事儿！,0,否,5,16G,1T,UNK
2308,u_b2tscni73p1i,2025-12-17,超能电竞R7000P RTX5060/R9 8940HX/16G 1T,1性能散热双优：19+5070超抗打，单条187万總兩后分，双烤84°C降温快，日常静音，安全下车！2. 配置体验满分：新机（8.19产）验机无瑕疵，音效赞，高负载散热稳、低负载安静，i9+5070太够用3. 闭眼入推荐：197万跑分+84°C双烤温度，散热静音兼顾，音效满意，第二天到货无问题，值！,0,否,5,16G,1T,UNK
2309,u_fag1wwxuaqpe,2025-12-19,超能电竞R7000P RTX5060/R9 8940HX/16G 1T,联想拯救者还是香啊，这个电脑很好，然后开机都测了，都是正品很流畅。 体验感很好。,0,该店铺购买≥2次,5,16G,1T,UNK
2310,阿雅小姐,2025-12-18,超能电竞R7000P RTX5060/R9 8940HX/16G 1T,一直等这个款，，超级喜欢，速度快捷好用，好好好好好好好好好好好好好好好好好好,0,否,5,16G,1T,UNK
2311,u_gc6avkt63wn6,2026-01-24,超能电竞Y7000P RTX5060/i9-14900HX/16G 1T,昨天定，今天到，速度巨快，保证精巧且安全，笔记本比想象要大，屏幕大玩儿着尽兴，电源和电脑的重量重，建议经常携带的人，要买个好点的包，要不携带起来不方便，买这个电脑抢国补的时候，费劲死了，我媳妇我俩抢了好几天才抢到，但是能剩下百分之十五的费用很划算，大件的电器建议京东自营购买，质量好，有保障!,0,否,5,16G,1T,UNK
2312,tl77up841w3e38,2026-01-09,超能电竞R7000P RTX5060/R9 8940HX/16G 1T,联想拯救者收到了运行速度快，质量好，真的很喜欢，完全超出期望值，发货速度非常快，包装非常仔细，运送速度很快，很满意的一次购物，很推荐哦,1,否,5,16G,1T,UNK
2313,j***4,2026-01-04,超能电竞R7000P RTX5060/R9 8940HX/16G 1T,这简直是为游戏玩家量身打造的！一键启动游戏的功能太方便了，手柄适配也非常完美。无论是画面还是操作，都能让我完全沉浸在游戏世界里，太赞了！,0,否,5,16G,1T,UNK
2314,h***z,2026-01-20,超能电竞R7000P RTX5060/R9 8940HX/16G 1T,包装保护：完好无损外形外观：整体比较简约，但不简单，金属质感好画面品质：画面不错，刷新够用跑分评测：没跑分，16核32线程，大差不差运行速度：很快游戏效果：还行，lol平衡模式220帧左右，狂暴模式大概230-240,0,该店铺购买≥2次,5,16G,1T,UNK
2315,jd_757p4m0ueu7as1,2026-01-23,超能电竞R7000P RTX5060/R9 8940HX/16G 1T,商品体验超棒，外接方便运行流畅，物流迅速包装严实，配送员态度亲切整体非常满意，值得推荐??????,0,否,5,16G,1T,UNK
2316,j***r,2025-12-23,超能电竞R7000P RTX5060/R9 8940HX/16G 1T,?包装严实无破损，机身线条利落质感在线??。屏幕显示细腻通透，色彩还原度符合预期??。键盘键程适中回弹清晰，操作体验流畅??。五星好评是对产品力与服务效率的客观印证，器物的价值终究要回归使用场景的契合度。??包装稳固无瑕疵，机身磨砂质感细腻耐脏?。屏幕亮度均匀无坏点，可视角度表现优秀??。触控板精准度高,0,否,5,16G,1T,UNK
2317,jd_819s6majaxq8pn,2025-11-30,超能电竞Y7000P RTX5060/i9-14900HX/16G 1T,运行时，排气扇声音很大,2,否,3,16G,1T,UNK
2318,a***3,2026-01-27,超能电竞Y7000P RTX5060/i9-14900HX/16G 1T,终于买了梦寐以求的“拯救者”，马上下载安装心念念地“黑神话”，流畅好玩！惊艳绝伦！联想拯救者太棒了，完全值得拥有！！！,0,该店铺购买≥2次,5,16G,1T,UNK
2319,西门冢,2026-01-26,超能电竞R7000P RTX5060/R9 8940HX/16G 1T,已收到，电脑不错。价格还算合适。之前的dell笔记本实在是毛病多多。转投联想。希望物有所值。,0,该店铺购买≥2次,5,16G,1T,UNK
2320,jd_62431nncm61325,2026-01-07,超能电竞Y7000P RTX5060/i7-14650HX/16G 1T,配送很快,0,否,5,16G,1T,UNK
2321,g***e,2026-01-07,超能电竞R7000P RTX5060/R9 8940HX/16G 1T,第三次买拯救者了，品质一如既往的好，就是冲着拯救者的品质和售后来的，整体还是挺不错的，放心冲。,1,该店铺购买≥2次,5,16G,1T,UNK
2322,追求者追求者,2026-01-25,超能电竞R7000P RTX5060/R9 8940HX/16G 1T,质感好，处理器强大，而且物流速度很快，按照验机流程走了一遍，完全没有问题，放心购买。,0,否,5,16G,1T,UNK
2323,j***d,2026-01-12,超能电竞R7000P RTX5060/R9 8940HX/16G 1T,联想笔记本性价比高 屏幕很舒服 功能也是非常的流畅 客服也很耐心的解答 性价比高 优惠实在,0,否,5,16G,1T,UNK
2324,jd_9g87b6h3qe5a46,2025-12-18,超能电竞R7000P RTX5060/R9 8940HX/16G 1T,京东发货速度快，电脑接口外接方便，电脑运行游戏流畅不卡顿，散热非常好，画质高清，玩原神渲染挺好的按键触感非常好，5060显卡运行3A不成问题。这本笔记本电脑非常好，强力推荐。,2,否,5,16G,1T,UNK
2325,jd_v59ca8f4e6uqm1,2026-01-25,超能电竞Y7000P RTX5060/i7-14650HX/16G 1T,用了六年的拯救者20款y7000终于换成了2025款y7000p，之前一直想换电脑，在魔霸新锐和y7000p之间徘徊了许久，最终选择了y7000p，y7000p性能强悍，屏幕素质比魔霸新锐的好，接口很多，和我之前的y7000相比就是网线接口没有以前的那种好，也算是一种小小遗憾，摄像头的开关也由原来的物理开关变成了侧边电控开关，还有就是这个笔记本的外壳太容易黏指纹了，最后购买后的小伙伴千万要记得领取电脑自带的正版office哦～,0,否,5,16G,1T,UNK
2326,Z***-,2026-01-17,超能电竞Y7000P RTX5060/i9-14900HX/16G 1T,首先送货速度非常快，头天晚上9点多下单，第二天上午就收到了，国补后价格很合适，电脑流畅操作界面简洁，很不错，一直购买联想的产品，这次依旧没失望。,0,否,5,16G,1T,UNK
2327,jd_25g7z6gqm7wk7l,2026-01-20,超能电竞R7000P RTX5060/R9 8940HX/16G 1T,电脑收到了，发货速度很快，第二就收到了，颜值很高，质感很好，开机速度很快，日常办公，打游戏体验非常好。,0,该店铺购买≥2次,5,16G,1T,UNK
2328,j***f,2026-01-26,超能电竞R7000P RTX5060/R9 8940HX/16G 1T,包装保护：快递保护的很好外形外观：很漂亮画面品质：画面很好运行速度：很快,0,否,5,16G,1T,UNK
2329,p***K,2026-01-10,超能电竞R7000P RTX5060/R9 8940HX/16G 1T,挺好的，配置高，日常用没啥问题，画面显示什么的都可以，玩游戏稍微有点噪音，还能接受。,0,否,5,16G,1T,UNK
2330,wangdian大大大,2026-01-13,超能电竞R7000P RTX5060/R9 8940HX/16G 1T,联想用了好几款了，质量值得信赖，这款拯救者目前使用起来也很丝滑，期待后续带给我惊喜,0,该店铺购买≥2次,5,16G,1T,UNK
2331,zh2sq0u1c60d3b,2026-01-11,超能电竞R7000P RTX5060/R9 8940HX/16G 1T,包装保护：物流很快包装完好外形外观：很帅跑分评测：不错运行速度：刚到手反正是很快画面品质：不错,0,否,5,16G,1T,UNK
2332,9n4mvd00ki0kag,2026-01-26,超能电竞R7000P RTX5060/R9 8940HX/16G 1T,外包装盒恨结实，很牢固，里面也没有任何的破损，唯一可惜的就是没有参与国补，因为公司需要开发票，如果参加了国补就没法开票了，其实我不知道自己建议对不对，可以把国补后实付部分开具发票，这样大家都好。,0,否,5,16G,1T,UNK
2333,u***j,2026-01-13,超能电竞R7000P RTX5060/R9 8940HX/16G 1T,发货迅速，第二天就收到了，颜值高，开机快，屏幕分辨率高，玩游戏流畅，性价比很高,0,否,5,16G,1T,UNK
2334,04d32m2qdl057h,2025-12-19,超能电竞Y7000P RTX5060/i7-14650HX/16G 1T,真的超出了我的预期??！拿到手的时候，就被它的质感惊艳到了??。材质非常优良，摸起来手感细腻光滑，没有任何粗糙或者瑕疵的地方。商品表面的工艺处理得十分精致，每一个细节都彰显着品质的用心??。实物比图片还惊艳，每个细节都闪着高级感,0,否,5,16G,1T,UNK
2335,意外的刚刚好,2026-01-27,超能电竞R7000P RTX5060/R9 8940HX/16G 1T,??这款产品真的超乎预期！散热效果很棒，运行起来很流畅??，外接设备也特别方便??。接口数量充足，日常使用完全够用??。快递包装严实，送货速度飞快??，配送员服务态度也很好??。整体体验非常满意，强烈推荐！??,0,否,5,16G,1T,UNK
2336,jdxiaozadrg,2026-01-04,超能电竞R7000P RTX5060/R9 8940HX/16G 1T,包装完好，东西很有分量，颜值高，配置高，大品牌值得信任，期待后续使用中带来的惊喜,0,否,5,16G,1T,UNK
2337,jd_2ie8c1ns03qem9,2026-01-17,超能电竞R7000P RTX5060/R9 8940HX/16G 1T,选了好久最终入手这款联想笔记本，颜值直接戳中我！磨砂质感的外壳高级又耐脏，屏幕色彩鲜艳，追剧写论文都超爽。性能完全够用，平时剪个短视频、跑个数据分析软件都很流畅，散热也做得不错，没有发烫的问题，太满意这次的选择了！,0,否,5,16G,1T,UNK
2338,jd_llrobi,2026-01-03,超能电竞R7000P RTX5060/R9 8940HX/16G 1T,包装完好，发货迅速，验货正规，屏幕完好，整机外观良好。激活过程顺利，简便，运行流畅效果不错，建议购买,0,该店铺购买≥2次,5,16G,1T,UNK
2339,j***q,2026-01-08,超能电竞R7000P RTX5060/R9 8940HX/16G 1T,这款电脑非常好！开机速度很快，十秒不到就能后进入系统，日常办公、追剧完全不卡顿。屏幕色彩鲜艳细腻，看着特别舒服。机身轻薄便携，出差带在身上毫无压力，续航也很给力，充一次电够用大半天，性价比非常高。,0,否,5,16G,1T,UNK
2340,小****,2025-12-31,超能电竞Y7000P RTX5060/i9-14900HX/16G 1T,真的很喜欢，完全超出期望值，发货速度非常快，包装非常仔细、严实，运送速度很快，很满意的一次购物这质量真是太意外了，实物美美哒，触感很好，很推荐哦～无限暖暖跑图必备 pc端首选 画质真的绝绝子,0,否,5,16G,1T,UNK
2341,jd_vhb96k2i66pdb6,2026-01-15,超能电竞Y7000P RTX5060/i9-14900HX/16G 1T,刚拿到这台拯救者Y7000P，性能真的惊艳，i9处理器配RTX显卡运行大型游戏丝滑流畅，散热也静得出奇。240Hz高色域屏色彩逼真，键盘手感扎实，接口还特别全。图形处理很强，键盘灯光很炫酷，从外观质感到底层优化都能感受到用心，这性价比实在太香了，强烈推荐给追求体验的玩家！,0,否,5,16G,1T,UNK
2342,武***你,2025-12-23,超能电竞R7000P RTX5060/R9 8940HX/16G 1T,之前使用的是R7000，2020，使用了5年了对于设备进行下升级，整体颜值要比之前的高，键盘灯光确实非常好看，非常喜欢，性能也非常强。,1,该店铺购买≥2次,5,16G,1T,UNK
2343,又***贝,2026-01-25,超能电竞R7000P RTX5060/R9 8940HX/16G 1T,快递很快，安全下车，外观没有损坏，运行流畅。机身颜值很高，屏幕清晰度惊艳，处理器速度飞快，多任务不卡顿，运行流畅，几乎听不懂风扇声音，长时间用不烫手；接口丰富，满足日常办公和娱乐要求，非常棒，强烈推荐!,0,否,5,16G,1T,UNK
2344,jd_5joo86badw5w4i,2026-01-24,超能电竞R7000P RTX5060/R9 8940HX/16G 1T,快递很快，安全下车，外观没有损坏，运行流畅.机身颜值很高，屏幕清晰度惊艳，处理器速度飞快，多任务不卡顿，运行流畅，几乎听不懂风扇声音，长时间用不烫手；接口丰富，满足日常办公和娱乐要求，非常棒，强烈推荐！,0,否,5,16G,1T,UNK
2345,阿東0663,2025-12-18,超能电竞R7000P RTX5060/R9 8940HX/16G 1T,晚上9点下单，早上起来电脑就到了。试了几天，手感挺好的，屏幕也很清晰。激活office试了几天才成功，其他的没啥问题，性能挺强的。,0,否,5,16G,1T,UNK
2346,简***o,2025-12-30,超能电竞R7000P RTX5060/R9 8940HX/16G 1T,性能很强，显示效果很好，跑分很高。键盘用起来手感很好，不愧是拯救 电脑性能：强外观材质：结实散热效果好 电脑性能：快，跑分高,0,否,5,16G,1T,UNK
2347,荣哥南妹是一对,2026-01-26,超能电竞R7000P RTX5060/R9 8940HX/16G 1T,笔记本已经收到了，孩子上学要用，外观很漂亮，期待用的时间长,0,否,5,16G,1T,UNK
2348,jd_157768haq,2026-01-14,超能电竞R7000P RTX5060/R9 8940HX/16G 1T,机身轻薄颜值高，屏幕清晰度真的很惊艳，色彩饱和看着特别舒服。处理器速度飞快，多任务切换完全不卡顿，打游戏、剪视频都流畅到飞起～键盘手感也超棒，散热效果很好，不是很烫，用了几个小时都没什么噪音，很棒。 收起,0,否,5,16G,1T,UNK
2349,k***s,2025-12-22,超能电竞R7000P RTX5060/R9 8940HX/16G 1T,此用户未及时填写评价内容,0,否,5,16G,1T,UNK
2350,保***荣,2026-01-16,超能电竞R7000P RTX5060/R9 8940HX/16G 1T,电脑是好电脑，刚好赶上国补，价格一看很实惠，电子设备就得买新,0,该店铺购买≥2次,5,16G,1T,UNK
2351,No_one_is,2026-01-15,超能电竞R7000P RTX5060/R9 8940HX/16G 1T,包装保护：太棒了，这个电脑物超所值，非常流畅，西打游戏嘎嘎快,0,该店铺购买≥2次,5,16G,1T,UNK
2352,jd_m7sowgd6w863kk,2026-01-22,超能电竞Y7000P RTX5060/i7-14650HX/16G 1T,包装保护：完好，保护也很好！外形外观：比较喜欢，也很有品质！画面品质：屏幕显示效果在阳光下看的很清晰，还没玩游戏！运行速度：比较快！游戏效果：准备测试一下，用后在看效果，根据其他使用评价应该没问题！跑分评测：还没下跑分软件，但看测评应该足够用了！,0,否,5,16G,1T,UNK
2353,jd_e5h85xuk75nuk1,2025-12-19,超能电竞Y7000P RTX5060/i7-14650HX/16G 1T,入手联想拯救者Y7000P完全超出预期，堪称同价位全能标杆！酷睿处理器搭配RTX独显的强悍组合，不管是高画质畅玩《黑神话：悟空》等3A大作，还是多任务运行视频剪辑、编程编译都丝滑无卡顿。16英寸2.5K高刷屏太惊艳，240Hz刷新率+3ms响应时间杜绝拖影，100%DCI-P3广色域让色彩精准逼真，办公创作、观影游戏都沉浸感拉满。升级的散热系统超给力，长时间高负载运行键盘也清凉不烫手，风扇噪音控制得恰到好处，图书馆使用也不扰人。机身轻薄便携，接口丰富无需拓展坞，大电池搭配快充还能摆脱电量焦虑，学,0,该店铺购买≥2次,5,16G,1T,UNK
2354,l***2,2026-01-05,超能电竞R7000P RTX5060/R9 8940HX/16G 1T,第一次自用买这么好的电脑。联想R7000P包装很安全，密封好，电脑外观很好看，键盘按压舒服，显卡很牛，处理器好，开机速度快，运行特别流畅，游戏和办公都很棒。画面品质非常棒。值得购买。,0,该店铺购买≥10次,5,16G,1T,UNK
2355,yzwHZUgRSuvp,2026-01-03,超能电竞R7000P RTX5060/R9 8940HX/16G 1T,不错的电脑，性能强劲，3a游戏也没啥压力。趁着国补拿下了送货也快昨天下单今天就到了,0,该店铺购买≥2次,5,16G,1T,UNK
2356,jd_g2k5i639ln4qbe,2026-01-26,超能电竞R7000P RTX5060/R9 8940HX/16G 1T,电脑很好，外观好看，玩大型游戏不卡，开机顺畅，用着非常顺手，可靠的卖家,0,否,5,16G,1T,UNK
2357,5***7,2026-01-08,超能电竞Y7000P RTX5060/i9-14900HX/16G 1T,再次购买，这个机器性能非常好，启动快，使用流畅。外观比之前的版本好看，使用起来轻便。不错的机器，能够满足日常的游戏需求。非常满意这次购物。,0,该店铺购买≥10次,5,16G,1T,UNK
2358,0***j,2026-01-25,超能电竞R7000P RTX5060/R9 8940HX/16G 1T,笔记本电脑已收到，外观设计漂亮，拿在手里很有质感，做工精良，不亏是一线品牌，但价格有点上涨，有点小贵，宝贝手感不错，感觉很好，发货速度快，服务态度一流，给力！5星好评！,0,否,5,16G,1T,UNK
2359,j***c,2025-12-29,超能电竞R7000P RTX5060/R9 8940HX/16G 1T,1.?性能狂飙散热稳，2.5K高刷屏，游戏创作全能王！?2.?锐龙9+RTX50系，高性价比电竞本闭眼冲～?3.?性能释放强劲，屏幕出彩，一线品质超值！?4.?散热静音双在线，高刷丝滑，办公游戏都能打！,0,否,5,16G,1T,UNK
2360,#NAME?,2026-01-22,超能电竞R7000P RTX5060/R9 8940HX/16G 1T,运行速度还可以 ，散热也不错 ，特别是屏够大搞工程类就要这么大的屏，,0,否,5,16G,1T,UNK
2361,张***帅,2026-01-18,超能电竞Y7000P RTX5060/i7-14650HX/16G 1T,这款联想拯救者Y7000P真的太香了！i7-14650HX+RTX5060的组合，性能直接拉满，玩《赛博朋克2077》光追全开也能稳60帧，2.5K 240Hz高刷屏丝滑到飞起，色彩也很准。散热很给力，长时间高负载也不烫手。16G+1T的配置，多开软件、存游戏都够用。趁着国家补贴入手，性价比直接拉满，无论是游戏还是办公都能轻松拿捏，闭眼冲就对了！,0,该店铺购买≥2次,5,16G,1T,UNK
2362,似***阝,2025-12-21,超能电竞R7000P RTX5060/R9 8940HX/16G 1T,看了很久的本子，颜值高，散热强，运行流畅，打游戏温度控制比较好，电池容量110%，快递满分，次日达。体验很不错。,0,该店铺购买≥2次,5,16G,1T,UNK
2363,Ccck乐,2026-01-19,超能电竞R7000P RTX5060/R9 8940HX/16G 1T,拯救者r7000p笔记本运行流畅，散热表现不错，键盘手感舒适，整体使用体验很好。外观设计简洁大气，屏幕显示效果清晰，日常办公和娱乐都能轻松应对。物流速度快，包装严密，配送服务也很到位。,0,该店铺购买≥2次,5,16G,1T,UNK
2364,刘十三a-,2026-01-16,超能电竞Y7000P RTX5060/i7-14650HX/16G 1T,联想拯救者y7000p笔记本电脑 实物与描述的一样，质量相当好，卖家态度也好，有问必答，发货速度杠杠的，值得购买哦外观设计漂亮，尺寸大小合适，包装仔细完整，宝贝手感不错，感觉很好，发货速度快，服务态度一流，给力！5星好评！感觉挺好的，有图有真相,0,否,5,16G,1T,UNK
2365,Peipers,2026-01-21,超能电竞Y7000P RTX5060/i9-14900HX/16G 1T,包装完好无破损，物流速度快，送货上门当场拆箱验收，拍照上传，很负责。商品外观完好，充电口插头接口等均没有划痕，无使用痕迹，底部防滑垫也没有划痕和使用痕迹，无充放电记录，有出场充电记录，电源容量大于设计标准，各方面均正常，屏幕刷新率切换正常，性能模式切换正常，处理器显卡以及内存容量均正确。国补后价格便宜，物美价廉经济实惠，值得推荐的商品。,0,否,5,16G,1T,UNK
2366,y***-,2026-01-22,超能电竞Y7000P RTX5060/i7-14650HX/16G 1T,外形外观：炫酷画面品质：画面清晰，无漏电运行速度：开机，运行速度都很快，安静、均衡、野兽三种模式可随时切换，发挥出更好性能包装保护：包装好，多海绵防护性好，快递小哥拿过来时，箱子完好，没有压过。游戏效果：好，快！,0,该店铺购买≥2次,5,16G,1T,UNK
2367,ht2tm7r4qw5s3l,2026-01-21,超能电竞Y7000P RTX5060/i7-14650HX/16G 1T,联想拯救者Y7000P这款笔记本，到手后外观和详情页介绍的基本一致。机身做工挺扎实，包装也严实，拆封时没有磕碰痕迹。开机速度和运行流畅度都符合预期，屏幕显示效果也比较细腻。物流发货速度挺快，客服的响应也比较及时，整体流程体验下来都比较顺畅。,0,否,5,16G,1T,UNK
2368,鸣威,2025-12-22,超能电竞R7000P RTX5060/R9 8940HX/16G 1T,性能释放很不错，基本游戏都能玩，便携重量也能接受。屏幕素质优秀，手感细腻，屏幕清晰，音效清晰，运行速度快。可以选择三档模式，静音，自动和狂野模式，分别适应办公，日常和游戏。AMD日常做活动也多，价格便宜，加上国补太划算。,1,否,5,16G,1T,UNK
2369,j***q,2026-01-12,超能电竞Y7000P RTX5060/i7-14650HX/16G 1T,心心念念这款笔记本许久，终于赶在国补截止前果断下单，上手使用几天，真心忍不住来夸！机身轻薄便携，颜值在线，日常携带毫无压力；屏幕表现尤为惊艳，超高清晰度搭配饱和细腻的色彩，不管是办公浏览还是影音娱乐，视觉体验都十分舒适。性能更是没话说，强劲处理器加持，多任务切换丝滑不卡顿，无论是剪视频这类重度创作，还是畅快打游戏，都能轻松驾驭。键盘手感出色，敲击反馈恰到好处，长时间码字也不累；散热效果同样亮眼，连续使用数小时机身也只是温热，而且全程静音无噪音干扰，体验感直接拉满，太值了！,0,该店铺购买≥2次,5,16G,1T,UNK
2370,j***f,2026-01-06,超能电竞R7000P RTX5060/R9 8940HX/16G 1T,本人不打游戏，就写写论文和看看电视剧，内存完全够用，就是屏幕看起来有点费眼睛，开机和关机都很快，续航能力很不错，键盘手感挺好的（我手小)，重量很轻，开机关机都很快。,0,该店铺购买≥2次,5,16G,1T,UNK
2371,jd_8k89td80k88auo,2025-12-23,超能电竞R7000P RTX5060/R9 8940HX/16G 1T,第二次买联想拯救者了，还是经典的外观设计，但是性能更好，功能更多了。最近在打三角洲，一点也不卡，现在有国补优惠，直接下手。,0,该店铺购买≥2次,5,16G,1T,UNK
2372,jd_6npa4u478ih5nw,2026-01-27,超能电竞R7000P RTX5060/R9 8940HX/16G 1T,联想拯救者，大品牌值得信赖。孩子期待已久，终于入手了,0,否,5,16G,1T,UNK
2373,笨***4,2026-01-02,超能电竞R7000P RTX5060/R9 8940HX/16G 1T,心心念念的联想拯救者y7000p终于到了，体验一番之后感觉很好。,0,否,5,16G,1T,UNK
2374,青椰子122,2026-01-27,超能电竞R7000P RTX5060/R9 8940HX/16G 1T,开机速度快，接口够用，画质清晰，个人使用比较满意。,0,否,5,16G,1T,UNK
2375,jd_g9x69fre79iwzf,2025-12-28,超能电竞R7000P RTX5060/R9 8940HX/16G 1T,做了好久的对比，还是决定选择拯救者，开机速度很快，打字手感ok，客服反应及时，整体满意，点赞??,0,否,5,16G,1T,UNK
2376,聆听海的往昔,2026-01-21,超能电竞R7000P RTX5060/R9 8940HX/16G 1T,很满意，全新未拆封正品未激活，安全下车。总体很满意。,0,否,5,16G,1T,UNK
2377,大胖与小胖与小小胖,2026-01-27,超能电竞R7000P RTX5060/R9 8940HX/16G 1T,手感超级棒，没有塑料感，正在装软件中，一会儿玩游戏拯救者R7000P，2025物流也很快，快递员很耐心，运行速度：流畅，等待steam大作体验,0,该店铺购买≥2次,5,16G,1T,UNK
2378,w***i,2025-12-23,超能电竞R7000P RTX5060/R9 8940HX/16G 1T,运行速度很流畅，比我那台用了多年的笔记本好太多了，键盘灯挺好看的，开起来立马不一样了！就是均衡模式有的时候风扇有点响~不过瑕不掩瑜，好用就行！,0,该店铺购买≥2次,5,16G,1T,UNK
2379,5***s,2026-01-23,超能电竞R7000P RTX5060/R9 8940HX/16G 1T,此用户未及时填写评价内容,0,否,5,16G,1T,UNK
2380,j***9,2025-11-29,超能电竞R7000P RTX5060/R9 8940HX/16G 1T,1. 这款电脑太香了！16G内存+512G固态，开机秒开、多任务切换丝滑，编辑文档、运行设计软件毫无卡顿。屏幕色彩细腻，续航够撑一下午，金属机身质感拉满，散热也不错，性价比直接拉满，办公党闭眼冲！2. 选对电脑太省心了！处理器性能强劲，日常办公、轻度娱乐全hold住，键盘手感舒适，打字超流畅。接口齐全，外接设备不用转接头，重量轻便易携带，颜值还高，放在桌面超显档次，用着心情都好，必须好评！3. 这款电脑完全超出预期！屏幕护眼模式很贴心，长时间用也不疲劳，音质清晰，视频会议无压力。系统流畅稳定,0,该店铺购买≥2次,5,16G,1T,UNK
2381,丁爸7990,2026-01-03,超能电竞R7000P RTX5060/R9 8940HX/16G 1T,这款联想拯救者笔记本真的太给力了！散热快，玩游戏超流畅????，键盘背光炫酷十足???。接口丰富，长时间使用也不烫手????。物流很快，包装严实，整体体验满分????！！,0,否,5,16G,1T,UNK
2382,jd_uje518b4s9umw4,2025-12-29,超能电竞R7000P RTX5060/R9 8940HX/16G 1T,昨天晚上下单，今天早上就到了，效率非常的高外壳也没有破损，内部添加的海绵与泡沫，避免震动，保护电脑，看起来很安心整个电脑的abcd面全都是用金属制作，质感很好在激活系统的时候，已经能感受到散热系统的强大了，呼呼的热风吹出来,0,该店铺购买≥2次,5,16G,1T,UNK
2383,j***t,2026-01-18,超能电竞R7000P RTX5060/R9 8940HX/16G 1T,在网上看了很多推荐，最终让我选择这款拯救者的就是颜值太在线了，黑色沉稳大气，沉甸甸的特别有质感。操作丝滑反应快速，物流发货也很迅速，好评好评,0,否,5,16G,1T,UNK
2384,炭***酱,2026-01-22,超能电竞R7000P RTX5060/R9 8940HX/16G 1T,终于换上新电脑了，而且这一代比前几代要轻不少，好评！一直都很喜欢r7000p的模具和键盘！实用性和颜值都非常的赞，我很喜欢，还会再来买的！,0,该店铺购买≥2次,5,16G,1T,UNK
2385,天***年,2025-12-21,超能电竞R7000P RTX5060/R9 8940HX/16G 1T,电脑颜值不错，性能也强大，大牌子值得信赖，就是真的很沾指纹，弄的都不敢随便上手摸了。,0,否,5,16G,1T,UNK
2386,平安车工,2026-01-22,超能电竞Y7000P RTX5060/i9-14900HX/16G 1T,电脑质量很好，操作方便，屏幕又舒服；用了一段时间，很喜欢。会介绍其他同事买。,0,该店铺购买≥2次,5,16G,1T,UNK
2387,WU超级飞侠,2026-01-10,超能电竞R7000P RTX5060/R9 8940HX/16G 1T,包装严实无损，细节处理到位，体验感很好东西不错，还有优惠，可以放心省钱购买，不要犹豫了外形外观：5画面品质：5跑分评测：5运行速度：5,0,该店铺购买≥2次,5,16G,1T,UNK
2388,gykl7x1953kje2,2025-12-25,超能电竞Y7000P RTX5060/i9-14900HX/16G 1T,终于入手拯救者  京东自营发货就是快   上午下单下午到   验过了是正品！是我想要的非常完美 ，外观大气  噪音很小   玩游戏体验非常棒??   值得推荐！,0,否,5,16G,1T,UNK
2389,2k761nso6mr17h,2026-01-02,超能电竞Y7000P RTX5070/i9-14900HX/16G 1T,包装非常专业，到手完好无损，运行速度够快，灯光效果炫酷，接口多，外接非常方便。京东的服务到位，无可挑剔。,0,否,5,16G,1T,UNK
2390,jd_155302abx,2025-12-20,超能电竞R7000P RTX5060/R9 8940HX/16G 1T,选了好久的电脑收到了，包装完好，适用了一天，外观设计好看，画质清晰，运行速度很快，非常不错的一款电脑！,0,否,5,16G,1T,UNK
2391,jd_1ufg947r1e21aq,2026-01-09,超能电竞R7000P RTX5060/R9 8940HX/16G 1T,性能卓越优秀，开机快，打游戏流畅，本来就是为了打游戏买的，手机游戏玩腻了，换换口味，目前来说，感觉还是很好的，没想到年底还能赶上国补，物美价廉，物超所值，真的！,0,该店铺购买≥2次,5,16G,1T,UNK
2392,j***0,2025-12-16,超能电竞R7000P RTX5060/R9 8940HX/16G 1T,拯救者R7000P真机上手，第一眼就被这块高素质屏幕吸引，窄边框设计让视觉效果超棒，机身的接口布局也很实用，键盘区域的红色指示灯和背光搭配起来超有电竞氛围，拿在手里能感受到扎实的做工，不愧是拯救者系列的实物表现！,0,否,5,16G,1T,UNK
2393,杨琪骑,2026-01-06,超能电竞R7000P RTX5060/R9 8940HX/16G 1T,这款笔记本的质量非常令人满意，整体做工精良，手感很有质感。商家还提供了正规发票和保修服务，购买过程非常放心。总体来说是一次很愉快的购物体验。,0,否,5,16G,1T,UNK
2394,小***z,2025-12-19,超能电竞R7000P RTX5060/R9 8940HX/16G 1T,这款联想拯救者R7000p外观简洁大方，性能超强，游戏画质流畅毫无压力。散热系统也特别给力，同时屏幕色彩惊艳。无论是玩游戏还是处理工作都非常流畅，又有国补物超所值，昨天下单次日到达，物流给力。强烈推荐,0,否,5,16G,1T,UNK
2395,jd_ypjfsy4mn1o5bq,2026-01-17,超能电竞R7000P RTX5060/R9 8940HX/16G 1T,??这款笔记本真的超乎期待！??运行游戏丝滑流畅，散热也很给力??接口丰富，扩展性没得说??图形处理强到飞起，画质拉满??整体体验非常棒，值得入手????,0,该店铺购买≥2次,5,16G,1T,UNK
2396,u_ei9yw6wdwuy7,2026-01-17,超能电竞R7000P RTX5060/R9 8940HX/16G 1T,送货迅速，开机快，屏幕清晰，声音也不大喜欢很久了，看了很入手一台，真的很不错，屏幕分辦率高，清晰度超高，玩3A游戏不卡顿，风扇噪音控制得当，散热好性价比高,0,该店铺购买≥2次,5,16G,1T,UNK
2397,鸡***鸭,2026-01-16,超能电竞R7000P RTX5060/R9 8940HX/16G 1T,拯救者R7000p性能强劲，处理器和显卡表现出色，游戏运行流畅。外观简约大气，质感十足。散热良好，能稳定保持性能。电池续航也满足日常需求，值得入手。,0,该店铺购买≥2次,5,16G,1T,UNK
2398,Forevergf,2026-01-16,超能电竞Y7000P RTX5060/i7-14650HX/16G 1T,外形外观：一体黑色很有质感画面品质：P3广色域很好，屏幕更清晰，色彩更好，屏幕亮度也很高游戏效果：主流大型游戏随便玩新一代模具整体更轻，新的出风口设计让散热更近一步运行速度很快，加装硬盘也方便，内部设计优秀,0,否,5,16G,1T,UNK
2399,很辣的狗,2025-12-17,超能电竞R7000P RTX5060/R9 8940HX/16G 1T,画面品质：这款产品的设计太出色了，独具巧思。质量上乘，无可挑剔。商家服务热情真诚，还收到了商家的小礼品，真的很不错！这款产品的设计太出色了，独具巧思。质量上乘，无可挑剔。商家服务热情真诚，还收到了商家的小礼品，真的很不错！,0,否,5,16G,1T,UNK
2400,云***淼,2026-01-22,超能电竞R7000P RTX5060/R9 8940HX/16G 1T,用了几天来评价，机器整体很出色，联想的做工没得说，键盘手感一流，设备响应速度快。就是不知道入手的价格算不算低点。早买早享受吧！??,0,该店铺购买≥2次,5,16G,1T,UNK
2401,请***丶,2025-12-29,超能电竞R7000P RTX5060/R9 8940HX/16G 1T,1.	性能炸裂，画质拉满，大型游戏畅玩无压力，散热给力超满意！2.	颜值与实力并存，运行流畅不卡顿，续航和便携性超出预期！3.	高刷屏观感超棒，键盘手感舒适，游戏办公两用，性价比绝了！,0,该店铺购买≥2次,5,16G,1T,UNK
2402,小***8,2025-12-20,超能电竞R7000P RTX5060/R9 8940HX/16G 1T,宝子们，我必须来夸夸这次买的东西??！质量那叫一个顶呱呱，摸起来手感超棒，一看就是用心做的。用了一段时间，性能也十分稳定，完全没出现啥问题。包装也很严实，收到时完好无损。客服小姐姐声音甜，态度还好,0,该店铺购买≥2次,5,16G,1T,UNK
2403,小红红queen,2026-01-04,超能电竞R7000P RTX5060/R9 8940HX/16G 1T,电脑给儿子买了大学用的，用了一段时间，他说挺好的，货很对版，之前没在自营买买了个挂羊头卖狗肉的，京东介入给退款了，这次自营买的本，非常好。,0,否,5,16G,1T,UNK
2404,jd_6vxp3855lvt5q1,2026-01-06,超能电竞R7000P RTX5060/R9 8940HX/16G 1T,用的还可以，不卡希望后续使用体验好,0,否,5,16G,1T,UNK
2405,jd_w779d61gnoeo0s,2026-01-03,超能电竞R7000P RTX5060/R9 8940HX/16G 1T,我对这款电脑的性能和外观设计都非常满意，性价比极高。卖家服务周到细致，让我感受到了购物的乐趣。发货及时准确，包装完好无损。值得一试！今天买，明天到，爽歪歪,0,否,5,16G,1T,UNK
2406,箫歌666,2025-12-30,超能电竞R7000P RTX5060/R9 8940HX/16G 1T,收到新电脑了，质量不错，外观好看，很有质感，性价比也很高，非常推荐这个机型，给个赞赞～,0,否,5,16G,1T,UNK
2407,u_3cyhxgs7bziu,2025-12-20,超能电竞R7000P RTX5060/R9 8940HX/16G 1T,包装完好无损，送货速度快准时，笔记本开机后运行速度流畅，预装正版系统，全国联保售后无忧。,0,否,5,16G,1T,UNK
2408,jd_133430blc,2026-01-14,超能电竞R7000P RTX5060/R9 8940HX/16G 1T,真的很喜欢，完全超出期望值，发货速度非常快，包装非常仔细、严实，运送速度很快，很满意的一次购物这质量真是太意外了，实物美美哒，触感很好，很推荐哦~,0,否,5,16G,1T,UNK
2409,jd_tEGerIKQCFGc,2025-12-19,超能电竞R7000P RTX5060/R9 8940HX/16G 1T,电脑性能很强悍，联想大品牌值得信赖，看视频，玩游戏都特别流畅，很开心,0,该店铺购买≥2次,5,16G,1T,UNK
2410,说***谎,2026-01-25,超能电竞R7000P RTX5060/R9 8940HX/16G 1T,联想拯救者太香了！性能强悍运行超流畅，高刷屏观感超棒，散热表现很稳，办公游戏都能轻松拿捏，性价比直接拉满，用着超舒心！,0,该店铺购买≥2次,5,16G,1T,UNK
2411,赤羽187,2025-12-27,超能电竞R7000P RTX5060/R9 8940HX/16G 1T,整体还行，刚回来噪音有点大，更新完就好了，整体刘畅，开机12s，,0,该店铺购买≥2次,5,16G,1T,UNK
2412,u***t,2026-01-19,超能电竞R7000P RTX5060/R9 8940HX/16G 1T,这电脑性能超棒 屋人，运行速度快如闪电，软件秒开不卡 顿。屏幕显示清晰，色彩逼真。散热佳，长时间用也稳 定，超值得入手!,0,该店铺购买≥2次,5,16G,1T,UNK
2413,x無敵風火輪x,2025-12-24,超能电竞R7000P RTX5060/R9 8940HX/16G 1T,嗯不错，是正品。很愉快的一次购物。但愿以后别出啥问题。美美滴！,0,否,5,16G,1T,UNK
2414,乐***_,2026-01-09,超能电竞R7000P RTX5060/R9 8940HX/16G 1T,包装保护：很好，两个箱子保护，开多个软件不卡顿，运行流畅，屏幕也比较大，出差使用很方便。但游戏本确实略重，变压器都有一斤多……,0,该店铺购买≥2次,5,16G,1T,UNK
2415,u_6kot9xsh8t1y,2025-12-18,超能电竞Y7000P RTX5060/i7-14650HX/16G 1T,还行，整体还不错，运行起来也没啥问题，暂时用了几天，没有任何问题截至目前。包装保护：拿回来的时候还行画面品质：画质也不错,0,该店铺购买≥2次,5,16G,1T,UNK
2416,y633jl0ft9xwfl,2026-01-07,超能电竞Y7000P RTX5060/i7-14650HX/16G 1T,1.?运行流畅不卡顿，办公游戏都能轻松应对，外观简约大气，性价比超高！?2.?电脑性能强劲，散热快，屏幕清晰，用了一段时间没出过问题，值得入手！?3.?外观时尚，轻薄便携，续航能力强，日常使用完全足够，很满意这次购物！?4.?配置高，反应灵敏，操作顺滑，设计人性化，是一款非常实用的电脑！?5.?电脑质量很好，运行稳定，售后服务也到位，下次还会选择这个品牌！,0,否,5,16G,1T,UNK
2417,j***t,2025-12-16,超能电竞R7000P RTX5060/R9 8940HX/16G 1T,运行很流畅，还有键盘的背光效果也很酷，之前也是拯救者，这次又来买，很nice.,0,否,5,16G,1T,UNK
2418,我的我的我的名字,2026-01-07,超能电竞Y7000P RTX5060/i7-14650HX/16G 1T,没买过这么贵的游戏本，先试试看吧，还不知道怎么样，用段时间再来看看。 够20个字了吧，好好好好好好好非常好很好包装保护：好外形外观：好画面品质：好跑分评测：好运行速度：好,0,否,5,16G,1T,UNK
2419,j***A,2025-12-21,超能电竞Y7000P RTX5070/i9-14900HX/16G 1T,入手这款机型后彻底被圈粉，堪称万元内无短板旗舰，《黑神话：悟空》高画质稳跑120帧，DLSS 4.0加持下帧率再上台阶。2.5K 240Hz高刷屏超惊艳，3ms响应无拖影，100% DCI-P3色域不管是电竞对战还是视频调色都精准能打。霜刃散热系统超给力，双烤时温度稳定不烫手，噪音控制得也到位。16GB DDR5内存+1TB PCIe SSD读写飞快，还支持扩展，多任务处理无压力。丰富接口+135W PD快充，办公游戏无缝切换。碳晶黑机身质感十足，兼顾性能与实用性，游戏玩家和创作者闭眼冲！,0,否,5,16G,1T,UNK
2420,栖***云,2026-01-21,超能电竞R7000P RTX5060/R9 8940HX/16G 1T,这台电脑外观简约大方，轻薄易携带。性能强劲，运行速度快，多任务处理也不卡顿。散热良好，续航能力不错。价格合理，性价比高，很值得购买。,0,否,5,16G,1T,UNK
2421,炒年糕君,2026-01-07,超能电竞R7000P RTX5060/R9 8940HX/16G 1T,国补后价格真香！R9处理器+满血RTX5060性能强悍，2.5K 240Hz屏幕玩游戏画面流畅细腻，散热效果也很棒，一线品牌中性价比无敌！,0,否,5,16G,1T,UNK
2422,lzxy-59,2025-12-21,超能电竞R7000P RTX5060/R9 8940HX/16G 1T,手感超级超级好，快递员也很负责，没一点瑕疵，值得拥有入手！,0,该店铺购买≥2次,5,16G,1T,UNK
2423,滥人情rw,2026-01-10,超能电竞R7000P RTX5060/R9 8940HX/16G 1T,特别好的联想拯救者，锐龙+5060+1t超快的固态，开机只要12s，rgb色彩也不错，120HZ屏幕，强烈推荐！！！,0,否,5,16G,1T,UNK
2424,j***z,2025-12-19,超能电竞R7000P RTX5060/R9 8940HX/16G 1T,这款电脑真的太值了！开机速度飞快，十秒不到就能进入系统，日常办公、追剧完全不卡顿。屏幕色彩鲜艳细腻，看着特别舒服。机身轻薄便携，出差带在身上毫无压力，续航也很给力，充一次电够用大半天，性价比直接拉满,0,否,5,16G,1T,UNK
2425,jd_n18d17mw3vf70y,2026-01-06,超能电竞Y7000P RTX5060/i7-14650HX/16G 1T,快递很快，安全下车，外观没有损坏，运行流畅，顺利开机i7性能强劲想Y7000P堪称游戏与生产力全能王，纠结了好久终于入手联想Y7000P，不管是游戏体验还是办公创作都远超预期，不愧是同价位闭眼冲的标杆机型。性能真的没话说！第14代酷睿处理器搭配RTX 5060独显，满功耗释放，风扇噪音也比想象中小，日常办公几乎静音。,0,否,5,16G,1T,UNK
2426,jd_17hsb75ss5ndke,2026-01-17,超能电竞R7000P RTX5060/R9 8940HX/16G 1T,这款联想拯救者笔记本性能强劲，游戏运行流畅，散热表现优秀??。键盘手感舒适，接口丰富，满足日常办公和娱乐需求???。整体非常满意！！,0,该店铺购买≥2次,5,16G,1T,UNK
2427,u3wt076zq5pyrt,2026-01-24,超能电竞R7000P RTX5060/R9 8940HX/16G 1T,联想R7000P锐龙版太香了！性能拉满，2.5K高刷屏视觉超赞，办公游戏两不误，国补后性价绝绝子，闭眼冲,0,否,5,16G,1T,UNK
2428,汐***q,2026-01-07,超能电竞R7000P RTX5060/R9 8940HX/16G 1T,商品质量非常好，外观设计新颖，物流速度快，商家服务态度好，性价比高。细节非常完美，整体来说真的很不错。性价比很高，下次还会继续光顾！,0,否,5,16G,1T,UNK
2429,梦离旧时光L,2025-12-21,超能电竞R7000P RTX5060/R9 8940HX/16G 1T,最让人放心的是品控和售后，到手按教程验机，全新未激活，产品序列号、生产日期都对得上，屏幕无漏光、无坏点，硬盘读取写入都是新机标准。作为一线品牌，全国联保+线下门店覆盖，给新手小白满满的安全感。,0,否,5,16G,1T,UNK
2430,一坨糕子,2026-01-17,超能电竞R7000P RTX5060/R9 8940HX/16G 1T,电脑全新的，到手感觉比图片更好看很多，刚开机，设置过程也很流畅，性能满分。散热效果良好，客服服务也很细致！,0,该店铺购买≥2次,5,16G,1T,UNK
2431,先哈哈哈,2026-01-08,超能电竞R7000P RTX5060/R9 8940HX/16G 1T,挺好的，非常好，打游戏很流畅，外观很漂亮，金属机身质感很好，挺喜欢的。而且过补之后超便宜几乎等于嗯不怎么要钱了,0,该店铺购买≥2次,5,16G,1T,UNK
2432,j***h,2026-01-10,超能电竞Y7000P RTX5060/i7-14650HX/16G 1T,一次很好的购物体验，机器验机完是全新的，性能非常的强劲，推荐大家购买,0,否,5,16G,1T,UNK
2433,jd137718iut,2026-01-18,超能电竞R7000P RTX5060/R9 8940HX/16G 1T,刚拿到的新电脑，外观很好看，开机速度也非常快，送货速度一流，物超所值，真的非常非常值得购买，有电脑需求的朋友们可以考虑入手。,0,否,5,16G,1T,UNK
2434,王啊王阿王,2026-01-25,超能电竞R7000P RTX5060/R9 8940HX/16G 1T,灯光效果超棒，散热安静稳定，办公娱乐两相宜～????? 外接方便，运行流畅，值得入手???????,0,该店铺购买≥2次,5,16G,1T,UNK
2435,jd_v50467i24884yi,2025-12-24,超能电竞Y7000P RTX5070/i9-14900HX/16G 1T,收货开箱惊艳到！碳晶黑机甲风颜值在线，机身扎实不廉价。配置直接拉满：i9-14900HX睿频5.8GHz，多任务处理飞快，剪4K视频不卡顿；RTX5070满血独显，3A大作全高画质轻松拿捏，AI渲染速度比老电脑快3倍。屏幕是真惊喜，2.5K分辨率细腻通透，240Hz高刷玩FPS游戏跟手度拉满，久看不累眼。霜刃Pro4.0散热靠谱，高负载下风扇噪音可控，键盘温度不烫手。AI元启功能实用，智能调性能还能优化续航，16G+1T满足日常，接口齐全拓展性强，游戏办公两不误，性价比旗舰闭眼入！,0,否,5,16G,1T,UNK
2436,欣***印,2025-12-26,超能电竞Y7000P RTX5070/i9-14900HX/16G 1T,画面很清晰 屏幕很大，细节非常完美??，整体来说真的很不错。性价比很高??，下次还会继续光顾??！款式很大方，质量非常好??,0,该店铺购买≥2次,5,16G,1T,UNK
2437,我不是咲宁,2026-01-18,超能电竞R7000P RTX5060/R9 8940HX/16G 1T,纠结了很久终于入手2025款拯救者R7000P，不管是游戏娱乐还是生产力办公都没让人失望，不愧是7000元档的“六边形战士”！核心性能真的稳如老狗，锐龙9 8945HX处理器搭配RTX 5060显卡，195W双烤全程不降频。,0,否,5,16G,1T,UNK
2438,j***8,2025-12-28,超能电竞R7000P RTX5060/R9 8940HX/16G 1T,按键灵敏，外观好看的，打游戏很流畅，非常适合喜欢玩游戏的朋友,0,该店铺购买≥2次,5,16G,1T,UNK
2439,jd_骑猩猩抓,2026-01-27,超能电竞Y7000P RTX5070/i9-14900HX/16G 1T,京东物流没毛病，上午下单下午到！电脑小白，买来玩游戏，感觉还不错，使用一段期间再追评包装保护：完好外形外观：无瑕疵画面品质：精致跑分评测：中高吧,0,否,5,16G,1T,UNK
2440,a***v,2025-12-20,超能电竞R7000P RTX5060/R9 8940HX/16G 1T,外接方便 接口也多 流不流畅得等体验完才知道灯光炫酷 散热快,0,否,5,16G,1T,UNK
2441,酱酱的,2026-01-10,超能电竞R7000P RTX5060/R9 8940HX/16G 1T,包装保护：保护得很好跑分评测：长江存储的硬盘，长鑫的内存，跑分可以运行速度：开机16s左右，不错,0,否,5,16G,1T,UNK
2442,e***h,2026-01-22,超能电竞R7000P RTX5060/R9 8940HX/16G 1T,东西收到以后马上查看，发现与图片描述一致，超级喜欢，卖家发货速度很快，服务也很到位，给老板点个赞，下次还会来购买！,0,否,5,16G,1T,UNK
2443,木歆玥,2025-12-19,超能电竞R7000P RTX5060/R9 8940HX/16G 1T,电脑收到啦，黑色机身质感绝了！开机速度飞快，几秒就搞定，日常办公、追剧完全不卡顿。屏幕色彩很舒服，久看也不累眼。键盘手感轻盈，打字很流畅。性价比很高，这波入手不亏，推荐给需要的朋友～,0,该店铺购买≥2次,5,16G,1T,UNK
2444,425bil84zfjz9w,2026-01-20,超能电竞R7000P RTX5060/R9 8940HX/16G 1T,包装完好，验机无坏点、电池循环次数正常，妥妥的全新机。锐龙处理器+满血显卡，游戏、剪片、多开软件都丝滑不卡顿，2.5K 240Hz高刷屏观感超爽，色彩准、跟手快。霜刃散热给力，高负载机身有点烫，噪音控制也不错，美中不足就是A面沾指纹,0,该店铺购买≥2次,5,16G,1T,UNK
2445,jd_us7g35l0pucp0o,2025-12-16,超能电竞R7000P RTX5060/R9 8940HX/16G 1T,货收到了，第一次买拯救者，第一次见到英伟达的显卡；外观很舒适，很有机械感；把电源开关放在键盘上方，这是个伟大的决策。不说了，还有天国拯救2，黑神话，战地等我玩呢。,0,否,5,16G,1T,UNK
2446,jd_57kvx9sbql11eg,2025-12-27,超能电竞R7000P RTX5060/R9 8940HX/16G 1T,灯光炫酷，散热快，原装正品有保障，还得是联想大品牌，可靠,0,该店铺购买≥2次,5,16G,1T,UNK
2447,j***q,2026-01-20,超能电竞R7000P RTX5060/R9 8940HX/16G 1T,运行流畅，轻薄便携，办公娱乐都很顺手。屏幕清晰，续航给力，带出门一整天无压力。用了一段时间非常满意，性价比超高！,0,否,5,16G,1T,UNK
2448,jd_fem85302ihi82v,2025-12-21,超能电竞R7000P RTX5060/R9 8940HX/16G 1T,颜值高，开机很快，属于是联想拯救者老用户了，相信这个品牌，,0,否,5,16G,1T,UNK
2449,jd_3a5c04cukosl5c,2026-01-23,超能电竞R7000P RTX5060/R9 8940HX/16G 1T,这款电脑外观质感不错，性能很强劲，散热很好，很安静，符合联想高静游戏本。真的很超值，值得购买。店家服务很到位。,0,否,5,16G,1T,UNK
2450,jd_bf3774r9rn5gv9,2025-12-16,超能电竞R7000P RTX5060/R9 8940HX/16G 1T,比以前的老电脑刷新率高多了，看着很舒服，这个价位还是不错的。,0,该店铺购买≥2次,5,16G,1T,UNK
2451,疾风亦有归途98,2025-12-29,超能电竞R7000P RTX5060/R9 8940HX/16G 1T,喜欢这个本很久了，终于收到心仪已久的电脑了，试用了一天忍不住来夸一夸！机身轻薄颜值高，屏幕清晰度真的很惊艳，色彩饱和看着特别舒服。处理器速度飞快，多任务切换完全不卡顿，打游戏、剪视频都流畅到飞起～键盘手感也超棒，散热效果很好，不是很烫，用了几个小时都没什么噪音，很棒。 收起,0,该店铺购买≥2次,5,16G,1T,UNK
2452,丶旋空,2026-01-09,超能电竞R7000P RTX5060/R9 8940HX/16G 1T,不愧是拯救者，质感非常好，感觉做工非常扎实，颜值也十分在线，希望能带来好的体验，拯救者值得信赖,0,该店铺购买≥2次,5,16G,1T,UNK
2453,轻松小先生_成功x8542,2026-01-04,超能电竞R7000P RTX5060/R9 8940HX/16G 1T,在网上查了好多，最后买的这款电脑，屏幕特别清晰，分辨率高，运行速度快，包装完好，很不错的一款电脑,0,否,5,16G,1T,UNK
2454,元***d,2025-12-30,超能电竞R7000P RTX5060/R9 8940HX/16G 1T,挺满意的一次购买，激活没问题，查了也是原装货。电脑运行很流畅，玩儿3a大作，效果很好。平时各种程序的响应都在正常范围内，用了一个多月，目前没什么异常。,0,该店铺购买≥2次,5,16G,1T,UNK
2455,jd_152017zxj,2026-01-10,超能电竞Y7000P RTX5060/i9-14900HX/16G 1T,拯救者Y7000P满血RTX5060太顶了！2.5K 240Hz屏丝滑无拖影，3A高帧稳跑，散热强噪音低，游戏办公双适配，闭眼入不踩雷～2. 酷睿Ultra+满功耗显卡，多任务剪辑4K都不卡！屏幕色准绝、键盘不烫手，2.35kg便携还快充，学生党/职场人刚需全能本！3. 霜刃散热真给力，双烤几小时机身不烫，野兽模式静音不吵人，接口全不用转接，性能续航双在线，游戏本里的六边形战士！4. 碳晶黑机身质感拉满，低调不浮夸！240Hz高刷玩FPS跟手到离谱，广色域修图追剧都惊艳，性能强还轻便，性价,0,该店铺购买≥2次,5,16G,1T,UNK
2456,阿***和,2026-01-08,超能电竞R7000P RTX5060/R9 8940HX/16G 1T,第一次买游戏本，收到感觉不错，外观手感都挺好的，用一段时间再来反馈使用情况，希望好用没问题！,1,该店铺购买≥2次,5,16G,1T,UNK
2457,快***鸟,2025-12-23,超能电竞R7000P RTX5060/R9 8940HX/16G 1T,看了好几个品牌的笔记本电脑，最终选择了R7000P联想的拯救者。性价比高，外观简约大方，键盘还有背光，科技感满满，性能优越满足游戏工作两不误，挺满意的。,0,该店铺购买≥2次,5,16G,1T,UNK
2458,jd_2wzmnikk0ih56a,2026-01-24,超能电竞R7000P RTX5060/R9 8940HX/16G 1T,包装保护：几层包装，完美无损外形外观：造型美观画面品质：没得说游戏效果：非常强大运行速度：非常快,0,否,5,16G,1T,UNK
2459,jd_wm89hsv5u0z8vy,2026-01-03,超能电竞R7000P RTX5060/R9 8940HX/16G 1T,挺好的，就是抽到了个安慰奖，电脑是全新未激活的，充电次数只有出厂的一次，确实是全新的，国补便宜这么多买到的确实很值了,0,否,5,16G,1T,UNK
2460,jd_ctdt4c4b54lz9m,2026-01-10,超能电竞R7000P RTX5060/R9 8940HX/16G 1T,运行流畅无卡顿，硬盘扩容超方便，接口丰富散热佳，物流迅速包装严实，配送员态度贴心，整体体验满分????????,0,否,5,16G,1T,UNK
2461,满***睡,2026-01-22,超能电竞Y7000P RTX5070/i9-14900HX/16G 1T,联想拯救者Y7000P是一款表现均衡的高性能游戏本。硬核性能释放充分，搭载最新旗舰芯与显卡，应对3A大作和创作任务游刃有余。16英寸高刷电竞屏色彩与流畅度兼备，高效散热系统保障持续稳定输出。机身做工扎实，接口齐全，是追求性价比与可靠体验的玩家及创作者们的诚意之作。,0,该店铺购买≥2次,5,16G,1T,UNK
2462,jd_158805pfn,2025-12-23,超能电竞R7000P RTX5060/R9 8940HX/16G 1T,这台笔记本真的很好！散热效果非常好，玩游戏的时候几乎感受不到热量上升。整体体验非常愉快！本子很不错，验机无任何问题，用了几天散热很满意，高转速温度就往下降，平时工作很安静,0,否,5,16G,1T,UNK
2463,1***c,2026-01-03,超能电竞R7000P RTX5060/R9 8940HX/16G 1T,蹲这款蹲很久了，终于下单到手。体验感如预想的很好，散热表现也不错，目前都很满意，性价比很高。,0,否,5,16G,1T,UNK
2464,爱铁炮的老九,2026-01-27,超能电竞R7000P RTX5060/R9 8940HX/16G 1T,四种模式可以应对各种需求，还有独立显卡，黑神话悟空帧数稳定160左右，畅玩哈哈哈,0,否,5,16G,1T,UNK
2465,b***k,2026-01-27,超能电竞R7000P RTX5060/R9 8940HX/16G 1T,很不错 外壳很有质感 电脑很流畅玩游戏做PPT特别丝滑一点也不卡顿 非常喜欢 独显也很优秀 推荐推荐,0,否,5,16G,1T,UNK
2466,2***o,2026-01-26,超能电竞R7000P RTX5060/R9 8940HX/16G 1T,这款笔记本电脑完全满足了日常所有的游戏场景，配置也非常好，完美运行所有主流游戏，性价比超高的一款产品,0,否,5,16G,1T,UNK
2467,jd_mRBnOrQlAxJH,2026-01-15,超能电竞R7000P RTX5060/R9 8940HX/16G 1T,包装安全没有一点损坏，外观时尚非常的帅气，画面非常流畅，运行非常快。打游戏体验非常好。,0,该店铺购买≥2次,5,16G,1T,UNK
2468,jd_513623877,2026-01-12,超能电竞R7000P RTX5060/R9 8940HX/16G 1T,看了许久的电脑，错过了双十一的活动，等了这么两个月，终于等到了更划算的价格，还用了国补。,0,否,5,16G,1T,UNK
2469,u_is1vkewhcoow,2026-01-24,超能电竞R7000P RTX5060/R9 8940HX/16G 1T,拯救者的电脑手感很不错呢，金属的质感，然后不会很重，双肩包背刚刚好，买来学习的，高配置不会卡，不错！,0,该店铺购买≥2次,5,16G,1T,UNK
2470,jd_la3xfl5y580kc9,2026-01-27,超能电竞R7000P RTX5060/R9 8940HX/16G 1T,包装保护：严丝合缝外形外观：帅气逼人画面品质：美丽动人运行速度：飞驰电掣游戏效果：心满意足,0,该店铺购买≥2次,5,16G,1T,UNK
2471,j***l,2026-01-24,超能电竞R7000P RTX5060/R9 8940HX/16G 1T,这款拯救者R7000P性能拉满，2.5K240Hz屏办公和游戏都超爽，散热也很稳，非常满意的购买！,0,否,5,16G,1T,UNK
2472,MZvGNLhTgPpU,2026-01-19,超能电竞Y7000P RTX5060/i9-14900HX/16G 1T,纠结了好久的游戏本终于到手，拯救者Y7000P直接戳中我的心巴！碳晶黑机身+磨砂质感高级又低调，日常通勤或工作室用都不突兀，A面背光logo开机瞬间仪式感拉满～,0,该店铺购买≥2次,5,16G,1T,UNK
2473,钟华馨,2026-01-13,超能电竞Y7000P RTX5060/i7-14650HX/16G 1T,整体来说这是一款非常棒的电脑，运行速度很快，最让我惊讶的是画质特别清晰，因为我主要是画图用的，所以用游戏本是最合适不过的，而且y7000p相对来说价格也相对亲民，所以真的是最优选择了。电脑用了一段时间后才来评论，主要是想发表最真实的想法。当然京东的物流是非常值得信赖的。,0,否,5,16G,1T,UNK
2474,j***6,2025-12-28,超能电竞R7000P RTX5060/R9 8940HX/16G 1T,不愧是口碑神机！高色域屏幕还原精准，适合设计剪辑，多任务处理流畅不卡顿，散热系统安静高效，重量便携性兼顾，学生党和职场人都适配，闭眼冲就对了！,0,该店铺购买≥2次,5,16G,1T,UNK
2475,k***k,2026-01-09,超能电竞R7000P RTX5060/R9 8940HX/16G 1T,笔记本玩起来很流畅 很帅啊看起来 r7000p 打游戏真的很舒服 屏幕也看起来很舒服,0,该店铺购买≥2次,5,16G,1T,UNK
2476,j***m,2026-01-26,超能电竞Y7000P RTX5060/i7-14650HX/16G 1T,在网上做攻略做了很久，发现最喜欢的还是这个电脑。今天呢终于等来了这个电脑打开一看，确实是自己喜欢的样子，开机速度很快，散热也很快，灯光效果很酷，很喜欢，推荐,0,否,5,16G,1T,UNK
2477,菟***蕬,2026-01-08,超能电竞R7000P RTX5060/R9 8940HX/16G 1T,外观设计戳中审美，碳晶黑金属机身质感十足，A面经典大Y灯效低调不浮夸，商务办公和电竞场景切换毫无违和感。,0,否,5,16G,1T,UNK
2478,别买了你真的没钱,2026-01-08,超能电竞R7000P RTX5060/R9 8940HX/16G 1T,人生第一台属于自己的新电脑，挑了两个星期，果然没有辜负我找了这么久质感很好，外观也很机能风爱死了！,0,该店铺购买≥2次,5,16G,1T,UNK
2479,j***w,2025-12-21,超能电竞R7000P RTX5060/R9 8940HX/16G 1T,此用户未及时填写评价内容,0,该店铺购买≥2次,5,16G,1T,UNK
2480,杨_小新,2026-01-11,超能电竞R7000P RTX5060/R9 8940HX/16G 1T,拯救者的外观一直都很不错，这代沾指纹严重，包装很好，没有磕碰，机器接口也都贴了模，机器正常，符合预期。,0,该店铺购买≥2次,5,16G,1T,UNK
2481,适当时候111,2026-01-05,超能电竞Y7000P RTX5060/i9-14900HX/16G 1T,刚好碰到26年国补，就给孩子买了，关注Y7000P一段时间了。25年的国补真的是难抢啊。笔记本全新，联想的做工还是符合一线品牌水平！配置四到五年应该够用。外观不错有质感！最后就是今年的电脑都有少许涨价国补又减少了补贴，总感觉没赶上去年的价格就算亏！总之孩子喜欢就好！,0,否,5,16G,1T,UNK
2482,jd_41t1u10midok0y,2026-01-07,超能电竞R7000P RTX5060/R9 8940HX/16G 1T,很好，精挑细选选定了这款，很有质感，到手就立马下了个三角洲来玩运行起来非常流畅丝滑,0,否,5,16G,1T,UNK
2483,团团198542,2026-01-04,超能电竞R7000P RTX5060/R9 8940HX/16G 1T,真的超级喜欢，非常支持，质量非常好，与卖家描述的完全一致，非常满意！联想客服也非常好,0,该店铺购买≥2次,5,16G,1T,UNK
2484,jd_81ozauxafedyqt,2026-01-08,超能电竞R7000P RTX5060/R9 8940HX/16G 1T,拯救者非常帅气，配置杠杠的，接口也非常多，网口，耳机口，USB口等绝对够用，系统顺畅丝滑，推荐入手！,0,否,5,16G,1T,UNK
2485,秋刀鱼与猫a,2026-01-20,超能电竞R7000P RTX5060/R9 8940HX/16G 1T,性能没话说，相比于其他型号更加实惠，外观大气上档次，屏幕正好，运行速度够快，USB接口也很多！,0,否,5,16G,1T,UNK
2486,jd_qj23t3nzf2ia2l,2026-01-24,超能电竞Y7000P RTX5060/i9-14900HX/16G 1T,这款电脑性能很稳定，散热性能也好，给大一孩子买的，孩子很喜欢，配置也好，刚好国补就提前给孩子个惊喜。爱了快递也很给力，第二天就到了。,0,该店铺购买≥2次,5,16G,1T,UNK
2487,u_846k9c21b37d,2026-01-17,超能电竞R7000P RTX5060/R9 8940HX/16G 1T,物流速度快，这个游戏本性价比高，游戏很流畅，刚好满足小朋友的需求，值得推荐,0,否,5,16G,1T,UNK
2488,随便取个名字o,2026-01-15,超能电竞Y7000P RTX5060/i9-14900HX/16G 1T,联想拯救者Y7000P 2025堪称性能猛兽，高负载游戏表现极为流畅。2.5K 240Hz高分高刷屏带来了惊艳的视觉体验。第二代乾坤散热系统强悍高效，有效控制噪音。整体做工扎实，接口齐全，是兼具性能和质感的均衡之选，是主流价位段极具竞争力的标杆级游戏本。,0,该店铺购买≥2次,5,16G,1T,UNK
2489,jd_i22bn9r9vj2qio,2026-01-13,超能电竞R7000P RTX5060/R9 8940HX/16G 1T,价格实惠  特别好用 一直喜欢 终于到了 属于自己人生中第一台电脑 很喜欢,0,否,5,16G,1T,UNK
2490,崔凤弛,2026-01-27,超能电竞R7000P RTX5060/R9 8940HX/16G 1T,电脑是黑色的，键盘灯光可以调节亮度，包装完好没有磕磕碰碰，插头没有刮痕，屏幕没有刮痕。,0,否,5,16G,1T,UNK
2491,多米居居mua,2026-01-17,超能电竞R7000P RTX5060/R9 8940HX/16G 1T,已经正常运行了，感觉很好用，客服也很耐心，再用用看应该不失望，点赞??,0,否,5,16G,1T,UNK
2492,心冷1111,2025-12-24,超能电竞R7000P RTX5060/R9 8940HX/16G 1T,这台笔记本真的很棒！散热效果非常出色，玩游戏的时候几乎感受不到热量上升。另外，音效也让我很满意，听着音乐特别享受。整体体验非常愉快！本子很不错，散热效果很好，双烤849，单内存整机跑分197万+，一步步验机无任何问题，用了几天散热响应很快，高转速温度就往下降，平时工作又安静,0,该店铺购买≥2次,5,16G,1T,UNK
2493,a111223344,2026-01-24,超能电竞R7000P RTX5060/R9 8940HX/16G 1T,20年拯救者用了四年，现在换第二台拯救者，玩3a大作，又可以办公。,0,该店铺购买≥2次,5,16G,1T,UNK
2494,u_pn4wnemvwhrk,2026-01-03,超能电竞R7000P RTX5060/R9 8940HX/16G 1T,联想拯救者r7000p是我很喜欢的一款电脑，想买很久了。电脑非常流畅，游戏办公都很给力，推荐入手,0,否,5,16G,1T,UNK
2495,龙毛2,2026-01-13,超能电竞Y7000P RTX5060/i7-14650HX/16G 1T,孩子上大学了，要求笔记本的配置高，所以就选了这款联想的，京东商城购买活动力度大，加上国家补贴后已经非常便宜啦，买东西还是的上京东。,0,否,5,16G,1T,UNK
2496,亲***o,2026-01-04,超能电竞R7000P RTX5060/R9 8940HX/16G 1T,宝贝已收到，外观挺好看的，速度也很快。超级喜欢，颜值高又实用，超级喜欢！,0,该店铺购买≥2次,5,16G,1T,UNK
2497,jd_183656kez,2026-01-27,超能电竞Y7000P RTX5060/i9-14900HX/16G 1T,性能拉满，高负载稳得住：搭载i7-14650HX/i9-14900HX处理器+RTX5060（115W满功耗）显卡组合，整机200W双满功耗释放，配合DLSS 4技术，2.5K分辨率下光追3A大作帧率稳定75FPS以上，电竞游戏帧数超480，多任务运行也无卡顿；第二代乾坤散热系统加持，双烤30分钟核心温度仍控制在85℃以内，键盘操作区仅38℃，告别烫手问题。,0,否,5,16G,1T,UNK
2498,u_ylmxs6jn6u5t,2026-01-01,超能电竞R7000P RTX5060/R9 8940HX/16G 1T,这款电脑运行流畅，开机速度快，屏幕清晰色彩好，散热稳定，办公娱乐都够用，性价比高，很满意??,0,否,5,16G,1T,UNK
2499,烟***n,2025-12-31,超能电竞R7000P RTX5060/R9 8940HX/16G 1T,此用户未及时填写评价内容,0,否,5,16G,1T,UNK
2500,小***坏,2026-01-27,超能电竞R7000P RTX5060/R9 8940HX/16G 1T,一直用的拯救者的笔记本电脑，很好用，性能也够强！推荐得很！,0,否,5,16G,1T,UNK
2501,jd_136914aql,2026-01-18,超能电竞R7000P RTX5060/R9 8940HX/16G 1T,新款r7000p使用体验很棒 玩游戏很流畅 性价比很高 适合学生党 散热效果也很好,0,否,5,16G,1T,UNK
2502,o46ux4l0e9pot2,2026-01-10,超能电竞Y7000P RTX5060/i7-14650HX/16G 1T,包装保护：全新未拆封， 游戏效果：游戏运行流畅外形外观：无瑕疵破损画面品质：颜色很正，几乎没有漏光现象，很完美跑分评测：没有三分，主要简单办公，偶尔玩个游戏，处处有余。运行速度：比老笔记本快的没边，配置硬件品牌一般。游戏效果：没咋玩游戏，玩游戏应该也是处处有余,0,该店铺购买≥2次,5,16G,1T,UNK
2503,jd_4fw68r8i8dgwph,2026-01-22,超能电竞R7000P RTX5060/R9 8940HX/16G 1T,电脑不错 很酷 那个给老公的她很喜欢 也很流畅 屏幕也很清晰,0,否,5,16G,1T,UNK
2504,ku685ew7au2g5f,2026-01-09,超能电竞R7000P RTX5060/R9 8940HX/16G 1T,性能非常优异，打游戏办公两不误，加上国补活动，性价比超棒，值得拥有,0,该店铺购买≥2次,5,16G,1T,UNK
2505,jd_pYZZvckQZqpj,2026-01-25,超能电竞R7000P RTX5060/R9 8940HX/16G 1T,很理想的一次购买，电脑品质也很好，包装很严实，快递送货效率也非常快，值得推荐。,0,否,5,16G,1T,UNK
2506,jd_139115kez,2026-01-04,超能电竞R7000P RTX5060/R9 8940HX/16G 1T,很好，一直相信京东自营产品，用着打游戏毫无压力，联想客服解答也很给力,0,否,5,16G,1T,UNK
2507,j***k,2026-01-05,超能电竞R7000P RTX5060/R9 8940HX/16G 1T,运行速度算是比较快的，外接挺方便的，接口算是比较多的，灯光效果还可以。总体来说挺满意的。,0,否,5,16G,1T,UNK
2508,暴***媛,2026-01-27,超能电竞R7000P RTX5060/R9 8940HX/16G 1T,发货快，电脑很有质感，这款配置性价比很高，售后也很耐心！,0,否,5,16G,1T,UNK
2509,穿***猫,2026-01-17,超能电竞R7000P RTX5060/R9 8940HX/16G 1T,大一开始用的拯救者，现在工作了，拯救者已经换了3台了，很不错,0,否,5,16G,1T,UNK
2510,j***6,2026-01-16,超能电竞R7000P RTX5060/R9 8940HX/16G 1T,质量很好，包装严实，两个风扇散热贼快，噪音也不大，显示高清，打游戏很爽！不卡顿。,0,否,5,16G,1T,UNK
2511,u_pl9m1poivnlx,2026-01-03,超能电竞R7000P RTX5060/R9 8940HX/16G 1T,?这款显卡性能超乎预期，运行大型游戏毫无压力??！店铺服务态度贴心，客服响应迅速??。快递包装严实，收到时完好无损??。配送员送货准时，态度友好??。整体体验非常满意，强烈推荐！????,0,该店铺购买≥2次,5,16G,1T,UNK
2512,u_ttnou6pluqnu,2026-01-02,超能电竞R7000P RTX5060/R9 8940HX/16G 1T,外观帅气，质量很好，玩游戏十分流畅，配置优秀，屏幕没有漏光现象，跑分和实际上手都很优秀,0,该店铺购买≥2次,5,16G,1T,UNK
2513,jd_94173rjqaw95nj,2025-12-29,超能电竞R7000P RTX5060/R9 8940HX/16G 1T,推荐大家购买，非常好，正品，质量很好，看上去就给人一种高级感，价格也合适，打游戏，看视频很流畅，这次网购很愉快，大赞??,0,否,5,16G,1T,UNK
2514,j***9,2026-01-09,超能电竞R7000P RTX5060/R9 8940HX/16G 1T,安全下车，非常优秀，挺好的，选择相信拯救者包装保护：包装也很好会在最外面再来一层,0,否,5,16G,1T,UNK
2515,槛***i,2025-12-20,超能电竞R7000P RTX5060/R9 8940HX/16G 1T,包装保护：完美跑分评测：速度很快呀，玩游戏不卡顿画面品质：哦，特别流畅，除了运行大型游戏也非常清晰外形外观：黑色外观很经典，不建议加任何膜,0,否,5,16G,1T,UNK
2516,u_l9ygmimjc7kd,2026-01-03,超能电竞Y7000P RTX5060/i7-14650HX/16G 1T,联想拯救者这款机型喜欢了很久了，拿到手就按照网上的验机流程进行验机，官方旗舰店的品质果然没让我失望，让我安全下车，机子的野兽功能也是直接让我感受到了拯救者y7000p的狂野性能。激活office的过程中也有客服小姐姐们的细心指导，满满幸福感的购物流程。,0,否,5,16G,1T,UNK
2517,我***婷,2025-11-12,超能电竞R7000P RTX5060/R9 8940HX/16G 1T,此用户未填写评价内容,0,否,5,16G,1T,UNK
2518,jd_wlqwvcm55164uy,2025-12-22,超能电竞R7000P RTX5060/R9 8940HX/16G 1T,真的很喜欢，完全超出期望值，发货速度非常快，包装非常仔细、严实，运送速度很快，很满意的一次购物这质量真是太意外了，实物完美，质感很好，很推荐哦~,0,否,5,16G,1T,UNK
2519,jd_4i29pgaffsdoet,2026-01-15,超能电竞R7000P RTX5060/R9 8940HX/16G 1T,联想这款拯救者r7000p是一款非常不错的手提电脑值得大家去购买闪热特别快值得,0,否,5,16G,1T,UNK
2520,jd_188784txi,2026-01-07,超能电竞R7000P RTX5060/R9 8940HX/16G 1T,整体来说非常不错，玩游戏流畅，而且是全新正品的，非常满意，还没入手的要抓紧时间了。,0,该店铺购买≥2次,5,16G,1T,UNK
2521,m72hu99l7s84xe,2025-12-28,超能电竞Y7000P RTX5060/i7-14650HX/16G 1T,非常满意，非常酷，在天选和拯救者中纠结了许久，还是选择了拯救者，抢了几天的国补（虽然没抢到(T＿T)）外观非常帅，很喜欢这个小键盘，美美的拍了很多照片，有什么问题客服回答也很耐心，各方面都检验了确实是新机，用下来非常流畅，还没开始打游戏，应该会很爽?(`?′)?键盘灯光很不戳，希望这台机器可以一直陪我到研究生,1,否,5,16G,1T,UNK
2522,老毛的耄,2026-01-15,超能电竞R7000P RTX5060/R9 8940HX/16G 1T,以前就是用联想的，感觉不错，所以新电脑也是联想，体验非常好,0,否,5,16G,1T,UNK
2523,jd_35i1uoa9r6a40k,2026-01-11,超能电竞R7000P RTX5060/R9 8940HX/16G 1T,是正品新机，没有问题，看了一圈，还是京东自营比较靠谱，机身也没有破损等情况的发生,0,否,5,16G,1T,UNK
2524,j***2,2025-12-17,超能电竞R7000P RTX5060/R9 8940HX/16G 1T,包装保护：包装完好无损，外形外观：外观好看，符合我的要求游戏效果：游戏流畅运行速度：运行速度快画面品质：画面品质不错，收到货之后很满意,0,否,5,16G,1T,UNK
2525,不成熟的梦想家,2026-01-18,超能电竞Y7000P RTX5070/i9-14900HX/16G 1T,上一台工作用了6年的电脑实在撑不住了准备换个新机子，刚好又抢到了26年的国补，结合现有的一些优惠，货比三家后最终还是选择了拯救者。25款的模具比24款的颜值和设计感还是提升了不少。开箱验机一气呵成，这个配置对自己日常工作和游戏需求完全满足了。,0,该店铺购买≥2次,5,16G,1T,UNK
2526,鸾鸾妈,2026-01-19,超能电竞R7000P RTX5060/R9 8940HX/16G 1T,产品质量卓越，物流速度迅速，服务态度热情周到，整体体验非常满意！产品设计精美，细节处理到位，使用体验超出预期。客服态度友好，解决问题迅速有效。整体购物体验非常满意，强烈推荐。,0,该店铺购买≥10次,5,16G,1T,UNK
2527,jd_138700kfc,2026-01-22,超能电竞R7000P RTX5060/R9 8940HX/16G 1T,非常的帅气，十分的喜欢，是全新的，通电记录只有一次??????，还会回购的,1,否,5,16G,1T,UNK
2528,喵喵喵苗喵喵,2026-01-24,超能电竞R7000P RTX5060/R9 8940HX/16G 1T,挺满意的一次购物，速度也很快，验机下来没有什么问题。,0,否,5,16G,1T,UNK
2529,W小叔叔,2025-12-30,超能电竞R7000P RTX5060/R9 8940HX/16G 1T,画面品质：比我用了十年的小新好多了。运行速度：非常流畅。包装保护：跟套娃似的。外形外观：我喜欢白色的。你不卖。,0,该店铺购买≥2次,5,16G,1T,UNK
2530,jd_yuhuiz365,2026-01-18,超能电竞R7000P RTX5060/R9 8940HX/16G 1T,2.5 k的屏幕很清晰，运行速度快，散热效果良好。包装保护到位，可以买～～,0,该店铺购买≥2次,5,16G,1T,UNK
2531,jd_4p40g60b82156q,2026-01-17,超能电竞R7000P RTX5060/R9 8940HX/16G 1T,等了很久终于到货了，验机之后还好没有问题，是新机，期待能够陪伴自己过五年吧,0,该店铺购买≥2次,5,16G,1T,UNK
2532,u_do9zaou4btuo,2026-01-17,超能电竞R7000P RTX5060/R9 8940HX/16G 1T,爽到飞起，特别丝滑，性价比极高。外接方便，玩游戏超级丝滑，开野兽爽到爆！,0,否,5,16G,1T,UNK
2533,紫云追忆,2026-01-24,超能电竞R7000P RTX5060/R9 8940HX/16G 1T,新电脑就是好用，快递也很方便，可以继续开黑了。开心,0,该店铺购买≥2次,5,16G,1T,UNK
2534,花***爱,2026-01-03,超能电竞R7000P RTX5060/R9 8940HX/16G 1T,已收到商品，使用非常满意，下单后发货时间很快，快递小哥也很热情，总之，无可挑剔。,0,该店铺购买≥2次,5,16G,1T,UNK
2535,未来之帕游麟,2026-01-09,超能电竞R7000P RTX5060/R9 8940HX/16G 1T,发货迅速，第二天就到了。电脑性价比高，屏幕清晰，响应速度很快，散热也非常好。,1,否,5,16G,1T,UNK
2536,jd_gb243f2wp1xgro,2025-12-31,超能电竞R7000P RTX5060/R9 8940HX/16G 1T,整体品控细节拉满，外观任何瑕疵，整体来说真的很不错。价格相比于其他品牌偏高，但物有所值，配送也快，晚上下单第二天上午就专人配送到位。,0,否,5,16G,1T,UNK
2537,f***d,2026-01-02,超能电竞Y7000P RTX5060/i7-14650HX/16G 1T,"赞(??????)??大品牌值得信赖，质量很好，值得信赖！真的超级喜欢，非常支持，与卖家描述的完全一致，十分满意,完全超出期望值，发货速度非常快，包装非常仔细、严实，物流公司服务态度很好，运送速度很快，很满意的一次购物。",0,否,5,16G,1T,UNK
2538,696u71mioq4j08,2026-01-08,超能电竞R7000P RTX5060/R9 8940HX/16G 1T,本次购买电脑售后非常好，一开始有点小问题换货后发来的新的电脑非常好，全新流畅,0,该店铺购买≥2次,5,16G,1T,UNK
2539,j***b,2026-01-03,超能电竞R7000P RTX5060/R9 8940HX/16G 1T,产品很新，到手就拆开用了，很不错，以后还会支持联想家的产品,0,否,5,16G,1T,UNK
2540,jd_333n3v8qh9637c,2026-01-07,超能电竞R7000P RTX5060/R9 8940HX/16G 1T,"性能很强，屏幕很清晰，高刷打游戏也非常爽，拯救者的售后也非常方便,相信联想。",0,否,5,16G,1T,UNK
2541,Kyou,2026-01-15,超能电竞Y7000P RTX5070/i9-14900HX/16G 1T,颜值没得挑，性能非常强悍，无论是做图还是游戏都能胜任。25款把原来后方的接口改到两侧，增大了散热出风口，性能模式下发热量很大，背后最好不要放东西。电源尺寸比以往小了很多，更加便携。不插电源的话耗电速度肉眼可见的快，不过充电也非常快！,0,该店铺购买≥10次,5,16G,1T,UNK
2542,j***k,2026-01-09,超能电竞R7000P RTX5060/R9 8940HX/16G 1T,电脑颜值很高，运行速度快，打游戏不卡顿，噪音也小，长时间使用也不烫，很好。,0,该店铺购买≥2次,5,16G,1T,UNK
2543,jd_FsWAGNaynsJP,2025-12-24,超能电竞R7000P RTX5060/R9 8940HX/16G 1T,这款联想拯救者R7000p外观简洁大方，性能超强，游戏画质流畅毫无压力。散热系统也特别给力，无论是玩游戏还是处理工作都非常流畅。,0,否,5,16G,1T,UNK
2544,jd_j1ic1ov65kh4wm,2026-01-04,超能电竞R7000P RTX5060/R9 8940HX/16G 1T,拯救者R7000p安全下车，京东自营的就是快且有质量保障，笔记本用起来很流畅,0,否,5,16G,1T,UNK
2545,jd_138445jbf,2025-12-26,超能电竞Y7000P RTX5060/i7-14650HX/16G 1T,打游戏比较丝滑，散热器功率大，散热快，像安了一个大风扇，黑色的机身大气。,0,否,5,16G,1T,UNK
2546,Gracejf829,2026-01-11,超能电竞R7000P RTX5060/R9 8940HX/16G 1T,给孩子买的，他非常喜欢。玩游戏挺流畅，散热也很不错。,0,该店铺购买≥2次,5,16G,1T,UNK
2547,j***1,2025-12-21,超能电竞Y7000P RTX5060/i9-14900HX/16G 1T,联想拯救者Y7000P2025，外观很漂亮，配置功能各方面都不错，值得推荐,0,该店铺购买≥2次,5,16G,1T,UNK
2548,j***1,2026-01-06,超能电竞R7000P RTX5060/R9 8940HX/16G 1T,目前用着还不错，体验感还行，品控还可以！还是物有所值的,0,该店铺购买≥2次,5,16G,1T,UNK
2549,jd_6w9yhtg38of2v9,2025-12-29,超能电竞R7000P RTX5060/R9 8940HX/16G 1T,这款笔记本性能强劲，运行流畅，散热表现优秀??。外观设计简洁大气，携带方便??。客服响应迅速，物流速度快??，整体体验非常满意！！,0,否,5,16G,1T,UNK
2550,aOrWWZwkdGcI,2026-01-02,超能电竞R7000P RTX5060/R9 8940HX/16G 1T,散热很快，手感很不错，作为第一款入手的笔记本我个人认为还是不错的，性价比很高,0,否,5,16G,1T,UNK
2551,S***4,2026-01-18,超能电竞R7000P RTX5060/R9 8940HX/16G 1T,心心念念的电脑我终于买啦，非常好看的外观是黑色的高端大气上档次！！！,0,否,5,16G,1T,UNK
2552,jd_wvc15k9w5kj1j6,2026-01-20,超能电竞R7000P RTX5060/R9 8940HX/16G 1T,货很正，是新机子，经得起验机，值得信赖，CPU和显示屏都是靠谱货。,0,否,5,16G,1T,UNK
2553,TheGloves,2026-01-12,超能电竞Y7000P RTX5060/i9-14900HX/16G 1T,包装保护：包装很到位，到手没有任何损坏检查过了是全新机，用起来一点都不卡，5060打游戏非常丝滑，客服态度非常好会耐心解答问题。,0,否,5,16G,1T,UNK
2554,jd_5vmn9ove59yfky,2025-12-30,超能电竞R7000P RTX5060/R9 8940HX/16G 1T,第二台电脑还是选了拯救者，看中性能不错，键盘接口布局合理，用着很舒服，联想售后也很不错，总体还是非常满意的。,0,否,5,16G,1T,UNK
2555,u_gwv5r4z8lggw,2026-01-18,超能电竞R7000P RTX5060/R9 8940HX/16G 1T,接口丰富，外接方便，整体感受很好，玩游戏很流畅，整体感受比较好！！,0,该店铺购买≥2次,5,16G,1T,UNK
2556,jd_l4m0xk9d90rw59,2026-01-11,超能电竞Y7000P RTX5060/i9-14900HX/16G 1T,笔记本收到了，非常好，也很流畅电脑的外观也很好看，运行速度也挺快，屏幕非常清晰，音质也很不错。使用起来特别好用，是值得拥有的一款笔记本。其次要说的是这款笔记本电脑的性能还是非常非常不错的，屏幕色彩也是非常清晰，质量待用一段时间后知晓。,0,该店铺购买≥2次,5,16G,1T,UNK
2557,7soks446rq0tss,2026-01-14,超能电竞R7000P RTX5060/R9 8940HX/16G 1T,挑了很久，多个朋友推荐才买的，平常玩玩鸣潮和瓦感觉挺流畅的，非常推荐,0,否,5,16G,1T,UNK
2558,jd_2vpr78o90ijg11,2026-01-09,超能电竞R7000P RTX5060/R9 8940HX/16G 1T,特别好看 屏幕也很大 用起也特别流畅 很适合玩游戏 平时完成作业也很好,0,否,5,16G,1T,UNK
2559,暴富吧向北吧,2025-12-25,超能电竞R7000P RTX5060/R9 8940HX/16G 1T,还得是大品牌的电脑牌子打游戏一点都不卡，运行速度非常非常的快，散热也很棒，图形处理能力非常还原，打游戏非常快乐,0,否,5,16G,1T,UNK
2560,小炭-陈,2026-01-03,超能电竞R7000P RTX5060/R9 8940HX/16G 1T,蹲了好几天，终于有个好价格！做工不错，速度很快，接口也丰富！值得推荐！,0,该店铺购买≥2次,5,16G,1T,UNK
2561,射雕英雄华,2026-01-07,超能电竞R7000P RTX5060/R9 8940HX/16G 1T,包装完整 外观完好 画面品质好 跑分评测好 运行速度快 游戏效果真不错,0,该店铺购买≥2次,5,16G,1T,UNK
2562,Mark1027,2026-01-06,超能电竞R7000P RTX5060/R9 8940HX/16G 1T,电脑收到了，很好，运行很快，非常满意，联想值得信赖,0,该店铺购买≥2次,5,16G,1T,UNK
2563,偸个月靚,2025-12-20,超能电竞R7000P RTX5060/R9 8940HX/16G 1T,开箱即惊艳，外观质感满分！屏幕显示细腻，游戏运行流畅无卡顿，散热表现优秀，长时间使用也不烫手。整体体验非常满意，值得入手????,0,否,5,16G,1T,UNK
2564,6***p,2026-01-22,超能电竞R7000P RTX5060/R9 8940HX/16G 1T,散热快，运行快，灯光炫酷，外接方便，接口多，很不错，毕竟大牌子,0,否,5,16G,1T,UNK
2565,D***D,2026-01-09,超能电竞R7000P RTX5060/R9 8940HX/16G 1T,电脑很帅性能爆赞，非常好的一次购物体验，屏幕颜色细腻，键盘背光很靓。,0,否,5,16G,1T,UNK
2566,j***4,2026-01-04,超能电竞R7000P RTX5060/R9 8940HX/16G 1T,图像处理很强，散热较快，灯光效果很酷，硬盘升级很好,0,该店铺购买≥2次,5,16G,1T,UNK
2567,2u03wgvy0y6q7u,2026-01-27,超能电竞Y7000P RTX5060/i7-14650HX/16G 1T,拯救者Y7000P 2025款性能满血、屏幕和散热拉满，国补后性价比高，游戏创作都适配，也没有网上说的那么重，闭眼入。,0,该店铺购买≥10次,5,16G,1T,UNK
2568,李***哒,2026-01-09,超能电竞R7000P RTX5060/R9 8940HX/16G 1T,包装保护到位快递物流迅速，国补下来很优惠，性价比高已经推荐朋友啦,0,否,5,16G,1T,UNK
2569,jd_46kifo42q4sz4b,2025-12-26,超能电竞R7000P RTX5060/R9 8940HX/16G 1T,这款笔记本外观简约时尚，轻薄便携，很适合日常携带。性能表现出色，运行流畅不卡顿，处理工作娱乐都轻松。电池续航也久，值得购买。,0,否,5,16G,1T,UNK
2570,蚂---蚁,2026-01-03,超能电竞R7000P RTX5060/R9 8940HX/16G 1T,电脑相当不错，客服态度也挺好的，游戏效果杠杠的。,0,否,5,16G,1T,UNK
2571,j***m,2025-12-23,超能电竞R7000P RTX5060/R9 8940HX/16G 1T,拿到手的时候包装很严实，电源适配器比想象中的要轻一些，平时用office软件风扇声不大，打游戏的风扇声比想象中小。整体还挺好的,0,否,5,16G,1T,UNK
2572,ul23i7mod56hso,2025-12-16,超能电竞R7000P RTX5060/R9 8940HX/16G 1T,使用很舒服。玩游戏不卡顿，不发热，显示清晰刷新率高。适合游戏党。作为主力机型值得推荐！质量有保障，用的放心！,0,该店铺购买≥2次,5,16G,1T,UNK
2573,网***柒,2025-12-24,超能电竞R7000P RTX5060/R9 8940HX/16G 1T,包装保护：很严实外形外观：很帅气游戏效果：还没试画面品质：2.5k 50系 独显 拉满快递很快 隔天到，并且服务很好,0,否,5,16G,1T,UNK
2574,jd_b257yh7fq4ytxn,2025-11-05,超能电竞R7000P RTX5060/R9 8940HX/16G 1T,性能没的说，玩游戏很流畅，物流也很快，但我拿到货不到10天，声音就要问题了，偶尔有电音,0,该店铺购买≥2次,2,16G,1T,UNK
2575,冷雨夜xpp,2026-01-13,超能电竞R7000P RTX5060/R9 8940HX/16G 1T,拯救者来了！物流包装严实，笔记本厚实，有质感。期待它的表现。,0,该店铺购买≥2次,5,16G,1T,UNK
2576,tozsgu297k56gf,2026-01-25,超能电竞R7000P RTX5060/R9 8940HX/16G 1T,散热快，打游戏很流畅，外接方便，灯光效果也很酷，推荐买。,0,否,5,16G,1T,UNK
2577,linliying520520,2025-12-28,超能电竞R7000P RTX5060/R9 8940HX/16G 1T,宝贝真的很好很好呀，棒棒的，没有色差，没有质量问题，客服的服务态度也很好啊，物流也给力，喜欢的亲赶紧下单吧，值得值得下单呐,0,否,5,16G,1T,UNK
2578,jd_5en8ivo2hddff0,2026-01-16,超能电竞R7000P RTX5060/R9 8940HX/16G 1T,性能拉满，散热好。是新机器。总体感觉不错,0,该店铺购买≥2次,5,16G,1T,UNK
2579,66大大顺顺顺,2025-12-27,超能电竞R7000P RTX5060/R9 8940HX/16G 1T,联想拯救者R7000P太香了！锐龙处理器性能炸裂，满血显卡玩3A超流畅，高刷屏观感绝佳，散热给力，学生党游戏学习两不误！,0,该店铺购买≥2次,5,16G,1T,UNK
2580,u***x,2026-01-16,超能电竞R7000P RTX5060/R9 8940HX/16G 1T,2025款联想拯救者R7000P堪称7000元档“六边形战士”，锐龙9处理器搭配RTX 50系显卡，195W性能释放稳定，3A大作高帧流畅。2.5K 240Hz高刷屏色彩饱满、响应迅速，第二代乾坤散热让高负载下机身凉爽。接口丰富且扩展性强，一线品牌品控与售后加持，兼顾游戏、创作与日常使用，闭眼入不亏。,0,否,5,16G,1T,UNK
2581,名字还未想好,2025-12-18,超能电竞R7000P RTX5060/R9 8940HX/16G 1T,外形外观：大气，简约画面品质：可以的包装保护：很完好，首次开机运行速度：挺快游戏效果：还没玩不知道，暂时都是很完美的,0,否,5,16G,1T,UNK
2582,jd_QdtjoicfqNjk,2026-01-13,超能电竞Y7000P RTX5060/i7-14650HX/16G 1T,笔记本收到了，非常好，也很流畅电脑的外观也很使用后好看，运行速度也挺快，屏幕非常清晰，音质也很不错。使用起来特别好用，是值得拥有的一款笔记本。其次要说的是这款笔记本电脑的性能还是非常非常不错的，屏幕色彩也是非常清晰，质量待用一段时间后知晓。,0,该店铺购买≥2次,5,16G,1T,UNK
2583,Tonyj007,2026-01-28,超能电竞R7000P RTX5060/R9 8940HX/16G 1T,孩子学习用，运行流畅，很喜欢。外观重量也都很合适。,0,该店铺购买≥2次,5,16G,1T,UNK
2584,2m5tbsh508sair,2026-01-19,超能电竞R7000P RTX5060/R9 8940HX/16G 1T,很不错，还在等更新，包装挺严实的，有泡沫保护，也没有磕碰,0,否,5,16G,1T,UNK
2585,j***o,2026-01-27,超能电竞R7000P RTX5060/R9 8940HX/16G 1T,外形炫酷质感佳，运行流畅速度快，物流靠谱，配置强大！,0,否,5,16G,1T,UNK
2586,jd_rmlhbd28x936jy,2025-12-21,超能电竞R7000P RTX5060/R9 8940HX/16G 1T,非常爽 ROG转拯救者 真的太喜欢了 趁着国补下单！哈哈已经可以爽玩游戏了非常推荐给任何一个没使用过拯救者的人！！！,0,否,5,16G,1T,UNK
2587,jd_VADuaJQwzckl,2026-01-19,超能电竞R7000P RTX5060/R9 8940HX/16G 1T,快递很给力，昨天晚上下单今天早上收到。机器很满意，机身质感在线，做工很好，散热口很有设计感，没玩游戏，就简单测试下，机器静音很好。价格有国补，还不错，毕竟内存和硬盘涨了那么多。,0,否,5,16G,1T,UNK
2588,就叫我小赵就好,2026-01-01,超能电竞R7000P RTX5060/R9 8940HX/16G 1T,到手后十分爱不释手！主要为了工作，性能非常棒,0,该店铺购买≥2次,5,16G,1T,UNK
2589,q82765pchh619b,2026-01-22,超能电竞R7000P RTX5060/R9 8940HX/16G 1T,喜欢这个电脑很久了 到货之后特别帅我特喜欢 非常的大气,0,否,5,16G,1T,UNK
2590,jd_p2n565oq0u726b,2026-01-05,超能电竞R7000P RTX5060/R9 8940HX/16G 1T,感觉还不错，可能就是我网比较慢，还没有试游戏 。摸起来还不错。,0,否,5,16G,1T,UNK
2591,jd_52c3q2ar2x1n9x,2026-01-21,超能电竞R7000P RTX5060/R9 8940HX/16G 1T,使用流畅，非翻新机，但是生产日期挺早的，不过不影响使用,0,否,5,16G,1T,UNK
2592,绅***二,2025-12-16,超能电竞R7000P RTX5060/R9 8940HX/16G 1T,这款笔记本设计简约而不失时尚，携带轻便，无论是日常学习还是出差办公，都是完美的伴侣。书写流畅，纸张质量上乘，让人爱不释手！,0,否,5,16G,1T,UNK
2593,j***w,2026-01-18,超能电竞R7000P RTX5060/R9 8940HX/16G 1T,外观满不错  用起来流畅 一直用的拯救者品牌质量有保证,0,否,5,16G,1T,UNK
2594,穿AJ的眼镜狗,2026-01-14,超能电竞R7000P RTX5060/R9 8940HX/16G 1T,电脑非常棒，质感也很好，我之前的电脑也是拯救者，让人放心,0,该店铺购买≥2次,5,16G,1T,UNK
2595,C***o,2026-01-27,超能电竞Y7000P RTX5060/i9-14900HX/16G 1T,纠结了好久最终入手这款Y7000P i9版，用了快两周彻底被圈粉，不管是游戏党还是创作党都能满足，同价位性价比直接拉满！先夸爆核心性能，i9-14900HX标压处理器太能打了，24核心32线程搭配200W满功耗释放，平时剪4K视频、跑3D建模都不卡顿，渲染速度比之前的老电脑快了一倍还多。搭配RTX 5060显卡，开启DLSS 4技术后，《赛博朋克2077》高画质+光追也能稳定60帧以上，《CS2》更是轻松拉满240Hz刷新率，操作跟手度绝了。,0,该店铺购买≥2次,5,16G,1T,UNK
2596,jd_fh7l1oa84fi6th,2025-12-16,超能电竞R7000P RTX5060/R9 8940HX/16G 1T,拿到机器的那一刻就非常喜欢，是我的梦想情机。马上开机玩游戏，非常流畅，画面杠杠的，拯救者果然名不虚传！,1,否,5,16G,1T,UNK
2597,ih4y359j8hmq1r,2026-01-05,超能电竞R7000P RTX5060/R9 8940HX/16G 1T,好，玩游戏流畅，长期使用，不烫，接口够多，推荐购买，正品正品,0,否,5,16G,1T,UNK
2598,j***9,2026-01-16,超能电竞R7000P RTX5060/R9 8940HX/16G 1T,外观商务，运行流畅，总体上很满意，可以用国补，很划算。,0,否,5,16G,1T,UNK
2599,b4c0w50p9w7srh,2026-01-03,超能电竞R7000P RTX5060/R9 8940HX/16G 1T,屏幕表现不错，运行安静，性能满足使用需求，外观也是朴实大气。,0,该店铺购买≥2次,5,16G,1T,UNK
2600,jd_u520r56cde4p75,2026-01-27,超能电竞R7000P RTX5060/R9 8940HX/16G 1T,这电脑简直像开了挂的“性能猛兽”，硬盘升级后跑分直接起飞，灯光效果酷到炸街，深夜打游戏都自带BGM！接口多得能接一排外设，外接显示器、键盘、鼠标全都不带喘气的。实拍图一看就知，这配置稳了，性价比直接拉满！,0,该店铺购买≥2次,5,16G,1T,UNK
2601,jd_5ip3j8p43a26nw,2026-01-03,超能电竞R7000P RTX5060/R9 8940HX/16G 1T,物流快服务好，电脑外观精致，性能强劲不卡顿，真心推荐入手！,0,该店铺购买≥2次,5,16G,1T,UNK
2602,xyXuan__,2026-01-15,超能电竞R7000P RTX5060/R9 8940HX/16G 1T,外包装完好，电脑外观完好，验机是新机，画面音色都不错,0,否,5,16G,1T,UNK
2603,-66,2025-12-25,超能电竞R7000P RTX5060/R9 8940HX/16G 1T,联想拯救者R7000P性能强悍，2.5K高刷屏+强散热，游戏办公双能打，性价比拉满超值得入手！,0,否,5,16G,1T,UNK
2604,j***g,2026-01-03,超能电竞Y7000P RTX5070/i9-14900HX/16G 1T,性价比封神的全能游戏本！满功耗显卡+高刷屏，游戏体验拉满；接口丰富不用转接器，散热给力不怎么降频，金属机身质感在线，键盘手感也舒服。虽然续航一般、机身偏重，但对追求性能的用户来说完全能接受，同价位里没对手，买了不后悔！,0,否,5,16G,1T,UNK
2605,爱吃宵夜的快递人,2026-01-02,超能电竞Y7000P RTX5060/i9-14900HX/16G 1T,2026年买给自己的第一份礼物-联想拯救者Y7000P，笔记本电脑界集性能与颜值一体的担当，收到货后安全下车。这款笔记本电脑颜值高，各个细节处理的很到位，简单测试了一下，散热优秀，性能强悍，期待后续使用中的出色表现！,0,该店铺购买≥2次,5,16G,1T,UNK
2606,j***a,2026-01-12,超能电竞R7000P RTX5060/R9 8940HX/16G 1T,第一次用，效果很不错，做工精细细腻，联想电脑很不错,0,该店铺购买≥2次,5,16G,1T,UNK
2607,邓亚菲,2026-01-25,超能电竞R7000P RTX5060/R9 8940HX/16G 1T,非常的好用，运行的非常快，打游戏以及剪辑类软件也非常的实用，综合能力比较强，同价位的情况下，这个性价比是最高的，强烈推荐这个，好吧，测评也非常高。,0,该店铺购买≥2次,5,16G,1T,UNK
2608,jd_25821t61reip2v,2026-01-24,超能电竞R7000P RTX5060/R9 8940HX/16G 1T,刚买的，没毛病，拯救者就是好用无脑冲就完了,0,否,5,16G,1T,UNK
2609,j***0,2026-01-07,超能电竞R7000P RTX5060/R9 8940HX/16G 1T,花了大价钱买的，线上线下都对比了一下，各种牌子，实体店的小哥们一致推荐这个，因为要打游戏，电脑是真的好沉，大型网游双开一点也不卡。还有好多功能熟悉中！,0,该店铺购买≥2次,5,16G,1T,UNK
2610,j***9,2026-01-19,超能电竞R7000P RTX5060/R9 8940HX/16G 1T,此用户未及时填写评价内容,0,否,5,16G,1T,UNK
2611,cnj455s6eh3kwq,2026-01-10,超能电竞R7000P RTX5060/R9 8940HX/16G 1T,好看屏幕刷新率高性能优越流畅度高畅玩3a大作外观,0,否,5,16G,1T,UNK
2612,vgggggvcfgbnn,2026-01-06,超能电竞R7000P RTX5060/R9 8940HX/16G 1T,外观设计感大气上档次，使用流畅，运行稳定，性价比高,0,否,5,16G,1T,UNK
2613,n***5,2026-01-18,超能电竞R7000P RTX5060/R9 8940HX/16G 1T,好看，联想原装外观大气好看，正品，值得购买。,0,否,5,16G,1T,UNK
2614,jd_royu53hdizata4,2026-01-13,超能电竞R7000P RTX5060/R9 8940HX/16G 1T,玩游戏，办公学习都非常好，允许很流畅，值得购买,0,否,5,16G,1T,UNK
2615,59ht47pv6vlgpe,2026-01-16,超能电竞R7000P RTX5060/R9 8940HX/16G 1T,一次买拯救者是720r ，现在又买了 很不错,0,否,5,16G,1T,UNK
2616,8z316isc3vlbs8,2025-12-30,超能电竞R7000P RTX5060/R9 8940HX/16G 1T,入手这台电脑太明智，续航强劲让我告别电量焦虑，键盘敲着很舒服，售后响应快，体验感拉满，以后就认准它啦??,0,否,5,16G,1T,UNK
2617,jd_dulkstbOSPjF,2026-01-27,超能电竞Y7000P RTX5060/i7-14650HX/16G 1T,包装保护：完美包装，非常棒外形外观：专业电脑，外观设计非常好????画面品质：画面非常清晰，漂亮至极跑分评测：跑分一级棒运行速度：速度流畅丝滑游戏效果：非常棒非常好，好儿非常喜欢，说是专业电脑,0,否,5,16G,1T,UNK
2618,jd_g10tpn6v0z1oqd,2025-12-21,超能电竞Y7000P RTX5060/i9-14900HX/16G 1T,这台笔记本真的很棒！?? 散热效果非常出色，玩游戏的时候几乎感受不到热量上升。另外，音效也让我很满意，听着音乐特别享受。整体体验非常愉快！本子很不错，散热效果很好，双烤849，单内存整机跑分197万+，一步步验机无任何问题，用了几天散热响应很快，高转速温度就往下降，平时工作又很安静 收起,0,否,5,16G,1T,UNK
2619,u***a,2025-12-29,超能电竞R7000P RTX5060/R9 8940HX/16G 1T,昨天下单，今天就收到货了，这效率杠杠哒！昨天做活动买的，性价比超级高，今天就没那么给力的价位了，赚到了！,0,该店铺购买≥2次,5,16G,1T,UNK
2620,j***3,2025-12-28,超能电竞R7000P RTX5060/R9 8940HX/16G 1T,性能强悍，2.5K高刷屏画质细腻， 散热出色，游戏办公双兼顾，性价比拉满超值得入手。,0,该店铺购买≥2次,5,16G,1T,UNK
2621,VRgrfBFfgQUE,2025-12-23,超能电竞R7000P RTX5060/R9 8940HX/16G 1T,25拯救者外观好看，工整，模具顶级，散热还挺好，就是不知道新拯救者win11好不好用。,0,该店铺购买≥2次,5,16G,1T,UNK
2622,6x95j00l8qi73k,2025-12-23,超能电竞R7000P RTX5060/R9 8940HX/16G 1T,收到货就看了一下，屏幕无漏光，全新无拆封，且机器通电小时低于10小时。很新，但是。硬盘和内存条参数不详。没办法了解实际极限性能。总的来讲较为优秀，京东的服务比我买到这个货还要更惊喜。客服服务态度好，且愿意协商。并且争取用户利益,0,该店铺购买≥2次,5,16G,1T,UNK
2623,jd_72plc9v36tvlgs,2025-12-19,超能电竞R7000P RTX5060/R9 8940HX/16G 1T,电脑很好在天选6PRO跟Y7000P之间犹豫了很久最后决定联想但是发现Y系列没货了就买了R系列，电脑运行很快,0,否,5,16G,1T,UNK
2624,Alexx7712,2026-01-11,超能电竞Y7000P RTX5060/i9-14900HX/16G 1T,性能猛兽，I9+5060独显，win11+office365正版激活，游戏党的白月光了。接口丰富，基本没有什么声音，散热良好。唯一的缺点可能就是表面容易粘手印，需要经常擦一下机器表面，总体来说非常的满意。,0,否,5,16G,1T,UNK
2625,jd_8p7914o7t3j8xs,2026-01-09,超能电竞R7000P RTX5060/R9 8940HX/16G 1T,非常不错，自营正版，无使用前开封和激活，支持,0,否,5,16G,1T,UNK
2626,#NAME?,2025-12-28,超能电竞R7000P RTX5060/R9 8940HX/16G 1T,性能很好，是正货，使用的时候不卡顿，这个价位能买到十分具有性价比，会支持联想拯救者的灯光也是十分的酷炫,0,该店铺购买≥2次,5,16G,1T,UNK
2627,jd_130794pek,2026-01-22,超能电竞Y7000P RTX5060/i9-14900HX/16G 1T,【拯救者性能猛兽，游戏办公两不误！】刚刚收到拯救者，开箱就被它的质感惊艳了！机身设计硬核又帅气。迫不及待开机测试，运行速度飞快，大型游戏全高画质流畅无比，散热效果也非常给力，风扇声音比想象中小。屏幕色彩鲜艳，视觉体验超棒。无论是打游戏、剪视频还是日常办公，它都能轻松驾驭。物流超快，包装严实。这次购物非常满意，不愧是口碑之王，强烈推荐！,0,否,5,16G,1T,UNK
2628,骏***阁,2025-12-31,超能电竞R7000P RTX5060/R9 8940HX/16G 1T,联想拯救者y7000p，外观质感好看，键盘很合手感，第一次使用拯救者系列，紧紧张张的开机了，效果怎么样，一会全部更新完试试，希望不会想其他评论说有坑的事。就是快递小哥差劲。电脑还是不错的滴，颜值没毛病,0,该店铺购买≥2次,5,16G,1T,UNK
2629,K***L,2025-12-23,超能电竞Y7000P RTX5060/i7-14650HX/16G 1T,心心念念的新笔记本终于到了！包装精美保护到位，开箱就被颜值惊艳，质感一流。开机速度飞快，屏幕显示效果特别清晰，看视频很享受。键盘手感也不错，续航比我旧电脑强太多了。用了几天处理文档、上网课非常流畅，完全满足我的需求。这次购物很满意！包装保护：一流外形外观：精致,3,该店铺购买≥2次,5,16G,1T,UNK
2630,jd_1id57vv8p9ixce,2025-12-20,超能电竞R7000P RTX5060/R9 8940HX/16G 1T,非常满意这次的服务体验，产品品质高，客服态度友好，性价比高，强烈推荐给需要的朋友们。,0,该店铺购买≥2次,5,16G,1T,UNK
2631,j***a,2025-12-19,超能电竞Y7000P RTX5070/i9-14900HX/16G 1T,此用户未及时填写评价内容,0,该店铺购买≥2次,5,16G,1T,UNK
2632,jd182600qcg,2025-12-29,超能电竞R7000P RTX5060/R9 8940HX/16G 1T,运行顺畅，目前使用还好，就是生产日期和收货日期差了三个多月，后期使用情况再更新。,0,该店铺购买≥2次,5,16G,1T,UNK
2633,hJqezwdnpZAc,2026-01-01,超能电竞R7000P RTX5060/R9 8940HX/16G 1T,电脑收到了，儿子很喜欢比较满意的一次购物是新机,0,否,5,16G,1T,UNK
2634,jd_158059rqw,2026-01-01,超能电竞R7000P RTX5060/R9 8940HX/16G 1T,电脑很不错，很流畅，外观也好看，工作使用很方便,0,该店铺购买≥2次,5,16G,1T,UNK
2635,u_lwyvrh1m4ri4,2026-01-25,超能电竞Y7000P RTX5060/i9-14900HX/16G 1T,是正品，选了好多还是决定买拯救者，收到货全新机自己激活。而且快递小哥亲自交到手里，很安心的购物,0,否,5,16G,1T,UNK
2636,j***7,2026-01-03,超能电竞R7000P RTX5060/R9 8940HX/16G 1T,此用户未及时填写评价内容,0,该店铺购买≥2次,5,16G,1T,UNK
2637,白***8,2026-01-05,超能电竞R7000P RTX5060/R9 8940HX/16G 1T,联想拯救者R7000P 2025性能炸裂，2.5K高刷屏丝滑，办公游戏双能打，性价比拉满！个人使用完全足够，性价比挺高的,0,否,4,16G,1T,UNK
2638,j***e,2025-12-19,超能电竞R7000P RTX5060/R9 8940HX/16G 1T,不得不夸赞一下，商品不仅价格美丽，质量更是一流。物流超快，商家服务优质，售后完善。,0,否,5,16G,1T,UNK
2639,j***h,2025-12-31,超能电竞R7000P RTX5060/R9 8940HX/16G 1T,性能表现强劲，多场景流畅运行，屏幕素质优秀，兼顾游戏与日常使用，是追求高性能移动体验用户的优选。,0,否,5,16G,1T,UNK
2640,jd_5e06e6fd34bb5,2026-01-23,超能电竞Y7000P RTX5060/i7-14650HX/16G 1T,包装精致，外观丝滑，高端大气，整体感觉很好，性价比高，符合游戏本的特点。,0,否,5,16G,1T,UNK
2641,w***7,2025-12-30,超能电竞R7000P RTX5060/R9 8940HX/16G 1T,有三个USB接口，一个耳机接口。目前使用下来，电源器充电口有点紧，不好插拔，整体符合预期，满意。,0,该店铺购买≥2次,5,16G,1T,UNK
2642,jd_uek10o5v2j6xqf,2025-12-29,超能电竞R7000P RTX5060/R9 8940HX/16G 1T,包装保护：严实很好外形外观：也很好画面品质：很清晰运行速度：十分流畅客服的服务态度也很好,0,否,5,16G,1T,UNK
2643,Smile丶Sir,2026-01-21,超能电竞Y7000P RTX5070/i9-14900HX/16G 1T,一直用的是联想拯救者的机器 去年买的4070的y7p  今年再换一个最新款的Y7p，拯救者这款机器没话说，质量和配置杠杠的绝对没问题 ，联想的客服也非常有耐心，也很好，有问必答，而且在线服务效率非常快，给联想点赞????,0,该店铺购买≥2次,5,16G,1T,UNK
2644,X***E,2025-12-15,超能电竞R7000P RTX5060/R9 8940HX/16G 1T,这款商品性能相当出色。运行流畅毫无卡顿。色彩还原精准。细节展示到位。外观简约大方。品质优良。值得入手。,0,该店铺购买≥2次,5,16G,1T,UNK
2645,月见里_,2025-12-23,超能电竞R7000P RTX5060/R9 8940HX/16G 1T,一直渴望拥有一款质量靠谱、品质上乘的电脑，这次终于如愿以偿！它的表现堪称完美，满足了我所有的需求。,0,该店铺购买≥2次,5,16G,1T,UNK
2646,j***h,2026-01-01,超能电竞R7000P RTX5060/R9 8940HX/16G 1T,此用户未填写评价内容,0,否,5,16G,1T,UNK
2647,jd_k7elwa6x842ovs,2026-01-06,超能电竞Y7000P RTX5060/i9-14900HX/16G 1T,"联想产品性能稳定，性价比高，设计实用，售后服务完善，是办公学习的可靠选择，值得推荐！""",0,否,5,16G,1T,UNK
2648,jd_151928rfo,2025-12-29,超能电竞R7000P RTX5060/R9 8940HX/16G 1T,使用方便，开机快，11秒完成开机，外观大气，用起来也顺手，再也不用担心给客户做报价不方便了。,0,该店铺购买≥2次,5,16G,1T,UNK
2649,樱***子,2025-12-19,超能电竞Y7000P RTX5060/i7-14650HX/16G 1T,联想拯救者Y7000P2025，酷睿i7-14650HX，16G内存，1T硬盘，RTX5060显卡，2.5K240Hz屏幕，仅需9499元，国家补贴，速抢！,0,否,5,16G,1T,UNK
2650,jd_xfIcAAmLjIWQ,2026-01-13,超能电竞Y7000P RTX5060/i9-14900HX/16G 1T,笔记本已经收到，优点：rtx5060独显，本地部署qwen1.5b模型，执行速度非常快（占有3.4g）。缺点：16g内存比较小，有指望，屏幕没有那么好。但是总体来说非常OK，推荐（ps：2025年度评分b级，棒）,0,否,5,16G,1T,UNK
2651,j***3,2025-12-27,超能电竞R7000P RTX5060/R9 8940HX/16G 1T,简单验?烤，性能没问题，新机，打游戏也很流畅，散热感觉还可以，不会很烫，目前来说使用感很不错,0,否,5,16G,1T,UNK
2652,j***f,2025-11-08,超能电竞Y7000P RTX5060/i9-14900HX/16G 1T,感觉产品也就那样，一点都不耐脏，甚至怀疑是旧机，产品性能等过几天才知道，收到货包装有一点点破损,0,否,3,16G,1T,UNK
2653,huangkai24,2025-12-17,超能电竞R7000P RTX5060/R9 8940HX/16G 1T,笔记本整个外观设计低调大气，摸着手感也很好是一款实用的电脑，总体是非常满意！,0,该店铺购买≥2次,5,16G,1T,UNK
2654,lhRLEwDJFKgZ,2026-01-24,超能电竞Y7000P RTX5060/i9-14900HX/16G 1T,运行速度：开机速度挺快的，11秒搞定，进游戏也比较快速，只有轻微发烫画面品质：画质清晰，没有任何模糊外形外观：外观完好，没有磕磕碰碰，快递小哥亲自开箱验证检查才放心交给我不错的体验,0,该店铺购买≥2次,5,16G,1T,UNK
2655,养颜小行家_暴富x5677,2025-12-21,超能电竞R7000P RTX5060/R9 8940HX/16G 1T,喜欢喜欢，目前没感觉到什么问题，因为还没有就是打什么大型游戏还有做专业课的一些东西，但是很喜欢,0,否,5,16G,1T,UNK
2656,jd_ftihxm14643bx6,2025-12-15,超能电竞R7000P RTX5060/R9 8940HX/16G 1T,第二代乾坤散热是真靠谱，高负载下机身不烫手、性能不降频，安静模式办公几乎无噪音，冷静实力派无疑。,0,否,5,16G,1T,UNK
2657,un9x9307u0c0ly,2025-12-28,超能电竞R7000P RTX5060/R9 8940HX/16G 1T,收到了心心念念的拯救者，开箱验机没有任何问题，运行速度快，电脑质感好，不愧是今年的畅销机型,0,否,5,16G,1T,UNK
2658,花開花幸福,2025-12-23,超能电竞Y7000P RTX5060/i9-14900HX/16G 1T,今天刚拿到，看着挺好的，挺流畅的,0,否,5,16G,1T,UNK
2659,e***7,2026-01-24,超能电竞R7000P RTX5060/R9 8940HX/16G 1T,此用户未及时填写评价内容,0,否,5,16G,1T,UNK
2660,zk53lpypn9k31n,2026-01-20,超能电竞Y7000P RTX5060/i9-14900HX/16G 1T,终于把心仪已久的拯救者 Y7000P 抱回家，碳晶黑哑光机身颜值太戳我了！没有浮夸的 RGB 光污染，硬朗线条低调又有质感，放桌面是电竞本，带去图书馆也完全不突兀，游戏办公双场景适配拉满,0,否,5,16G,1T,UNK
2661,jd_kbyn63qm43n5qa,2025-12-25,超能电竞R7000P RTX5060/R9 8940HX/16G 1T,联想拯救者性能炸裂，满血显卡+高刷屏，游戏办公两不误，散热给力超耐用。,0,否,5,16G,1T,UNK
2662,可乐_BABY,2025-12-20,超能电竞R7000P RTX5060/R9 8940HX/16G 1T,不错，这次购买的笔记本运行速度比预期好，就是不能走国补，价格不是很美丽。,0,该店铺购买≥2次,5,16G,1T,UNK
2663,jd_139111gnv,2025-12-27,超能电竞Y7000P RTX5060/i7-14650HX/16G 1T,性能释放强劲：Cinebench R23多核跑分突破22000分，《赛博朋克2077》2K光追画质下稳定65-70FPS，开启DLSS后可达100FPS以上? 散热控制出色：双烤测试CPU温度控制在85℃以内，风扇噪音仅48-52dB，长时间游戏不降频? 屏幕素质优秀：2.5K分辨率+240Hz高刷，3ms响应时间，500nits亮度，色彩还原准确，游戏办公兼顾? 键盘手感舒适：1.5mm键程，全尺寸设计，WASD区域温度控制在38℃，支持RGB背光,0,否,5,16G,1T,UNK
2664,jd_136763wic,2026-01-15,超能电竞Y7000P RTX5060/i7-14650HX/16G 1T,京东自营店买的，完美下车，当地的京东点帮忙验机，激活，很好的一次体验。以后还是选择京东。,0,否,5,16G,1T,UNK
2665,j***I,2025-12-30,超能电竞Y7000P RTX5060/i9-14900HX/16G 1T,之前买的联想的电脑用了9年多了还好好的，但是配置有点跟不上了，所以这次趁着有国补，就直接换个高配的，这样用个几年都不会过时，又能愉快的玩自己喜欢的游戏了,0,否,5,16G,1T,UNK
2666,j***1,2025-12-26,超能电竞R7000P RTX5060/R9 8940HX/16G 1T,试了一下，pubgLOL都可以而且看的很清楚，本来打算配个显示器的现在也没必要了赞,0,否,5,16G,1T,UNK
2667,一***一,2026-01-16,超能电竞R7000P RTX5060/R9 8940HX/16G 1T,?这款笔记本整体很满意呢~ 外观简约大气，黑色机身质感不错?? 开机速度挺快的，日常办公用着很流畅，屏幕显示也清晰柔和?? 键盘敲击手感舒服，长时间打字也不累。快递包装很严实，送货速度也快，总之是一次愉快的购物体验啦??,0,该店铺购买≥2次,5,16G,1T,UNK
2668,iauw24ms0dy32z,2026-01-21,超能电竞Y7000P RTX5060/i7-14650HX/16G 1T,挑了好久最终入手这款，果然没失望!屏幕色彩很正，看文档、剪视频都舒服，键盘手感也很好，敲字不累。性能方面，多开软件也不卡.平时做设计、玩点小游戏都能轻松应对，这个价位能买到这么全能的电脑，真的太值了!,0,否,5,16G,1T,UNK
2669,l0274k5ky39150,2026-01-05,超能电竞R7000P RTX5060/R9 8940HX/16G 1T,电脑用着挺好，打游戏也很流畅,0,否,5,16G,1T,UNK
2670,橙四4,2025-12-24,超能电竞R7000P RTX5060/R9 8940HX/16G 1T,想了好久还是入手了，到手确实好看质感很棒，整体很炫配置也杠杠的，不愧是头部品牌针不戳。,0,否,5,16G,1T,UNK
2671,3***w,2025-12-28,超能电竞R7000P RTX5060/R9 8940HX/16G 1T,包装保护：完整，无磕碰外形外观：低调好看画面品质：显示完整，高刷运行速度：很快,0,否,5,16G,1T,UNK
2672,j***p,2026-01-12,超能电竞R7000P RTX5060/R9 8940HX/16G 1T,此用户未及时填写评价内容,0,否,5,16G,1T,UNK
2673,ecfoYMZBiyJM,2026-01-04,超能电竞R7000P RTX5060/R9 8940HX/16G 1T,非常好用，流畅，性能非常好！,0,否,5,16G,1T,UNK
2674,jd_sc12yzndsy72p4,2025-12-26,超能电竞R7000P RTX5060/R9 8940HX/16G 1T,商品质量超棒，结实耐用远超预期。与描述完全相符，细节处理到位。这次购物体验十分满意。,0,该店铺购买≥2次,5,16G,1T,UNK
2675,jd_gdugtcniivuety,2025-12-22,超能电竞R7000P RTX5060/R9 8940HX/16G 1T,竖放也没关系，散热效果很好，游戏模式启动也很简单快捷，打游戏也不卡顿，做设计更是快得很,0,否,5,16G,1T,UNK
2676,j***b,2025-12-22,超能电竞R7000P RTX5060/R9 8940HX/16G 1T,电脑刚拿到手，用起来不错，整体非常非常高，运行速度很快，非常流畅。,0,否,5,16G,1T,UNK
2677,w***k,2026-01-09,超能电竞R7000P RTX5060/R9 8940HX/16G 1T,此用户未及时填写评价内容,0,该店铺购买≥2次,5,16G,1T,UNK
2678,再***拉,2026-01-17,超能电竞R7000P RTX5060/R9 8940HX/16G 1T,非常好，非常满意,1,该店铺购买≥10次,5,16G,1T,UNK
2679,jd_g58xcam5wd0m8n,2025-12-28,超能电竞R7000P RTX5060/R9 8940HX/16G 1T,电脑相当酷炫，用国补买性价比很高，精挑细选下选择了拯救者，确实没有选错，安全下车。,0,该店铺购买≥2次,5,16G,1T,UNK
2680,j***1,2026-01-07,超能电竞R7000P RTX5060/R9 8940HX/16G 1T,此用户未及时填写评价内容,0,否,5,16G,1T,UNK
2681,jd_62kg6l2klectj2,2025-10-20,超能电竞R7000P RTX5060/R9 8940HX/16G 1T,货收到了，性能释放扎实，游戏体验拉满：作为中端游戏本标杆，它的性能组合太能打了。AMD锐龙7/9处理器搭配满功耗RTX 4060及以上显卡，整机性能释放稳定，《赛博朋克2077》《黑神话悟空》这类3A大作开2K画质 DLSS技术，帧率能轻松稳住60帧以上，快节奏网游更是能飙到300帧，团战、竞速都丝滑不卡顿???。16f英寸2.5K高分屏搭配165Hz甚至240Hz高刷，不管是快速移动的游戏画面还是滚动网页，都没有残影模糊，细节看得清清楚楚???。而且屏幕色彩准确度很高,0,否,5,16G,1T,UNK
2682,狗小喵,2026-01-23,超能电竞R7000P RTX5060/R9 8940HX/16G 1T,总体的性能个人感觉非常出色，运行流畅且响应迅速，完全满足了我的日常使用需求。外观设计简洁大方，做工精致，手感也很不错,0,该店铺购买≥2次,5,16G,1T,UNK
2683,jd_7c130e7ryzno89,2026-01-23,超能电竞R7000P RTX5060/R9 8940HX/16G 1T,拯救者R7000P游戏体验太顶了！3A大作拉满画质丝滑不卡，电竞网游帧率直接拉满，2.5K 240Hz屏画面超清晰，独显直连跟手度绝了。散热给力，长时间玩机身不烫，风扇噪音也小，同价位游戏本里性价比拉满，网购验机顺利，全新机无任何问题，玩我的世界也特别顶！,0,否,5,16G,1T,UNK
2684,j***k,2025-10-19,超能电竞R7000P RTX5060/R9 8940HX/16G 1T,卖家信誉好，商品质量有保障，以后会常来光顾的！商品细节处理得很好，没有异味，用起来很放心！这个产品非常实用，质量也很好，性价比超高，强烈推荐！服务态度很好，物流速度快，包装也很仔细，非常满意！东西收到了，和描述的一样，用起来很方便，值得购买！卖家很负责任，问题解决得快，购物体验很棒，下次还来！商品做工精细，款式新颖，朋友都说好看，非常喜欢！使用效果超出预期，操作简单，功能齐全，物超所值！发货速度快，客服耐心解答，商品无瑕疵，五星好评！,0,否,5,16G,1T,UNK
2685,jd_159026sldk,2025-12-15,超能电竞R7000P RTX5060/R9 8940HX/16G 1T,东西收到了，包装很好，打开版型很好，是正品，打开速度也挺快的，看起来很酷，物流也很快。,0,否,5,16G,1T,UNK
2686,阿***的,2025-12-19,超能电竞R7000P RTX5060/R9 8940HX/16G 1T,电脑收到了，包装很结实，使用很丝滑，散热很快，手感好，打游戏还得是游戏本，流畅带的动,0,否,5,16G,1T,UNK
2687,j***l,2025-12-24,超能电竞R7000P RTX5060/R9 8940HX/16G 1T,电脑外观简洁大气，简单检查了一下，包装和电脑都完好，还没玩过游戏，目前用来做ps作业散热效果还行，我是学设计的 以后看各种建模渲染怎么样吧  屏幕清晰 键盘手感好有白色背光可调亮度 没有彩色灯效 扬声器不太行 音质不如iPad有一点卡痰声的感觉像打电话 目前看没什么其他问题 可以冲,0,否,4,16G,1T,UNK
2688,虚幻意境,2025-12-23,超能电竞R7000P RTX5060/R9 8940HX/16G 1T,一线品牌各方面都很放心，电脑很喜欢很好用，做什么都很方便很满意,0,否,5,16G,1T,UNK
2689,jd_hf06945t2d5622,2025-12-23,超能电竞R7000P RTX5060/R9 8940HX/16G 1T,很好 刚收到还没来的打开 看外观就很好看 后期用用看看性能咋样,0,否,5,16G,1T,UNK
2690,jd_67682edae8fc2,2025-12-27,超能电竞R7000P RTX5060/R9 8940HX/16G 1T,有搞活动加国补买的，价格不错，试了下系统也很不错，用起来流畅,0,否,5,16G,1T,UNK
2691,12ctzjd33wj6gp,2026-01-04,超能电竞Y7000P RTX5060/i9-14900HX/16G 1T,这款笔记本电脑真的太香了！外观简约大气，金属机身手感超赞，打开瞬间科技感爆棚。键盘敲击清脆有力，屏幕显示清晰流畅，办公娱乐两不误。包装严实，物流飞快，配送员服务也超贴心，完全超出预期。,0,否,5,16G,1T,UNK
2692,火***y,2025-12-26,超能电竞R7000P RTX5060/R9 8940HX/16G 1T,打开电脑相当激动，外观非常喜欢，开机速度也是蛮快的，自己喜欢的东西看着就是舒服！,0,否,5,16G,1T,UNK
2693,BigP508,2025-12-26,超能电竞R7000P RTX5060/R9 8940HX/16G 1T,电脑做工优秀，性能强大，先进的生产力工具，非常不错的产品！！,0,该店铺购买≥2次,5,16G,1T,UNK
2694,j***C,2025-12-17,超能电竞R7000P RTX5060/R9 8940HX/16G 1T,产品质量非常好，与描述相符，卖家服务态度热情周到，发货速度快，非常满意这次购物体验！,0,该店铺购买≥2次,5,16G,1T,UNK
2695,j***o,2026-01-02,超能电竞R7000P RTX5060/R9 8940HX/16G 1T,此用户未及时填写评价内容,0,否,5,16G,1T,UNK
2696,cqce5c91c7g3rw,2025-12-16,超能电竞R7000P RTX5060/R9 8940HX/16G 1T,购物很愉快，产品很棒，卖家服务超贴心，发货速度也很快。整体来说非常满意，给满分好评！,0,否,5,16G,1T,UNK
2697,W***-,2026-01-01,超能电竞R7000P RTX5060/R9 8940HX/16G 1T,此用户未及时填写评价内容,0,该店铺购买≥2次,5,16G,1T,UNK
2698,奔程**2660,2025-12-23,超能电竞Y7000P RTX5060/i7-14650HX/16G 1T,原装，非常漂亮！,0,该店铺购买≥2次,5,16G,1T,UNK
2699,jd_2f56l2x0ansv7t,2025-12-27,超能电竞Y7000P RTX5060/i9-14900HX/16G 1T,电脑到了之后打开看感觉很帅，5060和i9已经完全满足将来几年的学习生活需求，1T的硬盘还有16g内存也是很充足了，想提升还可以继续加装。,0,否,5,16G,1T,UNK
2700,jd_159708hli,2025-12-17,超能电竞R7000P RTX5060/R9 8940HX/16G 1T,非常好用，京东靠谱的，送了两年延保，质量过硬，散热很好，长时间使用不发烫，很不错。,0,该店铺购买≥2次,5,16G,1T,UNK
2701,os366xux41dcmp,2026-01-27,超能电竞Y7000P RTX5060/i9-14900HX/16G 1T,第一次购买拯救者的笔记本，整机性能看着还不错，希望后面一如既往的好用。,0,否,5,16G,1T,UNK
2702,j***e,2025-12-15,超能电竞R7000P RTX5060/R9 8940HX/16G 1T,这款笔记本性能很好，性价比很高，外形也很好看，画面品质高，包装保护的很好 值得购入,0,否,5,16G,1T,UNK
2703,jd_178654dhv,2025-12-23,超能电竞R7000P RTX5060/R9 8940HX/16G 1T,用了差不多有两周了，很舒服，很流畅，用着跑仿真也挺合适的。,0,该店铺购买≥2次,5,16G,1T,UNK
2704,yxyssm227,2025-12-17,超能电竞R7000P RTX5060/R9 8940HX/16G 1T,老公很喜欢，蹲了很久的电脑，国补有活动马上入手了，物超所值～,0,该店铺购买≥2次,5,16G,1T,UNK
2705,j***q,2025-12-25,超能电竞R7000P RTX5060/R9 8940HX/16G 1T,性能强悍，屏幕超赞， 做工也很精致，非常满意的一次购物。,0,该店铺购买≥2次,5,16G,1T,UNK
2706,jd138639atp,2026-01-22,超能电竞Y7000P RTX5060/i9-14900HX/16G 1T,拯救者y7000p笔记本电脑喜欢这个很久了，UG画图用挺顺畅的不卡，办公和游戏都可以入手，质量很好，卖家态度也很好，有问必答～机身颜值很高，屏幕清晰真的很不错，处理器速度也很快，续航也很在线,0,该店铺购买≥2次,5,16G,1T,UNK
2707,l606f5n3hu2e9h,2025-12-28,超能电竞R7000P RTX5060/R9 8940HX/16G 1T,有一说一，这个品控还是可以的，很新，很惊喜，我算是一等奖安全下车了哈哈哈哈,0,否,5,16G,1T,UNK
2708,李别,2025-12-23,超能电竞R7000P RTX5060/R9 8940HX/16G 1T,可以，用游戏本画CADBIM模型一点问题没有，非常流畅。,0,该店铺购买≥2次,5,16G,1T,UNK
2709,jd_打不死D小强,2025-12-23,超能电竞R7000P RTX5060/R9 8940HX/16G 1T,很喜欢，使用流畅 ，外观漂亮，外观帅气，外观很机械化，物流也很快。反正很好。,0,该店铺购买≥2次,5,16G,1T,UNK
2710,麻辣坤丝,2025-12-31,超能电竞R7000P RTX5060/R9 8940HX/16G 1T,产品非常满意，性价比高，服务态度好，发货速度快，包装仔细，强烈推荐购买！,0,否,5,16G,1T,UNK
2711,蔡旋安88gkmc,2025-12-29,超能电竞R7000P RTX5060/R9 8940HX/16G 1T,外形很炫酷，一眼就看上了，性能也不错，值得入手，性价比很高的一款笔记本。,0,否,5,16G,1T,UNK
2712,lnqhfhxww7eu70,2025-12-30,超能电竞Y7000P RTX5060/i7-14650HX/16G 1T,心心念念的新笔记本终于到了！包装精美保护到位，开箱就被颜值惊艳，质感一流。开机速度飞快，屏幕显示效果特别清晰，看视频很享受。键盘手感也不错，续航比我旧电脑强太多了。用了几天处理文档、上网课非常流畅，完全满足我的需求。这次购物很满意！,0,该店铺购买≥2次,5,16G,1T,UNK
2713,jd_shk1ne0yykffl0,2025-12-27,超能电竞R7000P RTX5060/R9 8940HX/16G 1T,电脑使用起来很好，屏幕很清晰，开机很快，外观也很好看,0,否,5,16G,1T,UNK
2714,YiZhiCaiKun,2025-12-23,超能电竞R7000P RTX5060/R9 8940HX/16G 1T,收到了，电脑很好，打三角洲一点都不卡很流畅，终于不用泡网吧了，强烈推荐这款,0,该店铺购买≥2次,5,16G,1T,UNK
2715,nz360w4yk3us34,2026-01-18,超能电竞Y7000P RTX5060/i9-14900HX/16G 1T,联想拯救者Y7000P是一款综合素质出色的高性能游戏本。其2.5K高分辨率、高刷新率屏幕显示效果细腻流畅，色彩表现出色。硬件配置强悍，搭载最新i9处理器和高性能独显，应对大型游戏和专业软件都游刃有余，性能释放充分。整机设计低调有质感，散热效能可靠，是一款兼顾游戏、创作与日常使用的优秀产品。,0,该店铺购买≥2次,5,16G,1T,UNK
2716,jd_hNlKdgXCWpQR,2026-01-04,超能电竞Y7000P RTX5060/i7-14650HX/16G 1T,这款笔记本真的超乎期待！外观简洁大气，手感很赞。开机速度快，运行流畅，长时间使用也不烫手。接口丰富，扩展性强，外接设备毫无压力硬盘升级方便，满足日常办公和娱乐需求网。整体体验非常满意，值得推荐！,0,否,5,16G,1T,UNK
2717,jd_k6221mw6lms9u6,2025-12-23,超能电竞R7000P RTX5060/R9 8940HX/16G 1T,电脑很帅，物流超快，已经迫不及待的开始打游戏了，体验感肯定会非常不错。,0,否,5,16G,1T,UNK
2718,九***逢,2026-01-20,超能电竞Y7000P RTX5060/i9-14900HX/16G 1T,联想拯救者使用体验优秀，性能强劲，搭载高性能处理器与独立显卡，运行大型游戏或设计软件流畅不卡顿。散热系统高效，长时间使用也能保持稳定。屏幕清晰、刷新率高，操作响应快。键盘手感好，触控板灵敏，接口丰富。电池续航满足日常需求，适合办公、创作与娱乐。整体耐用性强，是高性价比的全能型笔记本。,0,否,5,16G,1T,UNK
2719,_***了,2026-01-27,超能电竞Y7000P RTX5060/i9-14900HX/16G 1T,送货迅速，开机快，屏幕清晰，声音也不大喜欢很久了，看了很入手一台，真的很不错，屏幕分辦率高，清晰度超高，玩3A游戏不卡顿，风扇噪音控制得当，散热好性价比高,0,该店铺购买≥2次,5,16G,1T,UNK
2720,印第安纳小民工,2026-01-06,超能电竞Y7000P RTX5060/i9-14900HX/16G 1T,这台笔记本真的绝绝子??！开机速度超快，几秒就进系统，运行软件也不卡顿，办公娱乐两不误。屏幕显示超清晰，色彩鲜艳，看剧超爽。键盘手感也很棒，打字不累。而且它很轻薄，带出门毫无压力，放在包里也不占地方。续航能力也还可以，充满电能用大半天，对于经常外出办公的我来说太友好了，必须给五星好评??！,0,否,5,16G,1T,UNK
2721,jd_oeeaqw70t8m30u,2025-12-21,超能电竞Y7000P RTX5060/i7-14650HX/16G 1T,1.?性能强悍无压力，2.5K高刷屏惊艳，散热能打，办公游戏全能适配超省心！2.?金属机身质感拉满，性能释放稳定，静音散热俱佳，性价比超高的全能本！3.?高芯强显加持，画质流畅续航在线，接口丰富手感好，闭眼入不踩雷!,0,否,5,16G,1T,UNK
2722,jd_x0a4peg5ruq9o2,2025-12-16,超能电竞Y7000P RTX5070/i9-14900HX/16G 1T,真心不错的好喜欢.抢到国补好实惠呀？^_^^?_?^，特别喜欢??，很好，第一次买，性能和品质都很不错??????????????,0,否,5,16G,1T,UNK
2723,jd_26fd95vizh1h45,2025-12-21,超能电竞R7000P RTX5060/R9 8940HX/16G 1T,电脑非常好看 5060很爽 打瓦五六百帧率 风扇三档很可以 非常喜欢,0,否,5,16G,1T,UNK
2724,八天208,2026-01-14,超能电竞Y7000P RTX5060/i9-14900HX/16G 1T,配置非常OK，14代i9，搭配5060显卡，再加上固态硬盘，玩游戏，做什么都是无敌的存在哦。我玩完美世界开几个号都不卡的呢，双屏都没有问题的哦，关键价格不高，赞赞赞,0,该店铺购买≥2次,5,16G,1T,UNK
2725,j***r,2025-12-15,超能电竞R7000P RTX5060/R9 8940HX/16G 1T,外观非常好看，质感也不错，延续了24年r9系列的外壳，还是非常高大上的,0,该店铺购买≥2次,5,16G,1T,UNK
2726,2u5o2e9c8ut70m,2025-12-17,超能电竞R7000P RTX5060/R9 8940HX/16G 1T,超级满意 物流非常快 散热系统设计很不错 开机很快 非常好 屏幕清晰,0,否,5,16G,1T,UNK
2727,j***6,2025-12-25,超能电竞R7000P RTX5060/R9 8940HX/16G 1T,包装超级好，设计的超级好看，准备下载游戏体验性能神机了，奈斯奈斯,0,该店铺购买≥2次,5,16G,1T,UNK
2728,jd_vo67j753r0j8uh,2026-01-23,超能电竞Y7000P RTX5060/i9-14900HX/16G 1T,?这款笔记本真的太给力了！?? 开箱瞬间就被它的质感惊艳到，外观简洁大气，拿在手里很有分量感。?? 内部配置也很强大，运行速度飞快，玩游戏完全不卡顿，散热表现也让我很安心。?? 接口丰富，外接设备超方便，硬盘升级也很简单，日常使用毫无压力。?? 整体体验非常棒，强烈推荐给需要高性能电脑的朋友！??,0,否,5,16G,1T,UNK
2729,最大的学生号,2025-12-24,超能电竞Y7000P RTX5060/i7-14650HX/16G 1T,外观颜值很不错，电脑屏幕显示清晰，运行流畅，是我用过最好用的电脑了，打游戏嘎嘎顺，玩嗨了兄弟们，值得推荐,0,否,5,16G,1T,UNK
2730,注册年不详,2026-01-13,超能电竞Y7000P RTX5070/i9-14900HX/16G 1T,选择联想最主要的原因就是售后覆盖地区广，虽然同配置可能比别的品牌要贵上一点，但相比起以后出问题售后来说也不算什么了，这款机子不论办公还是3A大作都足以轻松应对了。,0,该店铺购买≥10次,5,16G,1T,UNK
2731,jd_nhl489rte77rnm,2026-01-27,超能电竞Y7000P RTX5060/i7-14650HX/16G 1T,电脑电脑终于到手啦！开机瞬间流畅得飞起，运行速度简直像开了挂！散热也超给力，长时间使用都不烫手。外观简洁大气，放在桌面上倍儿有面子。性价比超高，强烈推荐给,0,该店铺购买≥2次,5,16G,1T,UNK
2732,小鸭会戏水,2026-01-24,超能电竞Y7000P RTX5060/i9-14900HX/16G 1T,第一次买这么贵的电脑，怕在涨价提前购入了，最终挑选联想品牌，果然没有失望，性能强劲，散热系统非常好，屏幕素质也不错，放了几首音乐，立体声效果很棒，完美体验,0,该店铺购买≥2次,5,16G,1T,UNK
2733,j***f,2025-12-22,超能电竞R7000P RTX5060/R9 8940HX/16G 1T,非常好用，非常帅气，物超所值，到货速度很快，方便启动，性能很好,0,否,5,16G,1T,UNK
2734,i00o99j2dno8ev,2025-12-21,超能电竞R7000P RTX5060/R9 8940HX/16G 1T,双烤安全下车，激活了玩三角洲很流畅很清晰，pubg玩着也很舒服,0,否,5,16G,1T,UNK
2735,M雷小东,2025-12-25,超能电竞R7000P RTX5060/R9 8940HX/16G 1T,电脑收到，送货速度很快，大品牌值得信赖，外观完美，屏幕清晰。,0,否,5,16G,1T,UNK
2736,打靶小王子,2025-12-28,超能电竞R7000P RTX5060/R9 8940HX/16G 1T,1.外观方面这一代我觉得很符合我的审美，设计没有那么“战斗”很适合我这种工作党真的很容易成为指纹收集器，这点就不是很好2.性能方面：我想玩的游戏基本都搞得定：包括剑星，黑神话等等，温度个人认为还算能接受,0,否,5,16G,1T,UNK
2737,大虫虫10,2026-01-20,超能电竞Y7000P RTX5070/i9-14900HX/16G 1T,包装保护：包装完整，保护的很好，两层外形外观：外观大气，16寸的屏幕画图很好画面品质：16:10的屏幕，独立显卡，运行速度：14代i9，不会慢到哪去的,0,否,5,16G,1T,UNK
2738,沦落了世界c,2026-01-06,超能电竞Y7000P RTX5060/i7-14650HX/16G 1T,1. Intel芯性能强悍！3A大作高帧丝滑，2.5K高刷屏惊艳，散热能打，办公游戏双胜任～2. 拯救者+Intel酷睿太顶了！多任务不卡顿，AI调度智能，高色域屏+强散热，颜值实力双在线3. Intel处理器加持超给力！剪视频渲染飞快，游戏光追流畅，金属机身质感足，性价比拉满,0,否,5,16G,1T,UNK
2739,q***m,2025-12-15,超能电竞R7000P RTX5060/R9 8940HX/16G 1T,对于正在上大学而且学的计算机专业的学生来说这款笔记本是非常好用的,0,该店铺购买≥2次,5,16G,1T,UNK
2740,a633zjefzg43ch,2026-01-21,超能电竞Y7000P RTX5060/i9-14900HX/16G 1T,京东发货速度快，上午下单下午电脑就送到了，京东送货员拆机验机，实物与平台描述的一样，质量相当好，尺寸大小合适，包装仔细完整，服务态度很好，值得推荐，全部5星好评！有图有真相。,0,否,5,16G,1T,UNK
2741,梨***l,2025-12-21,超能电竞Y7000P RTX5060/i7-14650HX/16G 1T,这圈笔记本电脑是我看了好久才下单的，还得是联想大品牌，电脑运行速度很快，也不卡顿，各项指标都挺好的。,0,该店铺购买≥2次,5,16G,1T,UNK
2742,jd_0515amyree0oyq,2025-12-16,超能电竞R7000P RTX5060/R9 8940HX/16G 1T,快递速度很快，包装也很好，这也是我第二台拯救者了，依旧很能打,0,否,5,16G,1T,UNK
2743,j***z,2025-12-28,超能电竞R7000P RTX5060/R9 8940HX/16G 1T,是全新未开封的新机，很好用，到现在为止都没有什么问题。,0,否,5,16G,1T,UNK
2744,j***b,2025-12-23,超能电竞R7000P RTX5060/R9 8940HX/16G 1T,运行速度快，长时间使用正常温度，硬盘好升级闭眼入京东自营,0,否,5,16G,1T,UNK
2745,g***Y,2025-12-30,超能电竞R7000P RTX5060/R9 8940HX/16G 1T,很不错的电脑，手感很好，用起来也很丝滑，打游戏杠杠的,0,否,5,16G,1T,UNK
2746,u_y69zpz3vn9t8,2026-01-15,超能电竞Y7000P RTX5060/i9-14900HX/16G 1T,物流很快，电脑已收到，包装完好，孩子很喜欢这款电脑。,0,否,5,16G,1T,UNK
2747,j***p,2026-01-28,超能电竞Y7000P RTX5060/i9-14900HX/16G 1T,快递到货包装严实完好，当天下单次日送达，拆封开机验机顺利，品质有保障，新机运行速度流畅，游戏体验不错，初步使用体验很满意，期待后续长期使用的表现。,0,否,5,16G,1T,UNK
2748,贺大豆,2025-12-27,超能电竞R7000P RTX5060/R9 8940HX/16G 1T,电脑收到了，非常不错，形容起来很流畅，剪视频，打游戏都很不错，不错不错，大家喜欢的可以考虑入手预期的差不多，整体很好，很有质感，就是稍微对于外出的话有点重,0,否,5,16G,1T,UNK
2749,jd_296z57rhzkrlc0,2025-12-28,超能电竞R7000P RTX5060/R9 8940HX/16G 1T,机子性能在线，操作丝滑，办公游戏切换都没啥压力，靠谱,0,否,5,16G,1T,UNK
2750,j***d,2025-12-24,超能电竞R7000P RTX5060/R9 8940HX/16G 1T,不错不错，机身都是完整的，开机后运行很流畅，画面也不错,0,否,5,16G,1T,UNK
2751,只***r,2025-12-26,超能电竞R7000P RTX5060/R9 8940HX/16G 1T,"散热效果很好，游戏本外观特别美观,以后买电脑就认联想",0,否,5,16G,1T,UNK
2752,6b0s0pbwt36x3c,2026-01-20,超能电竞Y7000P RTX5060/i7-14650HX/16G 1T,快递送货块快服务好，客服细心回复快。电脑外观大气简约时尚，性能强劲，黑色机身质感超好屏幕色彩鲜艳看久不累眼，追剧不卡顿，下载速度快性价比绝了，推荐给需要的朋友 收起,0,否,5,16G,1T,UNK
2753,a***t,2026-01-07,超能电竞Y7000P RTX5060/i9-14900HX/16G 1T,包装精美保护到位，质感一流。开机速度飞快，屏幕显示效果特别清晰，看视频很享受。键盘手感也不错，处理文档、画模型非常流畅，完全满足我的需求。这次购物很满意！,0,否,5,16G,1T,UNK
2754,jd_bry7sun59o8j5j,2026-01-03,超能电竞R7000P RTX5060/R9 8940HX/16G 1T,一直想要一本电脑，直到现在才买，都有点后悔没早买了，一开始怕是翻新机，结果到手后检查完就彻底安心了，官方直售就是靠谱,0,否,5,16G,1T,UNK
2755,l留声机,2026-01-17,超能电竞R7000P RTX5060/R9 8940HX/16G 1T,强烈推荐！商品物超所值，质量可靠。物流快，商家服务热情，售后服务完善，终于等到了，日常办公和游戏都非常流畅。,0,否,5,16G,1T,UNK
2756,j***d,2026-01-08,超能电竞R7000P RTX5060/R9 8940HX/16G 1T,物流很快，按照网上教程验了机，确实是全新未激活的机器。目前用着挺好的，就是确实是有一点发热的，其他性能完全OK。,0,否,5,16G,1T,UNK
2757,木***鋭,2026-01-22,超能电竞Y7000P RTX5060/i9-14900HX/16G 1T,好评！灯光效果一如往常，外形比之前好看。收到货物打开之后发现包装很好，很细致。商品的质量也还行；客服有问必答，态度好，发货速度快，总的来说，很值得购买，给五星好评！,0,该店铺购买≥2次,5,16G,1T,UNK
2758,jd_k599s6o8mhel82,2026-01-17,超能电竞Y7000P RTX5060/i9-14900HX/16G 1T,京东发货速度超快，电脑运行游戏流畅不卡顿，散热好，画质高清，玩原神崩铁类的游戏渲染挺好，按键触感好，5060显卡运行3A不成问题。笔记本电脑各个方面非常好，强力推荐。,0,该店铺购买≥2次,5,16G,1T,UNK
2759,y***z,2025-12-26,超能电竞Y7000P RTX5060/i7-14650HX/16G 1T,打开机子很惊艳，不错的电脑。一直想买一台笔记本电脑，用来做设计，我相信它会给我带来惊喜。,0,否,5,16G,1T,UNK
2760,jd_xy625fj88sgs6o,2025-12-22,超能电竞R7000P RTX5060/R9 8940HX/16G 1T,验机了安全下车。游戏本流程读很高，打游戏也很带劲。,0,否,5,16G,1T,UNK
2761,朱笼草,2026-01-23,超能电竞R7000P RTX5060/R9 8940HX/16G 1T,还不错，验了下是新机，通电信息，事件日志都和出厂日期对的上，用图吧烤机了半个多小时,0,该店铺购买≥2次,5,16G,1T,UNK
2762,8***7,2025-12-29,超能电竞R7000P RTX5060/R9 8940HX/16G 1T,跟店铺介绍一样，做工精细，系统速度很快，好评！,0,否,5,16G,1T,UNK
2763,jd_138142jyk,2026-01-18,超能电竞Y7000P RTX5070/i9-14900HX/16G 1T,大小合适，运行速度快，画面清晰度高，太赞了！,0,否,5,16G,1T,UNK
2764,我***-,2026-01-26,超能电竞Y7000P RTX5060/i7-14650HX/16G 1T,拯救者 Y7000P 果然名不虚传！性能强、散热好、屏幕棒，三大核心卖点拉满。游戏满帧跑、办公不卡顿，颜值质感在线，兼顾便携与性能。细节也到位，180 度开合、大尺寸触控板、摄像头电控开关，安全感满满。不管是游戏党、学生党还是办公族，都能满足需求，这钱花得值！,0,否,5,16G,1T,UNK
2765,i***n,2025-10-27,超能电竞R7000P RTX5060/R9 8940HX/16G 1T,购物不错不错不错，店家很耐心的指导怎么安装，物流给力服务态度很好，祝店家红红火火，下次继续光顾。给个五星好评语！好评！发货速度很快，包装也很好看，客服回消息也快，态度也好！最关键的是商品质量很好，100%正品，经得起查验，是一个不错的商家，值得购买！好评！都是最近生产的，最新日期的，商家发货速度很快，有啥问题也会及时回复，关注每一条信息细心又耐心的讲解，商品质量非常棒已经回购第二次了，是一次非常满意的购物体验[害羞R],0,该店铺购买≥2次,5,16G,1T,UNK
2766,jd_MITlMolpPDPl,2026-01-01,超能电竞Y7000P RTX5070/i9-14900HX/16G 1T,这款笔记本性能不错比起以前用的小米本感觉还是联想专业一些，屏幕清晰度非常好，电脑自带的office家用版足够用了。联想电脑多年的工程积累这样的产品非常好,0,该店铺购买≥2次,5,16G,1T,UNK
2767,jd_13k3m8d7d6o6po,2025-12-15,超能电竞R7000P RTX5060/R9 8940HX/16G 1T,第一天下单 第二天就到了 外形还不错 大小尺寸很好,0,否,5,16G,1T,UNK
2768,德毅宝我要中亲签,2026-01-18,超能电竞Y7000P RTX5060/i9-14900HX/16G 1T,心心念念的游戏本收到了，联想大品牌错不了。给孩子买的，等孩子回来再让他具体操作！也算给他一个惊喜！下单次日就收到了，这也是选京东的原因之一！质量很好，快递也给力！,0,该店铺购买≥2次,5,16G,1T,UNK
2769,j***v,2025-12-16,超能电竞R7000P RTX5060/R9 8940HX/16G 1T,感觉很不错，国补后的价格也很合适，也是安全下车了,0,否,5,16G,1T,UNK
2770,j***j,2026-01-09,超能电竞Y7000P RTX5060/i9-14900HX/16G 1T,i9-14900HX+RTX 5070堪称移动级性能天花板！24核32线程+5.8GHz睿频，多任务和渲染超给力；5070配DLSS 4，2K光追3A帧破百。双烤175W稳定释放，散热靠谱，搭配高刷屏，游戏办公无缝切换。全金属机身+丰富接口，兼顾质感与实用性，高端玩家和设计党闭眼冲！,0,否,5,16G,1T,UNK
2771,u_aamct3tswdjj,2026-01-24,超能电竞Y7000P RTX5060/i9-14900HX/16G 1T,联想笔记本收到运行贼快，外观精美，做工精细，办公玩游戏，看电影，清晰度简直完美，静音模式，非常贴心，功能强大，长时间使用也不发烫。3d建模渲染都能够轻松胜任,0,该店铺购买≥2次,5,16G,1T,UNK
2772,jd_pteef80u297s3t,2025-12-15,超能电竞R7000P RTX5060/R9 8940HX/16G 1T,安全下车了 京东补贴后很合适 而且刷新率很高,0,否,5,16G,1T,UNK
2773,5ezsj599hy9htl,2025-12-23,超能电竞R7000P RTX5060/R9 8940HX/16G 1T,送货非常快，体验感很好，电脑很棒，哈哈哈,0,该店铺购买≥2次,5,16G,1T,UNK
2774,酸汤龙利鱼,2025-12-05,超能电竞Y7000P RTX5060/i9-14900HX/16G 1T,太差了 买的劝你们慎重，总是出现卡顿问题，刚买还没有一个月呢，出现了两三次了  这次更严重 跟死机了似的，最开始我买的1060T的Y7000P 没出现这种情况 越来越差劲,0,该店铺购买≥2次,1,16G,1T,UNK
2775,家有招财猫911,2025-12-15,超能电竞R7000P RTX5060/R9 8940HX/16G 1T,宝贝收到后非常喜欢，性价比很高，很实惠，使用起来感觉很好，非常完美.^?^.。京东自营发货神速，物流给力，买得放心，用得安心，非常好的购物体验。,0,否,5,16G,1T,UNK
2776,jd_177689hyi,2026-01-05,超能电竞Y7000P RTX5060/i7-14650HX/16G 1T,笔记本电脑收到了！包装完好无损，电脑运行速度也很快，操作起来非常简单方便。屏幕显示效果也非常出色，色彩鲜艳清晰。总之，这款笔记本电脑非常满意，我会向朋友们推荐的。,0,该店铺购买≥2次,5,16G,1T,UNK
2777,j***t,2026-01-23,超能电竞R7000P RTX5060/R9 8940HX/16G 1T,拯救者R7000P安全下车！验机全绿，三码合一，硬盘通电5小时，电池0损耗，完美下车????,0,否,5,16G,1T,UNK
2778,j***j,2026-01-27,超能电竞Y7000P RTX5060/i9-14900HX/16G 1T,第一次买这么高配的电脑喜欢的不得了。完全解锁了steam的所有游戏，想玩啥就玩啥，玩大型3D游戏时听见散热风扇呼呼的声音就激动，为此背包、鼠标、键盘、键盘膜全部换新整上了。本子品控很攒，液晶屏几乎可以放平，C盘划了超大容量，办公毫无压力。吃了国补性价比超高，值得大家入手。,0,否,5,16G,1T,UNK
2779,j***e,2026-01-26,超能电竞R7000P RTX5060/R9 8940HX/16G 1T,包装保护：很好没有破碎画面品质：恨清晰游戏效果：很流畅不卡顿运行速度：很稳定没有异常,0,该店铺购买≥2次,5,16G,1T,UNK
2780,0lgwkjnm3ofpy8,2025-12-19,超能电竞R7000P RTX5060/R9 8940HX/16G 1T,可以可以 检查过了 是全新未拆封未激活的,0,否,5,16G,1T,UNK
2781,家人们-买它,2026-01-04,超能电竞R7000P RTX5060/R9 8940HX/16G 1T,整体还不错，玩3A游戏，三角洲都没问题，目前没有什么意外，安全下车，用段时间看看,0,该店铺购买≥2次,5,16G,1T,UNK
2782,老王爱财如命,2026-01-23,超能电竞Y7000P RTX5060/i9-14900HX/16G 1T,电脑外观黑色尊贵大气！物流很快！当天就能收到货！服务也很不错！开机速度快无噪音！性能稳定！这次选的电脑不会错！玩游戏办公不二之选！,0,否,5,16G,1T,UNK
2783,jd_3l7s8j73npva65,2025-12-25,超能电竞Y7000P RTX5060/i9-14900HX/16G 1T,从包装到配置都透露着大厂质感！全尺寸键盘带数字小键盘，键程回弹超舒服，打游戏码字都顺手。接口超齐全，不用外接拓展坞太省心。杜比全景声看电影超沉浸，续航在游戏本里也很能打，京东联想售后还贴心指导装机，这波购物体验绝了！,0,否,5,16G,1T,UNK
2784,8***q,2025-12-15,超能电竞Y7000P RTX5060/i9-14900HX/16G 1T,使用了一段时间来评价，总体感受非常好，第一次买联想的笔记本，平时主要是办公，项目开发，偶尔会玩玩3游戏，各种场景轻松应对，从来没有卡死闪退等情况。散热很优秀，可以保证CPU和GPU最大限度性能释放，做工很扎实，非常喜欢。,0,否,5,16G,1T,UNK
2785,jd_73974g2u7840im,2026-01-17,超能电竞Y7000P RTX5060/i7-14650HX/16G 1T,很久之前就想买，一直没有货，正好国补，入手了，外表很高大上，键盘也很上手，唯一有缺点就是，外壳容易有手印和容易有划痕！其他都是完美！,0,否,5,16G,1T,UNK
2786,jd_1v36t16w28cw02,2025-10-18,超能电竞R7000P RTX5060/R9 8940HX/16G 1T,这款笔记本用起来挺顺手。运行大型游戏和专业软后都很流畅。散热系统做得不错，长时间使用也能保持稳定。屏幕画质细腻，色彩表现真实。机身做工扎实，接口丰富，扩展性很好。总体来说是比较实用,0,否,5,16G,1T,UNK
2787,wx6e8919fuh068,2026-01-23,超能电竞Y7000P RTX5060/i9-14900HX/16G 1T,很清晰，包装也很好，用起来还行，主要用他进行数值模拟，我对对显卡要求不高，对CPU和内存要求高，到时候跑一下有限元分析再来追评。,0,否,5,16G,1T,UNK
2788,56v46j8b75a3m1,2026-01-15,超能电竞Y7000P RTX5060/i9-14900HX/16G 1T,非常不错的，使用起来非常流畅而且配送得很快效而且配送的很快，效率非常高。而且配送得很快效率非常高而且送得很快效率，声音很立体，而配送得很快且配送得很而且送得而配送而配而而使用起来非常流畅声音也很立体来非常流畅声音也很使用起来常流畅声音也使起来非常流畅声音使起来非常流畅声使起来非常流畅使起来非常流使用起来非常起来非使用来使起使使常不错的不,0,否,5,16G,1T,UNK
2789,jd_183038lfg,2026-01-21,超能电竞Y7000P RTX5060/i9-14900HX/16G 1T,这个游戏本观望好久了，终于入手了刚好赶上国补价格实惠，电脑外观大气，开机迅速，屏幕清晰色彩正，性能完全可满足日常办公和娱乐，非常喜欢，值得大家入手。,0,该店铺购买≥2次,5,16G,1T,UNK
2790,u_lyiy2fz55t6o,2026-01-12,超能电竞Y7000P RTX5060/i7-14650HX/16G 1T,性能强劲，运行3A大作毫无压力。144Hz电竞屏丝滑流畅，散热效果出色。外观硬朗，键盘手感舒适。拯救者Y7000P性价比极高，游戏办公两不误，非常满意！,0,该店铺购买≥2次,5,16G,1T,UNK
2791,s***9,2026-01-04,超能电竞R7000P RTX5060/R9 8940HX/16G 1T,包装严实无损，细节处理到位，体验感很好。容易有手印，有点灰尘就嫌脏，但是特别特别好用，非常满意,0,否,5,16G,1T,UNK
2792,小风中逝去,2026-01-11,超能电竞Y7000P RTX5060/i7-14650HX/16G 1T,联想拯救者Y7000P性能强劲，散热出色，屏幕素质高，运行流畅无卡顿，外观设计简约大气，是游戏与办公兼顾的优质选择，接口配齐了，舒爽,0,该店铺购买≥2次,5,16G,1T,UNK
2793,xzqbba,2026-01-18,超能电竞R7000P RTX5060/R9 8940HX/16G 1T,包装保护：好外形外观：漂亮画面品质：完美跑分评测：↑,0,该店铺购买≥2次,5,16G,1T,UNK
2794,o2nn45e09p4y8z,2026-01-26,超能电竞Y7000P RTX5060/i7-14650HX/16G 1T,这款联想拯救者笔记本性能强劲，散热出色，游戏运行流畅，键盘手感舒适，整体体验非常棒???? 外观设计也很酷炫，值得入手！！,0,否,5,16G,1T,UNK
2795,v***I,2026-01-12,超能电竞Y7000P RTX5060/i9-14900HX/16G 1T,这款联想电脑非常好，品牌可信,0,否,5,16G,1T,UNK
2796,j***f,2026-01-04,超能电竞Y7000P RTX5060/i9-14900HX/16G 1T,是新机，细节设计也特别贴心，全尺寸方向键+舒适的键盘手感，长时间打字、操作都不觉得累；丰富的接口配置完全不用转接器，外接显示器、键鼠、移动硬盘都很方便。,0,否,5,16G,1T,UNK
2797,jd_q8v9th0c74l00x,2026-01-17,超能电竞Y7000P RTX5060/i9-14900HX/16G 1T,联想拯救者y7000p笔记本电脑 实物与描述的一样，质量相当好，卖家态度也好，有问必答，发货速度杠杠的，值得购买哦外观设计漂亮，尺寸大小合适，包装仔细完整，宝贝手感不错，感觉很好，发货速度快，服务态度一流，给力！5星好评！感觉挺好的，有图有真相。,0,该店铺购买≥2次,5,16G,1T,UNK
2798,q6d1cyp880nvun,2026-01-10,超能电竞Y7000P RTX5060/i9-14900HX/16G 1T,一直关注这个型号的笔记本，看到这个牌子刚好有国补加优惠，就果断下单买，外观和包装都非常不错，机子性能非常强大，适合目前主流的游戏，非常好的一个机子。,0,否,5,16G,1T,UNK
2799,cl71q4x1gge3il,2026-01-25,超能电竞Y7000P RTX5060/i7-14650HX/16G 1T,??外观质感超赞，金属机身拿在手里很有分量！??开机瞬间炫酷LOGO亮起，游戏氛围直接拉满～??键盘背光绚丽多彩，打字手感舒适，长时间使用也不累。?运行流畅，散热给力，玩大型游戏毫无压力！??包装严实，物流飞快，配送员服务贴心到位～??整体体验满分，强烈推荐！,0,否,5,16G,1T,UNK
2800,jd_0z61yfvg07qrfh,2026-01-25,超能电竞Y7000P RTX5060/i7-14650HX/16G 1T,电脑收到啦，颜值超预期，黑色机身质感绝了！开机速度飞快，几秒就搞定，日常办公、追剧完全不卡顿。屏幕色彩很舒服，久看也不累眼。键盘手感轻盈，打字很流畅。续航也够用，充满电办公大半天没问题。客服态度超好，有问必答，物流也快。性价比很高运行速度：快外形外观：很酷,0,否,5,16G,1T,UNK
2801,u***g,2025-12-31,超能电竞R7000P RTX5060/R9 8940HX/16G 1T,此用户未及时填写评价内容,0,否,5,16G,1T,UNK
2802,4***d,2026-01-14,超能电竞Y7000P RTX5060/i7-14650HX/16G 1T,此用户未及时填写评价内容,0,否,5,16G,1T,UNK
2803,j***0,2026-01-22,超能电竞Y7000P RTX5060/i7-14650HX/16G 1T,电脑收到啦，颜值超预期，机身质感绝了！开机速度飞快，几秒就搞定，日常办公、追剧完全不卡顿。屏幕色彩很舒服，久看也不累眼。键盘手感轻盈，打字很流畅。续航也够用，充满电办公大半天没问题。客服态度超好，有问必答，物流也快。性价比很高，这波入手不亏，推荐给需要的朋友～,0,否,5,16G,1T,UNK
2804,j***d,2025-12-24,超能电竞Y7000P RTX5060/i7-14650HX/16G 1T,喜欢他很久了，今天入手一台，真的很不错，外观简洁大方，机身超薄大气，键盘灵敏，运行畅快，屏幕分辨率高，清晰度超高，玩游戏不卡顿，剪视频流畅飞快，风扇噪音控制得当，散热好，背光亮度不刺眼，推荐给有需要的朋友们,0,否,5,16G,1T,UNK
2805,奔跑的可乐熊,2026-01-07,超能电竞Y7000P RTX5070/i9-14900HX/16G 1T,包装保护：除原箱外，还加了一个外箱，并添加了防碰塑料气柱外形外观：以前用的13寸，现在用16寸就感觉大了不止一星半点。唯一遗憾就是容易留下指印画面品质：用来看了看视频，自己感觉画质感觉还是不错运行速度：开关机快，自己下载的软件使用起来都很流畅,0,该店铺购买≥2次,5,16G,1T,UNK
2806,大***孩,2025-12-18,超能电竞Y7000P RTX5060/i9-14900HX/16G 1T,孩子喜欢的很。就是要去售后加内存麻烦。16g内存还是有点点小了。用起来到也没发现什么毛病。以后用多了灰大了不知道会不会差一点。别的目前看起来没有什么事。明年还要买一台不知道明年有没有国补了,0,否,5,16G,1T,UNK
2807,jd_4234qflfq4hu46,2025-12-29,超能电竞Y7000P RTX5060/i7-14650HX/16G 1T,使用流程，买来办公和玩饥荒的，很快，一点都不卡顿，显示效果也很好。不适合移动办公，电脑有点重，充电器也不小。稳稳的放在家里没问题成功激活了赠送的Office，刚开始激活不成功，换时间多试几次就好了。售后人员也耐心解答问题。物流很快，包装的很好。键盘手感还不错，没什么特别。整体都挺满意的！长时间用没发现烫手。灯光效果也满意。,1,否,5,16G,1T,UNK
2808,久牵岁,2025-12-23,超能电竞R7000P RTX5060/R9 8940HX/16G 1T,使用了8天打2k画质拉高基本不会掉帧，画面质量也特别好，GTA5画质拉满都能流畅运行，图片拍的不是很清晰，现实屏幕画质真特别好，游戏帧数也能稳定,0,该店铺购买≥2次,5,16G,1T,UNK
2809,POPIN-DJ,2026-01-12,超能电竞Y7000P RTX5060/i7-14650HX/16G 1T,联想老品牌还是很靠谱，上一次买联想还是10年前的T450s，这次买拯救者初步使用有几个感受说下，第一外壳有点容易粘上指纹，第二就是稍微有点压手，除了这两个小毛病目前没有多的缺点，联想的机器还是不错的，整体的质感做的不错，运行起来稳定可靠，值得点赞,0,否,5,16G,1T,UNK
2810,BOTower,2026-01-10,超能电竞Y7000P RTX5060/i9-14900HX/16G 1T,很不错很好用。26年有国补了虽然少了点但还是价格很美丽很不错哈哈哈哈。电脑性能不错额外买了16g内存条升级棒棒哒。点赞点赞,0,否,5,16G,1T,UNK
2811,jd_6k2x541gxo8xda,2026-01-15,超能电竞Y7000P RTX5060/i9-14900HX/16G 1T,入手拯救者Y7000P这段时间，真的越用越香！作为又打游戏又做建模的学生党，它的性能完全够用，2.5K分辨率+240Hz刷新率的屏幕也很绝，看视频、修图色彩特别准，游戏里的细节看得清清楚楚，整体性价比真的没话说，不管是游戏党还是需要多任务创作的人，选它都不踩雷！,0,否,5,16G,1T,UNK
2812,抹茶锦鲤,2025-12-16,超能电竞R7000P RTX5060/R9 8940HX/16G 1T,游戏机一般比较厚重，这款并没有很厚重，开机也非常快，只不过需要电脑架方便散热。日常打游戏、专业图纸绘画都能满足要求，性价比高,0,否,5,16G,1T,UNK
2813,jd_b284fjcj79v16j,2026-01-15,超能电竞Y7000P RTX5060/i7-14650HX/16G 1T,这款电子产品真是超乎我的期待！打游戏时运行流畅无比，没有丝毫卡顿，让我完全沉浸在游戏世界中。其灯光效果绚丽夺目，增添了十足的游戏氛围。外接设备也非常便捷，扩展了我的使用场景。更重要的是，它的散热性能卓越，长时间使用也不必担心过热问题。真心推荐给热爱游戏的朋友们！,0,否,5,16G,1T,UNK
2814,j***c,2025-12-23,超能电竞R7000P RTX5060/R9 8940HX/16G 1T,此用户未填写评价内容,0,否,5,16G,1T,UNK
2815,jd_nbbrBOzKXqLb,2025-12-23,超能电竞Y7000P RTX5060/i7-14650HX/16G 1T,拯救者好评，这个价位买到这样的东西，质量真的是太好了拯救者好评，这个价位买到这样的东西，质量真的是太好了拯救者好评，这个价位买到这样的东西，质量真的是太好了拯救者好评，这个价位买到这样的东西，质量真的是太好了拯救者好评，这个价位买到这样的东西，质量真的是太好了拯救者好评，这个价位买到这样的东西，质量真的是太好了拯救者好评，这个价位买到这样的东西，质量真的是太好了,0,否,5,16G,1T,UNK
2816,jd_a34vsx4o7f7tx9,2026-01-17,超能电竞Y7000P RTX5060/i9-14900HX/16G 1T,提前做了开箱验机功课，国补电脑快递员送货当场拆箱扫外和箱机身的序列码，提交审核通过后才能交货。然后就只剩验机了，按照网上推荐的验机流程，验完没问题后再激活。其他方面都可以不计较，电竞本先测性能为主，黑悟空轻松流畅跑到快200帧，这价位已经完美满足需求了。,0,否,5,16G,1T,UNK
2817,#NAME?,2026-01-27,超能电竞Y7000P RTX5060/i7-14650HX/16G 1T,刚收到真的很惊艳了，一开始没想买y7000p，觉得y7000就可以，它俩差距就四百分辨还差挺多的，果断入手了升级版，终究逃不过哈哈哈哈。说实话用起来真的很顺滑，工作需要使用账号比较多，内存运行还可以，跟家里的台式比起来是新机香哈,0,该店铺购买≥2次,5,16G,1T,UNK
2818,3s677x6j9idrx6,2026-01-10,超能电竞R7000P RTX5060/R9 8940HX/16G 1T,??这款设备玩游戏超流畅，图形处理真的强??！??灯光效果炫酷十足，运行速度飞快?！??快递包装严实，送货速度快??！??配送员服务贴心，体验满分??！?整体用下来非常满意，强烈推荐??！！,0,该店铺购买≥2次,5,16G,1T,UNK
2819,优雅永不过时鸭,2025-12-18,超能电竞R7000P RTX5060/R9 8940HX/16G 1T,此用户未填写评价内容,1,否,5,16G,1T,UNK
2820,逛***起,2025-12-16,超能电竞R7000P RTX5060/R9 8940HX/16G 1T,此用户未填写评价内容,0,否,5,16G,1T,UNK
2821,jd_68u434ch698s3n,2026-01-20,超能电竞Y7000P RTX5060/i9-14900HX/16G 1T,联想拯救者y7000p笔记本电脑 实物与描述的一样，质量相当好，卖家态度也好，有问必答，发货速度杠杠的，值得购买哦外观设计漂亮，尺寸大小合适，包装仔细完整，宝贝手感不错，感觉很好，发货速度快，服务态度一流，给力！5星好评！感觉挺好的，有图有真相。 收起,0,否,5,16G,1T,UNK
2822,不愿透露姓氏的刘貂毛,2026-01-02,超能电竞Y7000P RTX5060/i9-14900HX/16G 1T,新机快递无破损，也用工具验货了各项功能都没问题，外观比我之前买的戴尔要好很多，质感也感觉很高端大气，很满意这次买的游戏本,0,否,5,16G,1T,UNK
2823,九歌vcn,2026-01-22,超能电竞Y7000P RTX5070/i9-14900HX/16G 1T,物流很快 次日一大早就到了。包装很好，机器也很好 全新。系统流畅 不卡 玩游戏特别舒服，堪比台式电脑。特别好用,0,该店铺购买≥2次,5,16G,1T,UNK
2824,L***曦,2025-12-20,超能电竞R7000P RTX5060/R9 8940HX/16G 1T,买了有一段时间了，当时看了挺久的。最后还是选择了这一款。没从外观，性能，价格方面都还挺合适的。再加上当时国补就更合适了。,0,否,5,16G,1T,UNK
2825,jd_ObzONZDLDQqt,2026-01-22,超能电竞Y7000P RTX5060/i9-14900HX/16G 1T,外观和预想的一样炫酷，性能方面也是没有失望，solidworks 局部建模计算渲染，迈达斯整体结构建模计算，都很流程，性价比蛮高的,0,否,5,16G,1T,UNK
2826,X逗逗长痘痘,2026-01-03,超能电竞Y7000P RTX5060/i7-14650HX/16G 1T,纠结许久锁定拯救者Y7000P，入手后直接封神，堪称校园党与多场景用户的全能旗舰！碳晶黑全金属机身质感拉满，A面LEGION亮面Logo搭配简约铭牌，线条利落不浮夸，带去图书馆自习、教室上课都低调得体，单手开合+180°屏幕展开设计，日常使用超便捷。,0,该店铺购买≥2次,5,16G,1T,UNK
2827,jd_gxia012,2026-01-20,超能电竞Y7000P RTX5060/i7-14650HX/16G 1T,给孩子买的大学用，之前苹果的，很多东西不能下载，很不方便，同学家长推介的，目前开来还是很不错的，希望一直好用。,0,该店铺购买≥2次,5,16G,1T,UNK
2828,j***7,2026-01-18,超能电竞Y7000P RTX5060/i9-14900HX/16G 1T,这个电脑运行流畅，接口丰富，扩展性强，显示效果好，游戏本性能很强劲，散热好，风扇声音很小，参加国补后超值，屏幕可以180度开合喜欢,0,该店铺购买≥2次,5,16G,1T,UNK
2829,落风_168,2026-01-18,超能电竞Y7000P RTX5060/i9-14900HX/16G 1T,游戏笔记本，厚度还是比较厚的。用起来还不错。之前用的win10系统，还要熟悉一段时间总用起来很流畅。值得拥有。,0,否,5,16G,1T,UNK
2830,jd_UkcXXZPWpKQY,2026-01-01,超能电竞R7000P RTX5060/R9 8940HX/16G 1T,挺好，挺实用的。用起来比较丝滑，各方面达到了我的预期。用了一上午没感觉发烫严重,0,该店铺购买≥2次,5,16G,1T,UNK
2831,愈归良人,2025-10-17,超能电竞R7000P RTX5060/R9 8940HX/16G 1T,棒棒棒棒棒棒棒棒棒棒棒棒棒棒棒棒棒棒棒棒棒棒棒棒棒棒棒棒棒棒棒棒棒棒棒棒棒棒棒棒棒棒棒棒棒棒棒棒棒棒棒棒棒棒棒棒棒棒棒棒棒棒棒棒棒棒棒棒棒棒棒棒棒棒棒棒棒棒棒棒棒棒棒棒棒棒棒棒棒棒棒棒棒棒棒棒棒棒棒棒棒棒棒棒棒棒棒棒棒棒棒棒棒棒棒棒棒棒棒棒棒棒棒棒棒棒棒棒棒棒棒棒棒棒棒棒棒棒棒棒棒棒棒棒棒棒棒棒棒棒棒棒棒棒棒棒棒棒棒棒棒棒棒棒棒棒棒棒棒棒棒棒棒棒棒棒棒棒棒棒棒棒棒棒棒棒棒棒棒棒棒棒,0,否,5,16G,1T,UNK
2832,jd_152209ukuu,2026-01-20,超能电竞Y7000P RTX5060/i9-14900HX/16G 1T,看了好久选择了联想拯救者y7000p，国补入手，外观好看，键盘手感也很棒，玩游戏毫无压力，屏幕清晰，十分不错,0,该店铺购买≥2次,5,16G,1T,UNK
2833,大大大变大变大大,2026-01-22,超能电竞R7000P RTX5060/R9 8940HX/16G 1T,包装保护：非常好，无划痕，泡沫保护到位外形外观：金属质感，非常好画面品质：画面清晰明亮，分辨率高运行速度：运行速度快??,0,否,4,16G,1T,UNK
2834,J***C,2026-01-21,超能电竞Y7000P RTX5060/i9-14900HX/16G 1T,联想拯救者y7000p笔记本电脑 实物与描述的一样，质量相当好，卖家态度也好，有问必答，发货速度杠杠的，值得购买哦外观设计漂亮，尺寸大小合适，包装仔细完整，宝贝手感不错，感觉很好，发货速度快，服务态度一流，给力!5星好评!感觉挺好的，有图有真相。,0,否,5,16G,1T,UNK
2835,uej85b3e3w4noz,2025-12-29,超能电竞Y7000P RTX5070/i9-14900HX/16G 1T,快递送货块快服务好，客服细心回复快。电脑外观大气简约时尚，性能强劲，黑色机身质感超好屏幕色彩鲜艳看久不累眼，追剧不卡顿，下载速度快性价比绝了，推荐给需要的朋友 非常非常非常非常非常好??,0,否,5,16G,1T,UNK
2836,Wise-FLY,2025-12-20,超能电竞Y7000P RTX5060/i9-14900HX/16G 1T,屏幕显示效果出色，色彩鲜艳细腻，视觉体验极佳，键盘手感舒适，长时间打字、操作也不疲劳。外观设计时尚大气，黑色经典百搭，在游戏本中便携性也算不错，偶尔带出去和朋友开黑也很方便,1,否,5,16G,1T,UNK
2837,jd_RIVlbBSoyMbk,2025-12-28,超能电竞Y7000P RTX5060/i9-14900HX/16G 1T,送货速度快，屏幕大，散热好，速度快，推荐给大家。,0,否,5,16G,1T,UNK
2838,jd_026ia19g85z8w4,2025-12-18,超能电竞Y7000P RTX5060/i9-14900HX/16G 1T,性能强劲：搭载高性能处理器和显卡，如英特尔酷睿或AMD锐龙处理器，NVIDIA RTX系列显卡，能够轻松应对大型游戏和复杂计算任务。散热优秀：采用高效散热系统，确保硬件在高负载下稳定运行。屏幕素质高：高分辨率、高刷新率，色彩表现出色，适合游戏和专业设计。接口丰富：提供多种接口类型，满足连接外部设备的需求。,0,否,5,16G,1T,UNK
2839,kleven-amy,2026-01-28,超能电竞Y7000P RTX5060/i7-14650HX/16G 1T,颜值与实力兼具，操作顺手不卡顿，办公娱乐皆适配。性能很强，运行各种软件和游戏都很流畅，高画质下也不卡顿。散热设计优秀，长时间使用温度控制得很好。屏幕色彩细腻，观感舒适，接口丰富，日常办公和娱乐都能轻松应对，非常值得入手。,0,否,5,16G,1T,UNK
2840,j***z,2025-06-13,超能电竞Y7000P RTX5060/i7-14650HX/16G 1T,轻薄便携型：颜值控一眼心动！机身超薄超轻，出门放进包里毫无负担。续航能力超给力，出差开会一整天都不用愁电量。开机秒速响应，日常办公、追剧完全够用，细节做工精致，质感满满，爱了爱了！3. 性价比之选：对比了好几家，最终选了这款，果然没失望！同等配置下价格优势明显，配置满足日常学习、办公需求。运行稳定不卡顿，键盘打字手感舒适，客服解答耐心细致，包装严实，运输过程无磕碰，满意！,0,否,5,16G,1T,UNK
2841,jd_xrrsr3k7klph47,2025-12-20,超能电竞Y7000P RTX5060/i7-14650HX/16G 1T,拯救者到手太香了！满血显卡性能拉满，2.5K高刷屏观感超棒，散热给力不烫手，游戏办公全拿捏！新入拯救者，接口齐全拓展性强，键盘手感舒服，高色域屏色彩准，运行3A大作流畅无压力，性价比绝了！,0,否,5,16G,1T,UNK
2842,诺***亦,2025-12-15,超能电竞Y7000P RTX5070/i9-14900HX/16G 1T,"笔记本挺不错的,验机过程很顺利,全新正品,入了R7000P 2025超满意!性能释放足,屏幕色彩准、刷新率高,接口全,游戏创作都流畅,物有所值! 国补下单价格非常合适",0,该店铺购买≥2次,5,16G,1T,UNK
2843,j***c,2026-01-22,超能电竞Y7000P RTX5060/i9-14900HX/16G 1T,昨天下单今天就收到了 太惊喜了 想买一个性价比高的 已经对比了好久还是决定买Y7000p 无论是从外观还是性能 都值得购买,0,否,5,16G,1T,UNK
2844,j***k,2025-10-05,超能电竞R7000P RTX5060/R9 8940HX/16G 1T,非常好用，小孩子很喜欢的,0,否,5,16G,1T,UNK
2845,莫之道,2026-01-13,超能电竞Y7000P RTX5060/i9-14900HX/16G 1T,??这款笔记本真的超乎期待！运行速度飞快?，玩游戏完全不卡顿，画面流畅得像在看电影??。图形处理能力超强，灯光效果炫酷到爆??，视觉体验满分！??快递包装很用心，送货速度也很快??，配送员服务态度超级好??，整体体验非常棒！！,0,否,5,16G,1T,UNK
2846,59x06cfueg8cvl,2025-12-17,超能电竞Y7000P RTX5060/i9-14900HX/16G 1T,包装保护：包装的很好画面品质：很清晰外形外观：外观也是我想要的款式,0,否,5,16G,1T,UNK
2847,零充玩家,2026-01-14,超能电竞Y7000P RTX5070/i9-14900HX/16G 1T,"这款笔记本堪称""颜值与实力并存""的实用好物！机身轻薄便携，运行流畅不卡顿。高清屏幕画质清晰，长时间使用眼睛也不易疲劳，加上给力的续航和散热，日常办公完全够用。简约大气的设计质感十足，拿在手里既有面儿又耐用，妥妥的办公好搭档。",0,该店铺购买≥2次,5,16G,1T,UNK
2848,u_1p9k6r4kfsrf,2026-01-23,超能电竞Y7000P RTX5060/i9-14900HX/16G 1T,“这款电脑性能非常强大，i9处理器和RTX5060显卡搭配，运行大型软件和游戏都很流畅。屏幕显示效果也很细腻，分辨率高，色彩还原度好。散热系统表现不错，长时间使用也不会发烫。整体做工扎实，质感很好，非常满意这次的购买！”,0,否,5,16G,1T,UNK
2849,jd_4ihub53i0v0hnb,2026-01-06,超能电竞Y7000P RTX5070/i9-14900HX/16G 1T,正品正品正品，重要的事情说三遍，实在太好看，也用了一段时间才来评价，也真的是好用，顺滑，喜欢的不得了！！,0,该店铺购买≥2次,5,16G,1T,UNK
2850,t***7,2026-01-10,超能电竞R7000P RTX5060/R9 8940HX/16G 1T,这个笔记本体验极其差劲 玩游戏不能关盖子继续玩儿 也不能熄屏 那些大聪明别和我说我不会设置 京东质检说没问题不给退换 找相关部门参与也就是个笑话 笔记本到手二十四小时之内出现的问题一直扯皮到前两天  不能熄屏不能关盖子正常玩游戏 对我来说电脑就没一点用 省得看见它闹心 卖二手了 希望大伙在京东自营店买电脑不会遇到我这样问题,0,该店铺购买≥2次,1,16G,1T,UNK
2851,t***p,2026-01-05,超能电竞Y7000P RTX5060/i9-14900HX/16G 1T,超赞已购 超能电竞Y7000P RTX5060/i9这款笔记本真的太香了！键盘背光超酷，打字体验感拉满很给力。太长时间使用也没觉得烫手，散热表现。外接设备很方便，接口丰富，扩展性很强整体用下来非常满意，强烈推荐！,0,该店铺购买≥2次,5,16G,1T,UNK
2852,jd_998p66qzq784na,2026-01-13,超能电竞Y7000P RTX5060/i9-14900HX/16G 1T,性能与体验双在线的实力选手刚入手这款联想拯救者游戏本，从开箱到初步设置使用，整体感受可以用“惊喜”来概括，不管是硬件配置的硬实力，还是细节设计的用心度，都踩中了游戏玩家和办公用户的核心需求。外观上，机身采用沉稳的黑色哑光设计，A面的“LEGION”浮雕标识极具辨识度，简约又不失电竞质感。机身线条硬朗，边角的切割工艺利落，拿在手里能感受到扎实的金属质感，虽有游戏本的厚重感，但也意味着散热和硬件的扎实堆料，便携性虽然不算极致，却也在可接受范围内。,0,否,5,16G,1T,UNK
2853,贴蛋宝贝,2026-01-24,超能电竞Y7000P RTX5060/i9-14900HX/16G 1T,1。性能强悍无压力，2.5K高刷屏惊艳，散热能打，办公游戏全能适配超省心!2。金属机身质感拉满，性能释放稳定，静音散热俱佳，性价比超高的全能本!3.高芯强显加持，画质流畅续航在线，接口丰富手感好，闭眼入不踩雷!,0,该店铺购买≥2次,5,16G,1T,UNK
2854,啊哈iiil,2025-12-20,超能电竞R7000P RTX5060/R9 8940HX/16G 1T,流畅高效，性能超预期！屏幕清晰亮丽，运行安静稳定。轻薄设计携带方便，续航持久。从办公到娱乐都很出色，性价比很高，强烈推荐！,0,否,5,16G,1T,UNK
2855,早***学,2025-12-24,超能电竞Y7000P RTX5060/i7-14650HX/16G 1T,非常满意，送货迅速，开机更快，安装软件各方面都很顺利，屏幕清晰，声音也不大，能调整三种模式，已经下载了几款游戏玩，也不是特别的重，比我预想要好很多，满意！,0,否,5,16G,1T,UNK
2856,ndjhdhh,2026-01-07,超能电竞R7000P RTX5060/R9 8940HX/16G 1T,收到心仪的电脑了，外观优美，经过验机没有出现问题，运行流畅。,0,该店铺购买≥2次,5,16G,1T,UNK
2857,China_LiDX,2026-01-14,超能电竞Y7000P RTX5060/i9-14900HX/16G 1T,商家服务态度堪称完美，亲切热情。配货速度超快，瞬间发货。包装精美别致，令人喜欢。商品功能多样实用，质量一流，无可挑剔！国补叠加优惠券，还是很合适的，花i7的钱入了个i9，评测、烤机完成，目前没发现什么问题，后续追评！,0,该店铺购买≥2次,5,16G,1T,UNK
2858,j***s,2026-01-23,超能电竞R7000P RTX5060/R9 8940HX/16G 1T,包装完好，开机速度快，运行流畅,0,该店铺购买≥2次,5,16G,1T,UNK
2859,y***5,2025-12-21,超能电竞Y7000P RTX5060/i9-14900HX/16G 1T,包装保护：原厂包装，正品保障画面品质：画质清晰，高清护眼外形外观：外观时尚，颜值担当运行速度：运行流畅，响应及时联想品牌，国货之光，值得信赖，推荐购买,0,该店铺购买≥2次,5,16G,1T,UNK
2860,牛牛喝茶,2026-01-14,超能电竞R7000P RTX5060/R9 8940HX/16G 1T,电脑非常好，速度很快，主要是打游戏，还是选择AMD的吧,0,否,5,16G,1T,UNK
2861,jd_4f544u9dfcvb35,2026-01-10,超能电竞Y7000P RTX5060/i9-14900HX/16G 1T,昨天刚到的，然后开箱检验了一下，是没有问题的，电池健康程度是100，感觉很好用呢。可以放心购买。,0,该店铺购买≥2次,5,16G,1T,UNK
2862,二月花窝窝,2025-12-15,超能电竞Y7000P RTX5060/i9-14900HX/16G 1T,外观还是挺漂亮，快递速度快。系统流畅，噪音小，屏幕显示很好。,0,该店铺购买≥2次,5,16G,1T,UNK
2863,jd_akfw98016qzizx,2026-01-22,超能电竞Y7000P RTX5070/i9-14900HX/16G 1T,简洁好评性能强劲：酷睿Ultra+RTX 5070，细节贴心：键盘手感舒服，摄像头物理开关很有安全感，拓展空间也足这台拯救者Y7000P性价比拉满，闭眼入不亏！需要我再帮你写一个更短的朋友圈版本吗？,0,否,5,16G,1T,UNK
2864,臭豆腐侠,2026-01-05,超能电竞Y7000P RTX5060/i9-14900HX/16G 1T,心心念念的拯救者他来了 昨天下单今天就到了 物流服务到位 外包装没有磕碰 购买过程客服响应比较积极,0,否,5,16G,1T,UNK
2865,j***h,2026-01-25,超能电竞Y7000P RTX5060/i7-14650HX/16G 1T,国补拿下的电脑收到了，这款拯救者非常不错，很喜欢外形外观设计，画面清晰，流畅不卡顿，性能很好，推荐大家购买。,0,否,5,16G,1T,UNK
2866,风***H,2025-12-27,超能电竞Y7000P RTX5060/i9-14900HX/16G 1T,从下单到送到非常的快。只是现在内存和硬盘涨价很多，电脑的价格也是上涨了不少。性能没有问题，应付常用的软件绰绰有余，游戏体验也是非常的棒。很不错的一款笔记本。,0,该店铺购买≥2次,5,16G,1T,UNK
2867,j***i,2025-12-24,超能电竞Y7000P RTX5060/i7-14650HX/16G 1T,非常满意的一次购物！电脑已经使用了几天了 体验非常好 不管是颜值还是性能都非常强 散热效果很好 玩游戏非常丝滑 基本畅玩市面上主流游戏 声音效果也很棒 总之性价比拉满 一级棒！,0,否,5,16G,1T,UNK
2868,佐坝小霸王,2026-01-11,超能电竞Y7000P RTX5060/i7-14650HX/16G 1T,联想拯救者y7000p2025版非常好，感觉体验非常流畅丝滑，和之前的电脑比太棒了，强力推荐！,0,否,5,16G,1T,UNK
2869,jd_azi101,2026-01-27,超能电竞R7000P RTX5060/R9 8940HX/16G 1T,机器做工用料都不错，国补加六期免息，价格很划算,0,否,5,16G,1T,UNK
2870,j***0,2026-01-14,超能电竞Y7000P RTX5060/i9-14900HX/16G 1T,一直很喜欢这款型号，等到这次活动果断入手了！ 学生党闭眼入！ 质感好 整体机型是比较轻的，然后键盘按键也很舒服！,0,该店铺购买≥2次,5,16G,1T,UNK
2871,8ap6pi7g05x33s,2026-01-07,超能电竞R7000P RTX5060/R9 8940HX/16G 1T,非常不错，非常好用 非常实惠，非常快,0,该店铺购买≥2次,5,16G,1T,UNK
2872,pyhhui,2025-12-23,超能电竞Y7000P RTX5070/i9-14900HX/16G 1T,设计用电脑值得推荐性价比比较好,0,该店铺购买≥2次,5,16G,1T,UNK
2873,痴痴得居易,2026-01-16,超能电竞Y7000P RTX5060/i7-14650HX/16G 1T,设计时尚，便于携带，性价比高，操作流畅方便，值得拥有。轻巧便携很好用，完全符合自己的期望。,0,否,5,16G,1T,UNK
2874,f***r,2026-01-19,超能电竞Y7000P RTX5060/i9-14900HX/16G 1T,当天下单，次日就收到货，外包装京东，内商品包装，封口检查无异，验机烤机没出现蓝屏花屏黑屏现象，就烤机时显卡满功耗测试时与标准值115W差得多，实测只有83W左右，网上询问说如果温度高也有80度，会平衡，不明白，就这点，其他均可。,0,否,5,16G,1T,UNK
2875,6l1bdgdditv80y,2025-12-25,超能电竞Y7000P RTX5070/i9-14900HX/16G 1T,和其他品牌型号对比了很久，最后选择在京东上买这款，物流非常快，第二就收到货，包装完整，外观时尚耐看，2.5k高刷屏幕，画面清晰，玩游戏也丝滑，运行速度也是刚刚滴！官方正品，电脑流畅丝滑，玩游戏太爽了，画质也很棒，屏幕清晰度高，双十一期间购买性价比拉满，散热也还可以，不会发烫，键盘手感很不错。,0,否,5,16G,1T,UNK
2876,2***q,2026-01-13,超能电竞Y7000P RTX5060/i9-14900HX/16G 1T,喜欢这款笔记本很久，终于买下来了，性能强劲不卡顿，游戏玩家和设计工作者的全能利器，值得推荐,0,否,5,16G,1T,UNK
2877,u_remstnioujwo,2026-01-25,超能电竞Y7000P RTX5060/i7-14650HX/16G 1T,联想拯救者Y7000P 2025游戏本：性能与体验的双重盛宴！?作为一名资深游戏玩家和内容创作者，我对笔记本的性能和屏幕素质要求极高。入手联想拯救者Y7000P 2025后，它彻底超出了我的预期，必须给五星好评！,0,否,5,16G,1T,UNK
2878,forward_福至x6978,2026-01-10,超能电竞Y7000P RTX5060/i7-14650HX/16G 1T,??这款电脑运行流畅，散热也挺给力，用起来很顺手????实拍图显示接口丰富，图形处理能力很强，办公娱乐都胜任????快递包装严实，送货超快，配送员服务态度好，体验满分???整体非常满意，值得推荐给需要高性能设备的朋友????,0,否,5,16G,1T,UNK
2879,8105erq9k4tj59,2026-01-15,超能电竞Y7000P RTX5060/i9-14900HX/16G 1T,看了好久，终于有个1000元优惠券，果断下单，第二天一早就收到了，京东平台值得信赖。检查了一下，完好无损。,0,否,5,16G,1T,UNK
2880,jd_62204qtt2si055,2026-01-21,超能电竞Y7000P RTX5060/i9-14900HX/16G 1T,拯救者y7000p笔记本电脑喜欢这个很久了，一直再等待国补的价格，终于拿下了，实物与描述的一样，质量很好，卖家态度也很好，有问必答~机身颜值很高，屏幕清晰真的很不错，处理器速度也很快，续航也很在线，闭眼入~,0,否,5,16G,1T,UNK
2881,t***5,2026-01-17,超能电竞R7000P RTX5060/R9 8940HX/16G 1T,冲着手感和性能入的这款游戏本，没踩雷！玩《原神》《赛博朋克2077》特效拉满也能稳定60帧以上，散热做得不错，长时间游戏机身只是温热，不会烫手。键盘的键程适中，玩竞技游戏操作很跟手。屏幕刷新率144Hz，画面丝滑无拖影。美中不足的是机身有点厚重，不适合经常携带，追求游戏体验的闭眼入！,0,否,5,16G,1T,UNK
2882,j***l,2025-06-14,超能电竞R7000P RTX5060/R9 8940HX/16G 1T,已经收到货了，国补20%，价格比较合适，赶紧下单了。,0,否,5,16G,1T,UNK
2883,d***p,2026-01-21,超能电竞Y7000P RTX5060/i7-14650HX/16G 1T,给孩子买的，今天刚到货。看了下外观，接口丰富，散热面积大，等用过一段时间后再追评,0,否,5,16G,1T,UNK
2884,j***J,2025-12-28,超能电竞R7000P RTX5060/R9 8940HX/16G 1T,性能释放很不错，基本游戏都能玩，便携重量也能接受。屏幕素质优秀，手感细腻，屏幕清晰，音效清晰，运行速度快。可以选择三档模式，静音，自动和狂野模式，分别适应办公，日常和游戏。AMD日常做活动也多，价格便宜，加上国补太划算,0,该店铺购买≥2次,5,16G,1T,UNK
2885,nugkSHexCyts,2026-01-20,超能电竞Y7000P RTX5060/i7-14650HX/16G 1T,Y7000P购买价格真的很划算，还可以享受国补。开机检查很完美，做工精致。体验感很好。非常值得推荐。,0,否,5,16G,1T,UNK
2886,u_kzrcnlwnusl1,2026-01-19,超能电竞Y7000P RTX5060/i7-14650HX/16G 1T,包装保护：包装完好，没有二次打开，是一手货外形外观：质感无敌，比我19年拯救者强多了画面品质：亮度很高，不会有那种暗运行速度：运行速度也是有了质的提升游戏效果：三角洲，lol稳定运行，别的不玩,0,该店铺购买≥2次,5,16G,1T,UNK
2887,huguohai,2026-01-24,超能电竞Y7000P RTX5060/i7-14650HX/16G 1T,老板发货速度快，电脑外观漂亮，手感不错，屏幕清洗，运行安静平稳，整体感觉不错,0,该店铺购买≥2次,5,16G,1T,UNK
2888,jd_0i30y7t7q1o866,2026-01-16,超能电竞Y7000P RTX5060/i9-14900HX/16G 1T,这款产品真是令人惊喜，外接起来非常方便，即插即用，毫不费力。运行速度超乎想象，无论是日常办公还是畅玩大型游戏，都表现出色，流畅无比，没有任何卡顿。完全超出了我的预期，非常推荐给需要高效率体验的朋友们！,0,否,5,16G,1T,UNK
2889,梦***侠,2026-01-15,超能电竞Y7000P RTX5060/i9-14900HX/16G 1T,联想拯救者Y7000P，外观很不错，配置强，客服服务态度好，回复速度快，京东物流也快，值得大家购买。,0,该店铺购买≥2次,5,16G,1T,UNK
2890,jd_4ni0551pmoeztq,2025-12-18,超能电竞Y7000P RTX5060/i7-14650HX/16G 1T,这款电脑速度非常流畅，独立显卡，做工程图，3D图性能都比较快，对比了好多电脑，最终趁双十二有活动下单了，这款电脑对于我的日常办公需求完全绰绰有余了,0,该店铺购买≥2次,5,16G,1T,UNK
2891,追***宇,2026-01-20,超能电竞Y7000P RTX5070/i9-14900HX/16G 1T,笔记本用起来挺不错的，很流畅，散热可以，就是原系统占用内存大了点。其他还好。,0,否,5,16G,1T,UNK
2892,K拉屎畅通大王O,2025-12-26,超能电竞R7000P RTX5060/R9 8945HX/16G 1T,经过深思熟虑了很久，还是选择了联想品牌，有售后会好一点，外观很好看，质感很不错，快递也非常快，已检验过，是全新，产品力依旧在线， A面logo设计和质感非常不错,0,否,5,16G,1T,UNK
2893,6123ue8fvi9t8r,2026-01-21,超能电竞R7000P RTX5060/R9 8940HX/16G 1T,电脑保护得很好，物流特别的快，第二天早上就到了。验机也没发现有什么问题，是全新的机子。电脑接口也是很多，散热比以前用的好多了，总体上还是很不错的。,1,该店铺购买≥2次,5,16G,1T,UNK
2894,充***y,2026-01-03,超能电竞Y7000P RTX5060/i7-14650HX/16G 1T,特地用了差不多一个月才来评价的，简单讲讲自己的使用感受：1. 包装很好，非常到位，根本不需要担心压坏。2. 屏幕做得还是相当出色的，刷新率、色彩、分辨率等等在这个段位没毛病。3. 性能拉满，开了“野兽”模式，办公+游戏简简单单，风扇嘎嘎转，轻松散热，玩一天下来，无论是键盘还是背部一点也不烫，操作相当丝滑。如果想要在安静的地方使用，根据情况随意切换模式，完全满足任何情况下的使用。4. 这价位Y7000P可以说毫无对手，预算充足冲就完了。PS：买回来之后，我自己关掉,0,否,5,16G,1T,UNK
2895,jd_s4p8697ftmwe5u,2026-01-21,超能电竞Y7000P RTX5060/i9-14900HX/16G 1T,这款笔记本真的绝了 性能真的顶 硬盘容量给的足 散热也挺好连续用一下午也不烫 操作起来丝滑流畅,0,否,5,16G,1T,UNK
2896,z***1,2026-01-06,超能电竞R7000P RTX5060/R9 8940HX/16G 1T,需要广联达建模买的，28号下单29号到货，目前运行速度很快。购买前咨询客服元旦有没有活动，客服说可以保价7天，7天内退差价，1号补贴后价格便宜400多，但因为领取过补贴不能重复领取，无法在付款页面显示补贴后价格，客服不同意补差价。很坑人，一直相信京东，这次很失望,2,该店铺购买≥2次,5,16G,1T,UNK
2897,w90w8s6c0o61cg,2026-01-08,超能电竞Y7000P RTX5060/i7-14650HX/16G 1T,运行速度很快，打游戏也特别爽，没有卡顿续航时间长屏幕也很清晰，散热效果不错风扇声音也可以不吵推荐入手,0,否,5,16G,1T,UNK
2898,兮昕Z,2026-01-12,超能电竞Y7000P RTX5060/i9-14900HX/16G 1T,物流很快的，第一天晚上下单，第二天早上就收到了，质量也特别好，下次还来京东购买,0,否,5,16G,1T,UNK
2899,p***1,2026-01-12,超能电竞Y7000P RTX5060/i9-14900HX/16G 1T,笔记本收到了，速度超级快，运行流畅，屏幕光线也非常柔和，特别喜欢！外观简约大方，手感很舒适，而且风扇的声音特别小，也不烫手，比现在淘汰的那个好了太多，体验感直接next level，而且发货速度也很快，真的是物超所值！,0,该店铺购买≥2次,5,16G,1T,UNK
2900,jd_s18658b8473kgm,2026-01-22,超能电竞Y7000P RTX5060/i7-14650HX/16G 1T,运行速度快，玩游戏流畅，无卡顿现象，外接方便有多插口，外形酷炫，散热快，快冲冲，早买早享受！,0,否,5,16G,1T,UNK
2901,jd_no12268,2026-01-11,超能电竞Y7000P RTX5060/i9-14900HX/16G 1T,用了十年的电报坏掉了，很心痛的买了新电脑。拯救者这回的确拯救我于水中之中了，毕竟一天没有电脑用就不太方便的。性能完全没问题，我也不玩儿3A大作，弄个都市天际线没有压力的。比我以前用的外星人还轻了1kg，出门带着也算是减轻负担了。机器有个开盖启动的功能，我赶紧给关了。风扇总是呼呼响，也算是游戏本的特征了。希望这台也能用上十年。,0,否,5,16G,1T,UNK
2902,jd306030虹太狼,2025-12-15,超能电竞Y7000P RTX5070/i9-14900HX/16G 1T,看了很久还是决定下单了拯救者的游戏本（朋友前几年买的性能很好），办公设计游戏都可以兼顾，完全可以满足我的要求，今天刚激活，先使用看看是否流畅。,0,该店铺购买≥2次,5,16G,1T,UNK
2903,ou6ayhh351i5ti,2026-01-21,超能电竞Y7000P RTX5060/i9-14900HX/16G 1T,这算是我第1个电脑。所以我也不清楚，其他的电脑是怎么样的情况。就现在它对于我来说还是不错的。,0,否,5,16G,1T,UNK
2904,datutu999,2026-01-08,超能电竞Y7000P RTX5060/i7-14650HX/16G 1T,被闺蜜强推的一款，果然没错，谁看见都夸，弟媳妇也要去链接买了。性价比超高，推荐,0,否,5,16G,1T,UNK
2905,j***T,2026-01-23,超能电竞Y7000P RTX5060/i7-14650HX/16G 1T,快递很快 安全下车 包装很精细 手感很好 和预期一样 卖家态度也很好 使用后再看性能怎么样,0,否,5,16G,1T,UNK
2906,jd_546957380,2026-01-28,超能电竞Y7000P RTX5060/i9-14900HX/16G 1T,入手联想拯救者Y7000P，体验拉满!16英寸2.5K高刷屏，色彩准、响应快，游戏丝滑不拖影;酷睿Ultra处理器+满血独显，3A大作高画质稳帧，办公创作也毫无压力;霜刃Pro散热给力，高负载下噪音小、温度控制优秀;机身质感扎实，接口齐全，RGB键盘氛围感拉满。兼顾游戏、学习与办公，性价比超高，闭眼入不亏!,0,否,5,16G,1T,UNK
2907,嵇坚,2026-01-23,超能电竞R7000P RTX5060/R9 8940HX/16G 1T,用起来非常好，是正品 没有瑕疵,0,否,5,16G,1T,UNK
2908,w63k8mfit20l16,2026-01-27,超能电竞Y7000P RTX5060/i7-14650HX/16G 1T,快递很快，安全下车，外观没有损坏，运行流畅.机身颜值很高，屏幕清晰度惊艳，处理器速度飞快，多任务不卡顿，运行流畅，几乎听不懂风扇声音，长时间用不烫手；接口丰富，满足日常办公和娱乐要求，非常棒，强烈推荐！ 收起,0,否,5,16G,1T,UNK
2909,3***m,2026-01-05,超能电竞Y7000P RTX5060/i9-14900HX/16G 1T,外观完整简约，操作起来很流畅，到手是新机，质量感不错，接口很多，屏幕看着舒适。,0,否,5,16G,1T,UNK
2910,jd_nBXPwFcTPbZo,2025-12-15,超能电竞Y7000P RTX5060/i9-14900HX/16G 1T,包装保护：很好下单第二天就到货了，完全不耽误使用，平时工作办公，游戏娱乐完全够用，打游戏散热很好，画质拉满也不卡顿，，运行速度也很快无脑选i9，没有任何问题。,0,该店铺购买≥2次,5,16G,1T,UNK
2911,4mn53k88z1n249,2026-01-27,超能电竞Y7000P RTX5070/i9-14900HX/16G 1T,全新未拆封，没有翻车，电脑性能强悍，非常好用，还比较实惠，物流速度也快，可以放心下单。,0,否,5,16G,1T,UNK
2912,guj3kbdhor9799,2026-01-22,超能电竞Y7000P RTX5070/i9-14900HX/16G 1T,拯救者Y7000p简直是科技与美学的完美融合！它的金属机身质感十足，线条硬朗流畅。高性能处理器搭配RTX显卡，游戏运行如行云流水。大尺寸高清屏幕，色彩还原精准，每一次使用都是视觉盛宴??。,0,该店铺购买≥2次,5,16G,1T,UNK
2913,t6nk1psszp6l1x,2026-01-05,超能电竞Y7000P RTX5060/i7-14650HX/16G 1T,运行速度非常流畅，根本不卡，而且是正版新机，散热也很快，加载速度也很快，非常建议购买。爱了，爱了,0,否,5,16G,1T,UNK
2914,jd136716sni,2026-01-26,超能电竞Y7000P RTX5060/i9-14900HX/16G 1T,物流快，电脑很好，运行速度快。玩大型游戏，CAD，UG轻轻松松！,0,该店铺购买≥2次,5,16G,1T,UNK
2915,莹***到,2025-12-20,超能电竞Y7000P RTX5060/i7-14650HX/16G 1T,性能强悍运行流畅，屏幕清晰色彩准，外观轻薄便携，日常办公娱乐都超给力!开机快无卡顿，散热稳定噪音小，手感舒适颜值高，性价比拉满值得入手~配置够用不卡顿，续航给力充电快，设计简约耐看，日常使用体验超棒!,0,该店铺购买≥2次,5,16G,1T,UNK
2916,Sq1919,2025-12-20,超能电竞Y7000P RTX5060/i7-14650HX/16G 1T,终于把心心念念的联想拯救者带回家啦！金属机身质感绝了，窄边框屏幕看着超舒服，不管是工作建模还是摸鱼追剧都爽。开机速度秒开，运行专业软件完全不卡顿，风扇噪音也比想象中小很多。重点是续航还不错，外出见客户不用一直插电。入股不亏，推荐给所有需要高性能本的朋友！,0,该店铺购买≥2次,5,16G,1T,UNK
2917,天外飞仙0426,2026-01-06,超能电竞Y7000P RTX5060/i9-14900HX/16G 1T,非常炫酷的机身跟键盘，电池容量也非常大，续航能力应该不错，屏幕分辨率也非常高，物有所值，好评！,0,该店铺购买≥2次,5,16G,1T,UNK
2918,birrne,2026-01-14,超能电竞Y7000P RTX5060/i9-14900HX/16G 1T,包装保护：京东快保护盒和联想保护盒，国补买的需要现场激活不递整外形外观：简直完美，从y美700 2009换到这台1画面品质：不错游戏效果：只打剑网三，守望先锋还不错其他不知道亚压他,0,否,5,16G,1T,UNK
2919,ruanmingyi,2025-12-20,超能电竞Y7000P RTX5070/i9-14900HX/16G 1T,是正品，京东商品值得购买，值得信赖，比实体店买的优惠，又有优惠券，性价比高，京东物流很快，京东小哥服务态度非常好，买的放在，用得开心。,0,该店铺购买≥2次,5,16G,1T,UNK
2920,梦自爱,2026-01-08,超能电竞R7000P RTX5060/R9 8940HX/16G 1T,物流速度太惊喜了??！隔天就到了,0,否,5,16G,1T,UNK
2921,jd_139085ghu,2026-01-27,超能电竞Y7000P RTX5060/i9-14900HX/16G 1T,运行速度很快，屏幕画质清晰，电脑性能很好，加上国补，性价比拉满,0,否,5,16G,1T,UNK
2922,u_oo4gyv2uh21p,2026-01-23,超能电竞Y7000P RTX5070/i9-14900HX/16G 1T,很酷的外观，运行速度快，魔兽世界运行很好不卡顿，画面非常清晰，散热也很好。非常推荐。,0,否,5,16G,1T,UNK
2923,jd_135542jpe,2026-01-18,超能电竞Y7000P RTX5060/i9-14900HX/16G 1T,外观挺好看的，试用了一下很不错，客服态度也很好，有问题咨询很快反馈,0,否,5,16G,1T,UNK
2924,jd_hi897nmmq3envq,2026-01-17,超能电竞Y7000P RTX5060/i9-14900HX/16G 1T,买的太值了，超级帅的电脑，不仅外观好看，帅气，画面品质也是一级棒，推荐，极力推荐！！！,0,否,5,16G,1T,UNK
2925,小狐同学,2026-01-25,超能电竞Y7000P RTX5070/i9-14900HX/16G 1T,已自己验机，新机器电源都非常新，特等奖。打三角洲非常流畅，感觉自己能单三，我真牛逼,0,该店铺购买≥2次,5,16G,1T,UNK
2926,jdvip198414,2026-01-27,超能电竞R7000P RTX5060/R9 8940HX/16G 1T,此用户未填写评价内容,0,否,5,16G,1T,UNK
2927,白***夜,2026-01-01,超能电竞Y7000P RTX5060/i9-14900HX/16G 1T,非常具有性价比的一款产品，AMD处理器性能也丝毫不逊色，显卡是RTX4060主流软件，都可以非常流畅的去运行，满功耗125瓦RTX4060，加上霜刃散热。外观也一直是我喜欢拯救者的原因，外观设计上非常的硬核，感觉十分具有安全感，原厂PCIE4.0的设计，速度也是搜搜的，还有拯救者的三种模式，可以通过FN+Q去切换模式,0,该店铺购买≥2次,5,16G,1T,UNK
2928,梦时依少年,2025-12-29,超能电竞Y7000P RTX5070/i9-14900HX/16G 1T,画质挺好的，运行也流畅很多,0,否,5,16G,1T,UNK
2929,已是只废喵了,2025-12-29,超能电竞Y7000P RTX5060/i7-14650HX/16G 1T,性能强悍超出预期，满血显卡搭配高刷屏，3A大作丝滑运行，视频渲染速度飞快。双风扇散热稳得很，长时间使用不烫手，电竞氛围直接拉满,0,否,5,16G,1T,UNK
2930,4***6,2026-01-26,超能电竞Y7000P RTX5060/i7-14650HX/16G 1T,还得是京东啊，安全下车。烤机温度测试屏幕都检测了，非常完美。,0,否,5,16G,1T,UNK
2931,学***啊,2026-01-13,超能电竞Y7000P RTX5060/i7-14650HX/16G 1T,和外星人有的媲美，外观不错，运行起来也很流畅，持续使用后期反馈跟进,0,否,5,16G,1T,UNK
2932,阳光灿烂的小锅锅,2026-01-17,超能电竞Y7000P RTX5070/i9-14900HX/16G 1T,这款拯救者不管是样式还是配置都没话说，我之前也是这款i7的用了很多年，还是非常好用的,0,否,5,16G,1T,UNK
2933,jd_53xecx911d9476,2025-12-19,超能电竞Y7000P RTX5060/i7-14650HX/16G 1T,卖家发货速度快，师傅送货也快，态度和蔼认真。包装严密，没有损坏。笔记本电脑机身外观大气，做工精良。到了就迫不及待下载了一些游戏。2.5K画质细腻，搭载U7-255HX-RTX5060玩游戏丝滑顺畅不卡顿，散热也很棒，除了玩大型游戏以外有风噪声其他时候很静音，非常满意!!,0,否,5,16G,1T,UNK
2934,r7krx9096t31o6,2026-01-15,超能电竞Y7000P RTX5060/i9-14900HX/16G 1T,是新机看着很不错。屏幕没有任何坏点，既有性能也很低调。我很喜欢之后再买些外设就好用了,0,否,5,16G,1T,UNK
2935,uyROhYETOqde,2026-01-27,超能电竞Y7000P RTX5060/i7-14650HX/16G 1T,电脑很好用，己经用上了，没有一点问题很流畅，非常好用的电脑，开机也快，很喜欢。,0,否,5,16G,1T,UNK
2936,0***6,2026-01-20,超能电竞Y7000P RTX5060/i7-14650HX/16G 1T,画面品质：画面很清晰，鲜明，非常可以，买来玩游戏的，还可以选均衡野兽，安静三种模式，安静是一点声音都没有，野兽就声音比较大了，不过不卡顿。第三次买联想的笔记本了，这次是最喜欢的，点赞,0,否,5,16G,1T,UNK
2937,jd_80c1t80qhwx9p9,2025-12-20,超能电竞Y7000P RTX5060/i7-14650HX/16G 1T,第一次在自营店买3C，非常开心的是全新正品，正式工作后除房租外最大的一笔消费了，虽然上班很累，还是决定忙里偷闲，所以有人大乱斗吗,1,否,5,16G,1T,UNK
2938,孫***梧,2026-01-24,超能电竞Y7000P RTX5060/i7-14650HX/16G 1T,这是买的第三个联想y系列了，十年的品牌陪伴，不断提高的性能，非常满意，推荐购买,0,否,5,16G,1T,UNK
2939,jd_t2z68qxa18le32,2026-01-18,超能电竞R7000P RTX5060/R9 8940HX/16G 1T,此用户未填写评价内容,0,否,5,16G,1T,UNK
2940,悠悠笙歌繁华落,2026-01-21,超能电竞Y7000P RTX5060/i7-14650HX/16G 1T,??运行速度超快，灯光效果炫酷到爆！???玩游戏全程流畅无卡顿，接口丰富够用～????快递包装严实，送货速度飞快，配送员服务贴心又专业！????五星好评必须给，体验感满分！??????????,0,该店铺购买≥2次,5,16G,1T,UNK
2941,非浪非浪,2026-01-16,超能电竞Y7000P RTX5060/i9-14900HX/16G 1T,包装保护：宝贝收到，一如既往的好，包装很到位，质量还不错，很喜欢，大品牌值得信赖,0,该店铺购买≥2次,5,16G,1T,UNK
2942,j***z,2026-01-07,超能电竞Y7000P RTX5070/i9-14900HX/16G 1T,?这款笔记本真的超乎期待！??散热快得让我惊喜，长时间使用也不烫手??。灯光效果很酷炫，打游戏时氛围感拉满??。运行速度飞快，多任务处理毫无压力?。整体体验非常流畅，值得推荐！????,0,该店铺购买≥2次,5,16G,1T,UNK
2943,u***v,2026-01-15,超能电竞Y7000P RTX5060/i9-14900HX/16G 1T,19年买的联想办公本，称着国补终于换成拯救者了，虽然没双十一便，宜也还是不错了。,0,否,5,16G,1T,UNK
2944,jd_125865702,2026-01-23,超能电竞Y7000P RTX5070/i9-14900HX/16G 1T,联想拯救者颜值质感双在线，开机秒进系统，运行流畅无卡顿，游戏办公都能轻松hold住。散热效果不错，长时间用也不烫手，屏幕清晰色彩正，键盘手感舒服。大品牌品控靠谱，性价比拉满。,0,该店铺购买≥2次,5,16G,1T,UNK
2945,jd_17vs039afw710c,2026-01-27,超能电竞Y7000P RTX5060/i7-14650HX/16G 1T,电脑好看外观可以质量不错但我游戏来也不卡大型三 a 游戏也带得动还得买这个,0,否,5,16G,1T,UNK
2946,f2903z1u5t1b4m,2026-01-08,超能电竞Y7000P RTX5060/i9-14900HX/16G 1T,送货迅速，机子可以，屏幕清晰，风扇噪音控制得当，散热好性价比高喜欢这个本很久了，终于收到心仪已久的电脑自后了，试用了一天忍不住来夸一夸!机身轻薄颜值高，玩3 A游戏不卡顿，风扇噪音控制得当，散热好性价比高,0,否,5,16G,1T,UNK
2947,圆***3,2025-12-21,超能电竞Y7000P RTX5070/i9-14900HX/16G 1T,特意用了好几天才回来评价，本来是因为旧电脑跑不动程序才换的，这款电脑确实是性能拉满，发烫也比以前好多了。联想拯救者Y7000P 2025性能强劲，i9-14900HX+RTX 5070畅玩3A、高效创作。16英寸高刷屏出色，散热好、扩展性佳??,1,否,5,16G,1T,UNK
2948,jd_135153viv,2026-01-18,超能电竞Y7000P RTX5060/i7-14650HX/16G 1T,产品高大上，果然钱花哪里哪里好。自带音响效果嘎嘎好，续航还可以，和其他差不多。还没打游戏，刚把软件下载好，发热不严重，不知道游戏的话发热咋样。京东自营物流速度超一流，昨晚下单，今天收到了。值得购买。,0,否,5,16G,1T,UNK
2949,三宝丰田,2026-01-04,超能电竞Y7000P RTX5070/i9-14900HX/16G 1T,笔记本颜值高，机身轻薄好携带，开机快、运行稳，办公追剧都流畅，续航也够用，领了国补后，这个价位很值！到手很惊喜，屏幕清晰色彩正，键盘敲击舒服，散热不错不发烫，日常用完全满足，推荐入手！,1,该店铺购买≥2次,5,16G,1T,UNK
2950,麦***童,2026-01-06,超能电竞Y7000P RTX5060/i7-14650HX/16G 1T,风扇没有声音，更新升级可能跟我家网络有关有点慢。整体感觉还不错,0,否,5,16G,1T,UNK
2951,l***v,2026-01-02,超能电竞Y7000P RTX5060/i9-14900HX/16G 1T,第二次买拯救者这个系列了，之前那台2019年买的已经跟不上需求，正好趁着元旦加国补换台新的。上午下单，下午就送到了。外形外观：高端大气有质感，太优雅了！运行速度：非常流畅！推荐购买,0,该店铺购买≥2次,5,16G,1T,UNK
2952,u_s37siziq3srz,2026-01-25,超能电竞Y7000P RTX5060/i9-14900HX/16G 1T,目前用着非常好用，性能比以前的好太多了，值得推荐的笔记本电脑，nice！,0,否,5,16G,1T,UNK
2953,u***6,2025-12-28,超能电竞Y7000P RTX5070/i9-14900HX/16G 1T,孩子一直要求买这款联想电脑很久了。收到货开机顺利，按照抖音上验证了是正品。显示屏清晰。外观设计喜欢。用了一段时间很顺手。大学几年应该够用。,0,否,5,16G,1T,UNK
2954,40o8u8e6jc36o7,2025-12-19,超能电竞Y7000P RTX5060/i7-14650HX/16G 1T,终于拿到了心心念念的笔记本，第一次买联想笔记本，这次屏幕升级到240Hz，打了打游戏，真的非常舒服，运行速度超级快，也是全新未使用的，完美下车,0,否,5,16G,1T,UNK
2955,290slg73bo4gnc,2025-12-26,超能电竞Y7000P RTX5060/i9-14900HX/16G 1T,拯救者到手很满意，外观简洁耐看，性能很强，日常办公、上网流畅，玩游戏帧率稳定不卡顿。散热表现不错，风扇噪音可接受，整体性价比高，值得入手。,0,否,5,16G,1T,UNK
2956,jd_135125fqj,2025-12-21,超能电竞Y7000P RTX5070/i9-14900HX/16G 1T,人生之中第一个属于自己的电脑，无论是黑色金属的触感，还是充满未来科技的设计，都很让我心动。挑了一个最符合我心意的配置，接下来的几年还请多多关照,0,该店铺购买≥2次,5,16G,1T,UNK
2957,jd_8p39c6a7akqi8x,2026-01-02,超能电竞Y7000P RTX5060/i7-14650HX/16G 1T,刚收到货已经验过机了，产品质量满意，质量好，运行也没什么问题。,0,否,5,16G,1T,UNK
2958,u_lfwpbgj5j1qr,2026-01-10,超能电竞Y7000P RTX5060/i9-14900HX/16G 1T,电脑收到了，很喜欢，操作很顺畅。包装保护：保护的很好，外形外观：外观好看，,0,否,5,16G,1T,UNK
2959,j***j,2025-12-26,超能电竞Y7000P RTX5070/i9-14900HX/16G 1T,孩子上大学给买的，孩子用非常的好，速度快，性价比高，双十一期间买的，有活动更划算，满意的一次购物，包装精致，发货快，买这种大物件还得京东。,0,否,5,16G,1T,UNK
2960,逆叛血影,2026-01-02,超能电竞Y7000P RTX5060/i7-14650HX/16G 1T,包装严实，送货也非常的快，小哥哥当场验货也很严谨，赞????,0,该店铺购买≥2次,5,16G,1T,UNK
2961,癫***橘,2026-01-08,超能电竞Y7000P RTX5070/i9-14900HX/16G 1T,看了好多品牌的，最后还是选择了这款，颜值真不错，设计的非常有质感，开机速度也更快，玩游戏的时候进图，响应速度都超一流，散热效果也很好，玩游戏发烫也不是很严重。非常喜欢，非常满意！,0,否,5,16G,1T,UNK
2962,jd_24ea0ay21wf55f,2026-01-06,超能电竞Y7000P RTX5060/i7-14650HX/16G 1T,外观漂亮，速度流畅不卡顿，长时间使用不发烫，打游戏非常流畅，价格实惠，性价比好,0,否,5,16G,1T,UNK
2963,甘耐都仲未发货,2026-01-08,超能电竞Y7000P RTX5060/i7-14650HX/16G 1T,第二天就到了，很大一台，外观简约，玩游戏很好，也不发烫。,0,否,5,16G,1T,UNK
2964,软***古,2025-12-25,超能电竞Y7000P RTX5060/i9-14900HX/16G 1T,散热感觉非常好就是风扇声音有点大。接口比20年的y7000p多不少。硬盘有两个插口，机子自身装了一个1t固态，可以自己在升级一个固态。包装保护：买来的时候包装非常精致，保护的很好外形外观：感觉25年的y7000p比20年的帅挺多的，金属质感也更重。画面品质：屏幕没得说，刷新率很高，色域也很广阔了。运行速度：还不错，就是win11开机感觉没有win10快了，但是不是大问题,0,该店铺购买≥2次,5,16G,1T,UNK
2965,j***e,2026-01-11,超能电竞Y7000P RTX5070/i9-14900HX/16G 1T,很满意的一次购物，很快就到了，电脑拿回来就验了机，是全新正品，双烤180w,0,否,5,16G,1T,UNK
2966,j***l,2025-09-09,超能电竞Y7000P RTX5060/i7-14650HX/16G 1T,产品设计太出色了，充满了创意和实用性。产品质量极佳，每一个部件都堪称完美。服务态度亲切友善，小礼物也很用心，非常棒！这次购物体验完美！商品性价比高，质量出色。物流高效，商家服务贴心，售后让人安心。产品设计太出色了，充满了创意和实用性。产品质量极佳，每一个部件都堪称完美。服务态度亲切友善，小礼物也很用心，非常棒！产品设计太出色了，充满了创意和实用性。产品质量极佳，每一个部件都堪称完美。服务态度亲切友善，小礼物也很用心，非常棒！产品设计太出色了，充满了创意和实用性。产品质量极佳，每一个部件都堪称完美,0,否,5,16G,1T,UNK
2967,简单大叔简单大叔,2025-12-16,超能电竞Y7000P RTX5060/i7-14650HX/16G 1T,物流配送速度出众，电脑外包装防护周全，有效避免运输途中的磕碰损坏。16 英寸大屏兼具 2.5K 高清分辨率与 240Hz 超高刷新率，搭配 100% DCI-P3 广色域和 500nits 高亮度，竞技游戏画面流畅无残影，专业调色工作也能实现色彩的精准呈现。,0,否,5,16G,1T,UNK
2968,利川渃霖,2026-01-04,超能电竞Y7000P RTX5060/i9-14900HX/16G 1T,笔记本里边的功能很实用这个笔记本儿外观漂亮，大气，很喜欢,0,该店铺购买≥2次,5,16G,1T,UNK
2969,jd_5f41b839d5517,2026-01-21,超能电竞Y7000P RTX5060/i9-14900HX/16G 1T,京东自营，一如既往的让人放心期箱子四角尖尖，电脑全新，启动相当快速，玩游戏效果比原来的2好60荣耀猎人本子0太多了！强烈推荐！如果质量能像联想一贯的优秀品质那就完美了！,0,该店铺购买≥2次,5,16G,1T,UNK
2970,jd_u7bat4515pvhmb,2026-01-24,超能电竞Y7000P RTX5060/i7-14650HX/16G 1T,选了好久的电脑，最后选了拯救者，电脑外观大气，好看，期待使用体验。,0,否,5,16G,1T,UNK
2971,x***V,2026-01-15,超能电竞Y7000P RTX5060/i9-14900HX/16G 1T,太帅了玩魔兽世界一点也不卡开10档特效拉满没有一点问题，国补买的很划算,0,否,5,16G,1T,UNK
2972,jd_sn43v6pgor49nv,2025-12-26,超能电竞Y7000P RTX5060/i7-14650HX/16G 1T,1.?这款笔记本颜值高、运行流畅，办公追剧都超给力，续航持久，性价比直接拉满2.?轻薄便携，开机启动快，屏幕色彩超赞，散热也给力，日常使用毫无压力3.?性能强劲，多任务处理不卡顿，键盘手感舒服，接口齐全，性价比真的很高,0,否,5,16G,1T,UNK
2973,j***y,2026-01-06,超能电竞Y7000P RTX5060/i7-14650HX/16G 1T,超能电竞Y7000P;RTX5060/i7-14.送货迅速，开机快，屏幕清晰，声音也不大喜欢很久了，真的很不错，屏幕分辦率高，清晰度超高，玩3A游戏不卡顿，风扇噪音控制得当，散热好性价比高。,0,该店铺购买≥2次,5,16G,1T,UNK
2974,y3n6a16sfo5naf,2026-01-25,超能电竞Y7000P RTX5060/i7-14650HX/16G 1T,包装保护得很好 外形也很漂亮 电脑很流畅 内存也大 很好推荐购买,0,否,5,16G,1T,UNK
2975,家居小温馨,2026-01-04,超能电竞Y7000P RTX5060/i7-14650HX/16G 1T,办公党闭眼入！机身轻薄不笨重，出差携带方便，开机几秒搞定，多任务同时运行也不卡顿，处理文档、做PPT效率直接拉满，续航够用一整天，散热稳定无噪音，质量靠谱，已经推荐给同事了！,0,否,5,16G,1T,UNK
2976,jd_k7798se2cnfgn8,2026-01-04,超能电竞Y7000P RTX5060/i7-14650HX/16G 1T,拯救者Y7000P不愧是口碑之选：性能强悍稳定，双烤测试成绩亮眼；散热系统高效，键盘区域温度控制得当；屏幕素质优秀，色彩和流畅度兼得；设计简约不浮夸，适合多种场合。性价比在同等配置中很有竞争力。,0,该店铺购买≥2次,5,16G,1T,UNK
2977,j***t,2026-01-16,超能电竞Y7000P RTX5060/i7-14650HX/16G 1T,速度快，颜值高，值得拥有，很满意的一次购物体验。,0,否,5,16G,1T,UNK
2978,原始De野性,2026-01-03,超能电竞Y7000P RTX5060/i9-14900HX/16G 1T,学生用应该够了，屏幕清晰，做工很整齐，其他的以后再说。,0,该店铺购买≥2次,5,16G,1T,UNK
2979,北梦Ad,2026-01-11,超能电竞Y7000P RTX5060/i7-14650HX/16G 1T,电脑使用体验很棒，首先显卡可以轻松切换独显，不用频繁关机，特别方便。其次，充电器设计得很轻便，使用起来很舒适。最后，狂暴模式的风声控制得很好，其实并不是很大，整体很满意。,0,否,5,16G,1T,UNK
2980,9***0,2026-01-27,超能电竞Y7000P RTX5060/i9-14900HX/16G 1T,入手这段时间办公游戏双拿捏，机身质感超棒，金属边框摸着很扎实，屏幕色彩清晰刷新率拉满，玩3A大作画面丝滑不卡顿，办公做图也贼流畅。散热效果超出预期，长时间运行机身也只是微热，键盘手感舒服，背光颜值也高。续航日常用够撑大半天，接口也齐全，连外设超方便。大品牌品控在线，性价比直接拉满。,0,该店铺购买≥2次,5,16G,1T,UNK
2981,鹿***贝,2025-12-21,超能电竞Y7000P RTX5070/i9-14900HX/16G 1T,包装保护：东西不错，还有优惠，可以放心省钱购买，不要犹豫了质量很好，完全对得起这个价格！购物体验很棒，商品物美价廉，质量优秀。物流迅速，商家服务贴心，售后无忧。非常好，宝贝很高大上，质量很好，看上去就给人一种高级感，价格也合适，这次网购很愉快，大赞??,0,否,5,16G,1T,UNK
2982,小小魏子,2026-01-22,超能电竞Y7000P RTX5070/i9-14900HX/16G 1T,新购入电脑，联想值得信赖；国补抢了3次才抽签命中；值得信赖的品牌,0,否,5,16G,1T,UNK
2983,jd135913yle,2026-01-01,超能电竞Y7000P RTX5070/i9-14900HX/16G 1T,效果不错运行流畅不卡顿散热很好，外形美观，美丽大方，评分不错！画面品质：画质清晰包装保护：靠谱外形外观：美观大方运行速度：流畅,0,该店铺购买≥2次,4,16G,1T,UNK
2984,很甜的糖糖儿,2026-01-16,超能电竞Y7000P RTX5060/i9-14900HX/16G 1T,电脑非常好，用起来舒服，买了个壳子因为外观容易有油渍溅上去，大家喜欢可以下手啦啦啦啦啦啦啦啦，电脑非常好，用起来舒服，买了个壳子因为外观容易有油渍溅上去，大家喜欢可以下手啦啦啦啦啦啦啦啦,0,否,5,16G,1T,UNK
2985,泪逝一念成觞,2026-01-07,超能电竞Y7000P RTX5060/i9-14900HX/16G 1T,心心念念了好久，终于到手了，外观很漂亮，联想电脑大品牌，还是很可靠的,0,否,5,16G,1T,UNK
2986,jd_z13h7cqad1p1y1,2026-01-23,超能电竞Y7000P RTX5070/i9-14900HX/16G 1T,收到电脑的第一天就全面验机完了，没有问题，就是没有抽到“一等奖”。另外，买联想的一个很重要的原因就是售后很不错，大家买了电脑后可以根据需要考虑要不要买延保，如果确定要用两年以上，购买延保会更合适。,0,否,5,16G,1T,UNK
2987,Zane小野,2026-01-25,超能电竞Y7000P RTX5060/i7-14650HX/16G 1T,体验超预期！3A游戏高画质运行流畅，办公剪辑多任务也不卡顿，2.5K高刷屏显示效果超赞。散热表现不错，高负载下机身不怎么烫，接口齐全够用，这个配置性价比很可以,0,该店铺购买≥2次,5,16G,1T,UNK
2988,jd_6th853hk9nl86l,2026-01-05,超能电竞Y7000P RTX5060/i9-14900HX/16G 1T,这款联想拯救者Y7000P游戏本性能很强劲，处理器和显卡搭配合理，运行大型游戏很流畅，散热效果也不错，屏幕色彩和刷新率对游戏体验提升明显，整体使用体验满意。由AI生成,0,该店铺购买≥2次,5,16G,1T,UNK
2989,s***o,2026-01-20,超能电竞Y7000P RTX5060/i9-14900HX/16G 1T,外包装完整，外观看上去还不错，很酷炫，有独显，还没开始使用。,0,否,5,16G,1T,UNK
2990,jb71406y5xf1i1,2026-01-15,超能电竞Y7000P RTX5060/i9-14900HX/16G 1T,拯救者Y7000p这款笔记本太合我心意了，无论是日常办公处理多任务，还是畅玩大型电竞游戏，性能都能轻松驾驭，屏幕的高刷新率让画面过渡超流畅，机身做工也很扎实，不愧是联想的爆款游戏本！,0,否,5,16G,1T,UNK
2991,9***b,2025-12-25,超能电竞R7000P RTX5060/R9 8940HX/16G 1T,电脑很好看，也很好用外形外观：一般好长时间永不发烫，玩游戏流昌,0,否,5,16G,1T,UNK
2992,hk7178m1w2axw7,2026-01-02,超能电竞Y7000P RTX5060/i7-14650HX/16G 1T,拯救者系列颜值高，性能好，售后也非常好，打游戏非常流畅，散热效果优良,0,该店铺购买≥2次,5,16G,1T,UNK
2993,26fo770jeio3it,2026-01-21,超能电竞Y7000P RTX5060/i9-14900HX/16G 1T,非常好的购物体验 电脑无暗病没瑕疵性价比高很流畅游戏效果好,0,否,5,16G,1T,UNK
2994,x***C,2026-01-25,超能电竞Y7000P RTX5060/i7-14650HX/16G 1T,1.?拯救者Y7000P性能拉满，2.5K高刷屏超丝滑，散热给力游戏办公两不误，金属机身质感超赞，满血显卡+强芯，高色域屏观感佳，性价比直接拉满！,0,否,5,16G,1T,UNK
2995,jd_137919uwx,2026-01-04,超能电竞Y7000P RTX5070/i9-14900HX/16G 1T,电脑已收到开机很快好用着很流畅，外观设计很大气，性能很好，值得购买,0,否,5,16G,1T,UNK
2996,j***E,2026-01-04,超能电竞Y7000P RTX5060/i9-14900HX/16G 1T,一直用联想笔记本，质量可靠，售后放心。这款电脑造型很酷，运行流畅。,0,否,5,16G,1T,UNK
2997,jd_848z71ogpemd0i,2026-01-24,超能电竞Y7000P RTX5060/i9-14900HX/16G 1T,电脑收到，外观酷炫，快递速度也很快，玩起游戏来流畅的飞起,0,否,5,16G,1T,UNK
2998,47k895mxrl62du,2025-12-20,超能电竞R7000P RTX5060/R9 8940HX/16G 1T,对比了好几家，还是官方店靠谱，正品保障，价格也香，果断五星好评。,0,否,5,16G,1T,UNK
2999,j***m,2025-12-25,超能电竞Y7000P RTX5060/i7-14650HX/16G 1T,这台电脑的性能彻底超出了我的预期！英特尔酷睿T7处理器搭配RTX显卡，无论是处理复杂的视频剪辑还是畅玩最新3A大作，都表现得游刃有余，风扇噪音控制得也很好。全金属机身设计简约又有质感，屏幕色彩鲜艳细腻，日常办公娱乐体验极佳,0,否,5,16G,1T,UNK
3000,袁杰浩帅哥,2026-01-24,超能电竞Y7000P RTX5060/i7-14650HX/16G 1T,电脑包装保护很好，外形外观高级，画面品质好，物流速度快,0,否,5,16G,1T,UNK
3001,32z28yn0v26p1z,2026-01-16,超能电竞Y7000P RTX5060/i9-14900HX/16G 1T,散热确实厉害。长时间游戏键盘区域只是温温的，风扇声音也比想象中安静。性能强劲多任务流畅不卡顿，2.5K240Hz屏幕色彩鲜艳细腻，散热高效噪音小。游戏玩家和设计工作者的全能利器!,0,否,5,16G,1T,UNK
3002,U-night,2026-01-18,超能电竞Y7000P RTX5060/i9-14900HX/16G 1T,电脑很不错，运行很快，老公很喜欢，打游戏很流畅，不错不错,0,该店铺购买≥2次,5,16G,1T,UNK
3003,jd182016ldm,2026-01-09,超能电竞Y7000P RTX5060/i7-14650HX/16G 1T,官方正品 品牌保证 全新机 联想仓库直发 十分流畅非常喜欢！,1,否,5,16G,1T,UNK
3004,u***s,2026-01-20,超能电竞Y7000P RTX5060/i9-14900HX/16G 1T,很不错的一台笔记本，等了很久还是下单了，综合实力较强。,0,否,5,16G,1T,UNK
3005,j***s,2026-01-24,超能电竞Y7000P RTX5060/i9-14900HX/16G 1T,接口很多，外观也可以，包装保护很好，使用手感也不错。,0,该店铺购买≥2次,5,16G,1T,UNK
3006,l***j,2025-12-15,超能电竞Y7000P RTX5060/i9-14900HX/16G 1T,国补参加后这个价格拿下非常香了有没有，家人们，咱就是说，你懂么？这个价格这个配置，这的颜值，这个手感，你就说值不值就完了！！,0,否,5,16G,1T,UNK
3007,jd_186409spk,2026-01-07,超能电竞Y7000P RTX5060/i9-14900HX/16G 1T,宝贝收到，期盼已久，暂时没开机，等开机再看看，有国补的确合适,0,否,5,16G,1T,UNK
3008,u_b5lfmoaphkxk,2026-01-27,超能电竞Y7000P RTX5060/i9-14900HX/16G 1T,快递到货，包装严实完好，当天下单当天送达。拆封儿开机，验机顺利，品质有保障。新机运行速度流畅，游戏体验不错。初步使用体验很满意，期待后续长期使用的表现,0,该店铺购买≥2次,5,16G,1T,UNK
3009,jd_4zem48bhycbf51,2025-12-24,超能电竞R7000P RTX5060/R9 8940HX/16G 1T,期待好久了终于到手了质感很好也不算很重,0,该店铺购买≥2次,5,16G,1T,UNK
3010,楌楌妈,2026-01-05,超能电竞Y7000P RTX5060/i7-14650HX/16G 1T,Y7000P屏幕色彩鲜艳，观感舒适，键盘手感好，还自带酷炫的键盘灯。14代i7搭配5060显卡，整体性能强劲，散热出色，适合大型游戏和NX、Ansys等专业软件,0,否,5,16G,1T,UNK
